assetId,filename,family,subjectId,subjectTitle,simpleVisualDescription,aspectRatio,batchId,batchIndexWithinFamily,batchAssetCount,simpleCommand
VIS-CIV-T00-HERO,VIS-CIV-T00-HERO.webp,TIMELINE_ANCHOR,T00,定居以前与定居阈值,表现“定居以前与定居阈值”的时代主场景：代表性聚落、城市、制度、交通、贸易或技术；无文字，留叠字空间。,16:09,CIV-VIS-B01,1,10,继续 TIMELINE_ANCHOR 第一批 10 张
VIS-CIV-T01-HERO,VIS-CIV-T01-HERO.webp,TIMELINE_ANCHOR,T01,城市阈值,表现“城市阈值”的时代主场景：代表性聚落、城市、制度、交通、贸易或技术；无文字，留叠字空间。,16:09,CIV-VIS-B01,1,10,继续 TIMELINE_ANCHOR 第一批 10 张
VIS-CIV-T02-HERO,VIS-CIV-T02-HERO.webp,TIMELINE_ANCHOR,T02,第一代文明 Runtime,表现“第一代文明 Runtime”的时代主场景：代表性聚落、城市、制度、交通、贸易或技术；无文字，留叠字空间。,16:09,CIV-VIS-B01,1,10,继续 TIMELINE_ANCHOR 第一批 10 张
VIS-CIV-T03-HERO,VIS-CIV-T03-HERO.webp,TIMELINE_ANCHOR,T03,青铜时代国际体系,表现“青铜时代国际体系”的时代主场景：代表性聚落、城市、制度、交通、贸易或技术；无文字，留叠字空间。,16:09,CIV-VIS-B01,1,10,继续 TIMELINE_ANCHOR 第一批 10 张
VIS-CIV-T04-HERO,VIS-CIV-T04-HERO.webp,TIMELINE_ANCHOR,T04,青铜时代崩解与铁器重组,表现“青铜时代崩解与铁器重组”的时代主场景：代表性聚落、城市、制度、交通、贸易或技术；无文字，留叠字空间。,16:09,CIV-VIS-B01,1,10,继续 TIMELINE_ANCHOR 第一批 10 张
VIS-CIV-T05-HERO,VIS-CIV-T05-HERO.webp,TIMELINE_ANCHOR,T05,古典思想与帝国形成,表现“古典思想与帝国形成”的时代主场景：代表性聚落、城市、制度、交通、贸易或技术；无文字，留叠字空间。,16:09,CIV-VIS-B01,1,10,继续 TIMELINE_ANCHOR 第一批 10 张
VIS-CIV-T06-HERO,VIS-CIV-T06-HERO.webp,TIMELINE_ANCHOR,T06,第一代大陆帝国,表现“第一代大陆帝国”的时代主场景：代表性聚落、城市、制度、交通、贸易或技术；无文字，留叠字空间。,16:09,CIV-VIS-B01,1,10,继续 TIMELINE_ANCHOR 第一批 10 张
VIS-CIV-T07-HERO,VIS-CIV-T07-HERO.webp,TIMELINE_ANCHOR,T07,古典体系转型,表现“古典体系转型”的时代主场景：代表性聚落、城市、制度、交通、贸易或技术；无文字，留叠字空间。,16:09,CIV-VIS-B01,1,10,继续 TIMELINE_ANCHOR 第一批 10 张
VIS-CIV-T08-HERO,VIS-CIV-T08-HERO.webp,TIMELINE_ANCHOR,T08,超政治文明形成,表现“超政治文明形成”的时代主场景：代表性聚落、城市、制度、交通、贸易或技术；无文字，留叠字空间。,16:09,CIV-VIS-B01,1,10,继续 TIMELINE_ANCHOR 第一批 10 张
VIS-CIV-T09-HERO,VIS-CIV-T09-HERO.webp,TIMELINE_ANCHOR,T09,商业密度时代,表现“商业密度时代”的时代主场景：代表性聚落、城市、制度、交通、贸易或技术；无文字，留叠字空间。,16:09,CIV-VIS-B01,1,10,继续 TIMELINE_ANCHOR 第一批 10 张
VIS-CIV-T10-HERO,VIS-CIV-T10-HERO.webp,TIMELINE_ANCHOR,T10,蒙古时代与欧亚高耦合,表现“蒙古时代与欧亚高耦合”的时代主场景：代表性聚落、城市、制度、交通、贸易或技术；无文字，留叠字空间。,16:09,CIV-VIS-B02,2,10,继续 TIMELINE_ANCHOR 第二批 10 张
VIS-CIV-T11-HERO,VIS-CIV-T11-HERO.webp,TIMELINE_ANCHOR,T11,海洋阈值,表现“海洋阈值”的时代主场景：代表性聚落、城市、制度、交通、贸易或技术；无文字，留叠字空间。,16:09,CIV-VIS-B02,2,10,继续 TIMELINE_ANCHOR 第二批 10 张
VIS-CIV-T12-HERO,VIS-CIV-T12-HERO.webp,TIMELINE_ANCHOR,T12,第一代全球 Runtime,表现“第一代全球 Runtime”的时代主场景：代表性聚落、城市、制度、交通、贸易或技术；无文字，留叠字空间。,16:09,CIV-VIS-B02,2,10,继续 TIMELINE_ANCHOR 第二批 10 张
VIS-CIV-T13-HERO,VIS-CIV-T13-HERO.webp,TIMELINE_ANCHOR,T13,工业阈值,表现“工业阈值”的时代主场景：代表性聚落、城市、制度、交通、贸易或技术；无文字，留叠字空间。,16:09,CIV-VIS-B02,2,10,继续 TIMELINE_ANCHOR 第二批 10 张
VIS-CIV-T14-HERO,VIS-CIV-T14-HERO.webp,TIMELINE_ANCHOR,T14,工业分化,表现“工业分化”的时代主场景：代表性聚落、城市、制度、交通、贸易或技术；无文字，留叠字空间。,16:09,CIV-VIS-B02,2,10,继续 TIMELINE_ANCHOR 第二批 10 张
VIS-CIV-T15-HERO,VIS-CIV-T15-HERO.webp,TIMELINE_ANCHOR,T15,总体战争与重构,表现“总体战争与重构”的时代主场景：代表性聚落、城市、制度、交通、贸易或技术；无文字，留叠字空间。,16:09,CIV-VIS-B02,2,10,继续 TIMELINE_ANCHOR 第二批 10 张
VIS-CIV-T16-HERO,VIS-CIV-T16-HERO.webp,TIMELINE_ANCHOR,T16,战后多种现代性,表现“战后多种现代性”的时代主场景：代表性聚落、城市、制度、交通、贸易或技术；无文字，留叠字空间。,16:09,CIV-VIS-B02,2,10,继续 TIMELINE_ANCHOR 第二批 10 张
VIS-CIV-T17-HERO,VIS-CIV-T17-HERO.webp,TIMELINE_ANCHOR,T17,全球化与数字连接,表现“全球化与数字连接”的时代主场景：代表性聚落、城市、制度、交通、贸易或技术；无文字，留叠字空间。,16:09,CIV-VIS-B02,2,10,继续 TIMELINE_ANCHOR 第二批 10 张
VIS-CIV-T18-HERO,VIS-CIV-T18-HERO.webp,TIMELINE_ANCHOR,T18,平台与高耦合世界,表现“平台与高耦合世界”的时代主场景：代表性聚落、城市、制度、交通、贸易或技术；无文字，留叠字空间。,16:09,CIV-VIS-B02,2,10,继续 TIMELINE_ANCHOR 第二批 10 张
VIS-CIV-T19-HERO,VIS-CIV-T19-HERO.webp,TIMELINE_ANCHOR,T19,开放历史窗口,表现“开放历史窗口”的时代主场景：代表性聚落、城市、制度、交通、贸易或技术；无文字，留叠字空间。,16:09,CIV-VIS-B02,2,10,继续 TIMELINE_ANCHOR 第二批 10 张
VIS-CIV-CA-T00-01-HERO,VIS-CIV-CA-T00-01-HERO.webp,CASE_HERO,CA-T00-01,纳图夫聚落,表现“纳图夫聚落”（Levant）最有辨识度的城市、建筑、公共空间、港口/道路或政治宗教中心；时代准确，无文字。,4:03,CIV-VIS-B03,1,10,继续 CASE_HERO 第一批 10 张
VIS-CIV-CA-T00-02-HERO,VIS-CIV-CA-T00-02-HERO.webp,CASE_HERO,CA-T00-02,杰里科早期聚落,表现“杰里科早期聚落”（Levant）最有辨识度的城市、建筑、公共空间、港口/道路或政治宗教中心；时代准确，无文字。,4:03,CIV-VIS-B03,1,10,继续 CASE_HERO 第一批 10 张
VIS-CIV-CA-T00-03-HERO,VIS-CIV-CA-T00-03-HERO.webp,CASE_HERO,CA-T00-03,绳文群体,表现“绳文群体”（Japanese archipelago）最有辨识度的城市、建筑、公共空间、港口/道路或政治宗教中心；时代准确，无文字。,4:03,CIV-VIS-B03,1,10,继续 CASE_HERO 第一批 10 张
VIS-CIV-CA-T00-04-HERO,VIS-CIV-CA-T00-04-HERO.webp,CASE_HERO,CA-T00-04,长江早期栽培群体,表现“长江早期栽培群体”（Yangtze basin）最有辨识度的城市、建筑、公共空间、港口/道路或政治宗教中心；时代准确，无文字。,4:03,CIV-VIS-B03,1,10,继续 CASE_HERO 第一批 10 张
VIS-CIV-CA-T00-05-HERO,VIS-CIV-CA-T00-05-HERO.webp,CASE_HERO,CA-T00-05,撒哈拉牧业转型,表现“撒哈拉牧业转型”（Sahara）最有辨识度的城市、建筑、公共空间、港口/道路或政治宗教中心；时代准确，无文字。,4:03,CIV-VIS-B03,1,10,继续 CASE_HERO 第一批 10 张
VIS-CIV-CA-T00-06-HERO,VIS-CIV-CA-T00-06-HERO.webp,CASE_HERO,CA-T00-06,新几内亚高地栽培,表现“新几内亚高地栽培”（New Guinea highlands）最有辨识度的城市、建筑、公共空间、港口/道路或政治宗教中心；时代准确，无文字。,4:03,CIV-VIS-B03,1,10,继续 CASE_HERO 第一批 10 张
VIS-CIV-CA-T01-01-HERO,VIS-CIV-CA-T01-01-HERO.webp,CASE_HERO,CA-T01-01,恰塔霍裕克,表现“恰塔霍裕克”（Anatolia）最有辨识度的城市、建筑、公共空间、港口/道路或政治宗教中心；时代准确，无文字。,4:03,CIV-VIS-B03,1,10,继续 CASE_HERO 第一批 10 张
VIS-CIV-CA-T01-02-HERO,VIS-CIV-CA-T01-02-HERO.webp,CASE_HERO,CA-T01-02,欧贝德两河社会,表现“欧贝德两河社会”（Mesopotamia）最有辨识度的城市、建筑、公共空间、港口/道路或政治宗教中心；时代准确，无文字。,4:03,CIV-VIS-B03,1,10,继续 CASE_HERO 第一批 10 张
VIS-CIV-CA-T01-03-HERO,VIS-CIV-CA-T01-03-HERO.webp,CASE_HERO,CA-T01-03,仰韶社会,表现“仰韶社会”（Yellow River basin）最有辨识度的城市、建筑、公共空间、港口/道路或政治宗教中心；时代准确，无文字。,4:03,CIV-VIS-B03,1,10,继续 CASE_HERO 第一批 10 张
VIS-CIV-CA-T01-04-HERO,VIS-CIV-CA-T01-04-HERO.webp,CASE_HERO,CA-T01-04,梅赫尔格尔,表现“梅赫尔格尔”（Indus borderlands）最有辨识度的城市、建筑、公共空间、港口/道路或政治宗教中心；时代准确，无文字。,4:03,CIV-VIS-B03,1,10,继续 CASE_HERO 第一批 10 张
VIS-CIV-CA-T01-05-HERO,VIS-CIV-CA-T01-05-HERO.webp,CASE_HERO,CA-T01-05,库库泰尼—特里波利耶,表现“库库泰尼—特里波利耶”（Eastern Europe）最有辨识度的城市、建筑、公共空间、港口/道路或政治宗教中心；时代准确，无文字。,4:03,CIV-VIS-B04,2,10,继续 CASE_HERO 第二批 10 张
VIS-CIV-CA-T01-06-HERO,VIS-CIV-CA-T01-06-HERO.webp,CASE_HERO,CA-T01-06,北奇科前城市形成,表现“北奇科前城市形成”（Peruvian coast）最有辨识度的城市、建筑、公共空间、港口/道路或政治宗教中心；时代准确，无文字。,4:03,CIV-VIS-B04,2,10,继续 CASE_HERO 第二批 10 张
VIS-CIV-CA-T02-01-HERO,VIS-CIV-CA-T02-01-HERO.webp,CASE_HERO,CA-T02-01,苏美尔城市国家,表现“苏美尔城市国家”（Southern Mesopotamia）最有辨识度的城市、建筑、公共空间、港口/道路或政治宗教中心；时代准确，无文字。,4:03,CIV-VIS-B04,2,10,继续 CASE_HERO 第二批 10 张
VIS-CIV-CA-T02-02-HERO,VIS-CIV-CA-T02-02-HERO.webp,CASE_HERO,CA-T02-02,早王朝两河,表现“早王朝两河”（Mesopotamia）最有辨识度的城市、建筑、公共空间、港口/道路或政治宗教中心；时代准确，无文字。,4:03,CIV-VIS-B04,2,10,继续 CASE_HERO 第二批 10 张
VIS-CIV-CA-T02-03-HERO,VIS-CIV-CA-T02-03-HERO.webp,CASE_HERO,CA-T02-03,古王国埃及,表现“古王国埃及”（Nile Valley）最有辨识度的城市、建筑、公共空间、港口/道路或政治宗教中心；时代准确，无文字。,4:03,CIV-VIS-B04,2,10,继续 CASE_HERO 第二批 10 张
VIS-CIV-CA-T02-04-HERO,VIS-CIV-CA-T02-04-HERO.webp,CASE_HERO,CA-T02-04,印度河城市文明,表现“印度河城市文明”（Indus basin）最有辨识度的城市、建筑、公共空间、港口/道路或政治宗教中心；时代准确，无文字。,4:03,CIV-VIS-B04,2,10,继续 CASE_HERO 第二批 10 张
VIS-CIV-CA-T02-05-HERO,VIS-CIV-CA-T02-05-HERO.webp,CASE_HERO,CA-T02-05,卡拉尔—苏佩,表现“卡拉尔—苏佩”（Central Andean coast）最有辨识度的城市、建筑、公共空间、港口/道路或政治宗教中心；时代准确，无文字。,4:03,CIV-VIS-B04,2,10,继续 CASE_HERO 第二批 10 张
VIS-CIV-CA-T02-06-HERO,VIS-CIV-CA-T02-06-HERO.webp,CASE_HERO,CA-T02-06,龙山网络,表现“龙山网络”（Yellow River and eastern China）最有辨识度的城市、建筑、公共空间、港口/道路或政治宗教中心；时代准确，无文字。,4:03,CIV-VIS-B04,2,10,继续 CASE_HERO 第二批 10 张
VIS-CIV-CA-T03-01-HERO,VIS-CIV-CA-T03-01-HERO.webp,CASE_HERO,CA-T03-01,中王国埃及,表现“中王国埃及”（Nile Valley）最有辨识度的城市、建筑、公共空间、港口/道路或政治宗教中心；时代准确，无文字。,4:03,CIV-VIS-B04,2,10,继续 CASE_HERO 第二批 10 张
VIS-CIV-CA-T03-02-HERO,VIS-CIV-CA-T03-02-HERO.webp,CASE_HERO,CA-T03-02,古巴比伦两河,表现“古巴比伦两河”（Mesopotamia）最有辨识度的城市、建筑、公共空间、港口/道路或政治宗教中心；时代准确，无文字。,4:03,CIV-VIS-B04,2,10,继续 CASE_HERO 第二批 10 张
VIS-CIV-CA-T03-03-HERO,VIS-CIV-CA-T03-03-HERO.webp,CASE_HERO,CA-T03-03,米诺斯克里特,表现“米诺斯克里特”（Aegean）最有辨识度的城市、建筑、公共空间、港口/道路或政治宗教中心；时代准确，无文字。,4:03,CIV-VIS-B05,3,10,继续 CASE_HERO 第三批 10 张
VIS-CIV-CA-T03-04-HERO,VIS-CIV-CA-T03-04-HERO.webp,CASE_HERO,CA-T03-04,商文明,表现“商文明”（Yellow River basin）最有辨识度的城市、建筑、公共空间、港口/道路或政治宗教中心；时代准确，无文字。,4:03,CIV-VIS-B05,3,10,继续 CASE_HERO 第三批 10 张
VIS-CIV-CA-T03-05-HERO,VIS-CIV-CA-T03-05-HERO.webp,CASE_HERO,CA-T03-05,赫梯王国,表现“赫梯王国”（Anatolia）最有辨识度的城市、建筑、公共空间、港口/道路或政治宗教中心；时代准确，无文字。,4:03,CIV-VIS-B05,3,10,继续 CASE_HERO 第三批 10 张
VIS-CIV-CA-T03-06-HERO,VIS-CIV-CA-T03-06-HERO.webp,CASE_HERO,CA-T03-06,迈锡尼希腊,表现“迈锡尼希腊”（Aegean）最有辨识度的城市、建筑、公共空间、港口/道路或政治宗教中心；时代准确，无文字。,4:03,CIV-VIS-B05,3,10,继续 CASE_HERO 第三批 10 张
VIS-CIV-CA-T04-01-HERO,VIS-CIV-CA-T04-01-HERO.webp,CASE_HERO,CA-T04-01,新亚述形成,表现“新亚述形成”（Mesopotamia and Levant）最有辨识度的城市、建筑、公共空间、港口/道路或政治宗教中心；时代准确，无文字。,4:03,CIV-VIS-B05,3,10,继续 CASE_HERO 第三批 10 张
VIS-CIV-CA-T04-02-HERO,VIS-CIV-CA-T04-02-HERO.webp,CASE_HERO,CA-T04-02,腓尼基海洋城市,表现“腓尼基海洋城市”（Eastern Mediterranean）最有辨识度的城市、建筑、公共空间、港口/道路或政治宗教中心；时代准确，无文字。,4:03,CIV-VIS-B05,3,10,继续 CASE_HERO 第三批 10 张
VIS-CIV-CA-T04-03-HERO,VIS-CIV-CA-T04-03-HERO.webp,CASE_HERO,CA-T04-03,周文明,表现“周文明”（North China）最有辨识度的城市、建筑、公共空间、港口/道路或政治宗教中心；时代准确，无文字。,4:03,CIV-VIS-B05,3,10,继续 CASE_HERO 第三批 10 张
VIS-CIV-CA-T04-04-HERO,VIS-CIV-CA-T04-04-HERO.webp,CASE_HERO,CA-T04-04,吠陀政治体,表现“吠陀政治体”（North India）最有辨识度的城市、建筑、公共空间、港口/道路或政治宗教中心；时代准确，无文字。,4:03,CIV-VIS-B05,3,10,继续 CASE_HERO 第三批 10 张
VIS-CIV-CA-T04-05-HERO,VIS-CIV-CA-T04-05-HERO.webp,CASE_HERO,CA-T04-05,奥尔梅克中心,表现“奥尔梅克中心”（Mesoamerica）最有辨识度的城市、建筑、公共空间、港口/道路或政治宗教中心；时代准确，无文字。,4:03,CIV-VIS-B05,3,10,继续 CASE_HERO 第三批 10 张
VIS-CIV-CA-T04-06-HERO,VIS-CIV-CA-T04-06-HERO.webp,CASE_HERO,CA-T04-06,库施形成,表现“库施形成”（Upper Nile）最有辨识度的城市、建筑、公共空间、港口/道路或政治宗教中心；时代准确，无文字。,4:03,CIV-VIS-B05,3,10,继续 CASE_HERO 第三批 10 张
VIS-CIV-CA-T05-01-HERO,VIS-CIV-CA-T05-01-HERO.webp,CASE_HERO,CA-T05-01,阿契美尼德波斯,表现“阿契美尼德波斯”（West Asia to Central Asia）最有辨识度的城市、建筑、公共空间、港口/道路或政治宗教中心；时代准确，无文字。,4:03,CIV-VIS-B06,4,10,继续 CASE_HERO 第四批 10 张
VIS-CIV-CA-T05-02-HERO,VIS-CIV-CA-T05-02-HERO.webp,CASE_HERO,CA-T05-02,古典希腊城邦,表现“古典希腊城邦”（Aegean and eastern Mediterranean）最有辨识度的城市、建筑、公共空间、港口/道路或政治宗教中心；时代准确，无文字。,4:03,CIV-VIS-B06,4,10,继续 CASE_HERO 第四批 10 张
VIS-CIV-CA-T05-03-HERO,VIS-CIV-CA-T05-03-HERO.webp,CASE_HERO,CA-T05-03,摩揭陀与早期孔雀形成,表现“摩揭陀与早期孔雀形成”（Ganges basin）最有辨识度的城市、建筑、公共空间、港口/道路或政治宗教中心；时代准确，无文字。,4:03,CIV-VIS-B06,4,10,继续 CASE_HERO 第四批 10 张
VIS-CIV-CA-T05-04-HERO,VIS-CIV-CA-T05-04-HERO.webp,CASE_HERO,CA-T05-04,战国中国,表现“战国中国”（East Asia）最有辨识度的城市、建筑、公共空间、港口/道路或政治宗教中心；时代准确，无文字。,4:03,CIV-VIS-B06,4,10,继续 CASE_HERO 第四批 10 张
VIS-CIV-CA-T05-05-HERO,VIS-CIV-CA-T05-05-HERO.webp,CASE_HERO,CA-T05-05,迦太基海洋体系,表现“迦太基海洋体系”（Western Mediterranean）最有辨识度的城市、建筑、公共空间、港口/道路或政治宗教中心；时代准确，无文字。,4:03,CIV-VIS-B06,4,10,继续 CASE_HERO 第四批 10 张
VIS-CIV-CA-T05-06-HERO,VIS-CIV-CA-T05-06-HERO.webp,CASE_HERO,CA-T05-06,萨波特克蒙特阿尔班,表现“萨波特克蒙特阿尔班”（Oaxaca）最有辨识度的城市、建筑、公共空间、港口/道路或政治宗教中心；时代准确，无文字。,4:03,CIV-VIS-B06,4,10,继续 CASE_HERO 第四批 10 张
VIS-CIV-CA-T06-01-HERO,VIS-CIV-CA-T06-01-HERO.webp,CASE_HERO,CA-T06-01,汉帝国,表现“汉帝国”（East Asia）最有辨识度的城市、建筑、公共空间、港口/道路或政治宗教中心；时代准确，无文字。,4:03,CIV-VIS-B06,4,10,继续 CASE_HERO 第四批 10 张
VIS-CIV-CA-T06-02-HERO,VIS-CIV-CA-T06-02-HERO.webp,CASE_HERO,CA-T06-02,罗马帝国,表现“罗马帝国”（Mediterranean world）最有辨识度的城市、建筑、公共空间、港口/道路或政治宗教中心；时代准确，无文字。,4:03,CIV-VIS-B06,4,10,继续 CASE_HERO 第四批 10 张
VIS-CIV-CA-T06-03-HERO,VIS-CIV-CA-T06-03-HERO.webp,CASE_HERO,CA-T06-03,孔雀帝国,表现“孔雀帝国”（South Asia）最有辨识度的城市、建筑、公共空间、港口/道路或政治宗教中心；时代准确，无文字。,4:03,CIV-VIS-B06,4,10,继续 CASE_HERO 第四批 10 张
VIS-CIV-CA-T06-04-HERO,VIS-CIV-CA-T06-04-HERO.webp,CASE_HERO,CA-T06-04,安息伊朗,表现“安息伊朗”（Iran and Mesopotamia）最有辨识度的城市、建筑、公共空间、港口/道路或政治宗教中心；时代准确，无文字。,4:03,CIV-VIS-B06,4,10,继续 CASE_HERO 第四批 10 张
VIS-CIV-CA-T06-05-HERO,VIS-CIV-CA-T06-05-HERO.webp,CASE_HERO,CA-T06-05,贵霜帝国,表现“贵霜帝国”（Central and South Asia）最有辨识度的城市、建筑、公共空间、港口/道路或政治宗教中心；时代准确，无文字。,4:03,CIV-VIS-B07,5,10,继续 CASE_HERO 第五批 10 张
VIS-CIV-CA-T06-06-HERO,VIS-CIV-CA-T06-06-HERO.webp,CASE_HERO,CA-T06-06,特奥蒂瓦坎,表现“特奥蒂瓦坎”（Central Mexico）最有辨识度的城市、建筑、公共空间、港口/道路或政治宗教中心；时代准确，无文字。,4:03,CIV-VIS-B07,5,10,继续 CASE_HERO 第五批 10 张
VIS-CIV-CA-T07-01-HERO,VIS-CIV-CA-T07-01-HERO.webp,CASE_HERO,CA-T07-01,古典玛雅城市,表现“古典玛雅城市”（中美洲）最有辨识度的城市、建筑、公共空间、港口/道路或政治宗教中心；时代准确，无文字。,4:03,CIV-VIS-B07,5,10,继续 CASE_HERO 第五批 10 张
VIS-CIV-CA-T07-02-HERO,VIS-CIV-CA-T07-02-HERO.webp,CASE_HERO,CA-T07-02,早期拜占庭,表现“早期拜占庭”（Eastern Mediterranean）最有辨识度的城市、建筑、公共空间、港口/道路或政治宗教中心；时代准确，无文字。,4:03,CIV-VIS-B07,5,10,继续 CASE_HERO 第五批 10 张
VIS-CIV-CA-T07-03-HERO,VIS-CIV-CA-T07-03-HERO.webp,CASE_HERO,CA-T07-03,萨珊伊朗,表现“萨珊伊朗”（Iran and Mesopotamia）最有辨识度的城市、建筑、公共空间、港口/道路或政治宗教中心；时代准确，无文字。,4:03,CIV-VIS-B07,5,10,继续 CASE_HERO 第五批 10 张
VIS-CIV-CA-T07-04-HERO,VIS-CIV-CA-T07-04-HERO.webp,CASE_HERO,CA-T07-04,南北朝中国,表现“南北朝中国”（China）最有辨识度的城市、建筑、公共空间、港口/道路或政治宗教中心；时代准确，无文字。,4:03,CIV-VIS-B07,5,10,继续 CASE_HERO 第五批 10 张
VIS-CIV-CA-T07-05-HERO,VIS-CIV-CA-T07-05-HERO.webp,CASE_HERO,CA-T07-05,笈多及后笈多南亚,表现“笈多及后笈多南亚”（南亚）最有辨识度的城市、建筑、公共空间、港口/道路或政治宗教中心；时代准确，无文字。,4:03,CIV-VIS-B07,5,10,继续 CASE_HERO 第五批 10 张
VIS-CIV-CA-T07-06-HERO,VIS-CIV-CA-T07-06-HERO.webp,CASE_HERO,CA-T07-06,阿克苏姆,表现“阿克苏姆”（Horn of Africa）最有辨识度的城市、建筑、公共空间、港口/道路或政治宗教中心；时代准确，无文字。,4:03,CIV-VIS-B07,5,10,继续 CASE_HERO 第五批 10 张
VIS-CIV-CA-T08-01-HERO,VIS-CIV-CA-T08-01-HERO.webp,CASE_HERO,CA-T08-01,唐代帝国—都市网络,表现“唐代帝国—都市网络”（East Asia）最有辨识度的城市、建筑、公共空间、港口/道路或政治宗教中心；时代准确，无文字。,4:03,CIV-VIS-B07,5,10,继续 CASE_HERO 第五批 10 张
VIS-CIV-CA-T08-02-HERO,VIS-CIV-CA-T08-02-HERO.webp,CASE_HERO,CA-T08-02,倭马亚哈里发,表现“倭马亚哈里发”（West Asia to Iberia）最有辨识度的城市、建筑、公共空间、港口/道路或政治宗教中心；时代准确，无文字。,4:03,CIV-VIS-B07,5,10,继续 CASE_HERO 第五批 10 张
VIS-CIV-CA-T08-03-HERO,VIS-CIV-CA-T08-03-HERO.webp,CASE_HERO,CA-T08-03,加洛林欧洲,表现“加洛林欧洲”（Western Europe）最有辨识度的城市、建筑、公共空间、港口/道路或政治宗教中心；时代准确，无文字。,4:03,CIV-VIS-B08,6,10,继续 CASE_HERO 第六批 10 张
VIS-CIV-CA-T08-04-HERO,VIS-CIV-CA-T08-04-HERO.webp,CASE_HERO,CA-T08-04,室利佛逝,表现“室利佛逝”（Maritime Southeast Asia）最有辨识度的城市、建筑、公共空间、港口/道路或政治宗教中心；时代准确，无文字。,4:03,CIV-VIS-B08,6,10,继续 CASE_HERO 第六批 10 张
VIS-CIV-CA-T08-05-HERO,VIS-CIV-CA-T08-05-HERO.webp,CASE_HERO,CA-T08-05,奈良—平安日本,表现“奈良—平安日本”（Japanese archipelago）最有辨识度的城市、建筑、公共空间、港口/道路或政治宗教中心；时代准确，无文字。,4:03,CIV-VIS-B08,6,10,继续 CASE_HERO 第六批 10 张
VIS-CIV-CA-T08-06-HERO,VIS-CIV-CA-T08-06-HERO.webp,CASE_HERO,CA-T08-06,阿拔斯哈里发,表现“阿拔斯哈里发”（West Asia and connected Islamic world）最有辨识度的城市、建筑、公共空间、港口/道路或政治宗教中心；时代准确，无文字。,4:03,CIV-VIS-B08,6,10,继续 CASE_HERO 第六批 10 张
VIS-CIV-CA-T09-01-HERO,VIS-CIV-CA-T09-01-HERO.webp,CASE_HERO,CA-T09-01,宋中国,表现“宋中国”（East Asia）最有辨识度的城市、建筑、公共空间、港口/道路或政治宗教中心；时代准确，无文字。,4:03,CIV-VIS-B08,6,10,继续 CASE_HERO 第六批 10 张
VIS-CIV-CA-T09-02-HERO,VIS-CIV-CA-T09-02-HERO.webp,CASE_HERO,CA-T09-02,朱罗海洋体系,表现“朱罗海洋体系”（Indian Ocean）最有辨识度的城市、建筑、公共空间、港口/道路或政治宗教中心；时代准确，无文字。,4:03,CIV-VIS-B08,6,10,继续 CASE_HERO 第六批 10 张
VIS-CIV-CA-T09-03-HERO,VIS-CIV-CA-T09-03-HERO.webp,CASE_HERO,CA-T09-03,中期拜占庭,表现“中期拜占庭”（Eastern Mediterranean）最有辨识度的城市、建筑、公共空间、港口/道路或政治宗教中心；时代准确，无文字。,4:03,CIV-VIS-B08,6,10,继续 CASE_HERO 第六批 10 张
VIS-CIV-CA-T09-04-HERO,VIS-CIV-CA-T09-04-HERO.webp,CASE_HERO,CA-T09-04,伽色尼—古尔网络,表现“伽色尼—古尔网络”（Central and South Asia）最有辨识度的城市、建筑、公共空间、港口/道路或政治宗教中心；时代准确，无文字。,4:03,CIV-VIS-B08,6,10,继续 CASE_HERO 第六批 10 张
VIS-CIV-CA-T09-05-HERO,VIS-CIV-CA-T09-05-HERO.webp,CASE_HERO,CA-T09-05,密西西比卡霍基亚,表现“密西西比卡霍基亚”（Mississippi basin）最有辨识度的城市、建筑、公共空间、港口/道路或政治宗教中心；时代准确，无文字。,4:03,CIV-VIS-B08,6,10,继续 CASE_HERO 第六批 10 张
VIS-CIV-CA-T09-06-HERO,VIS-CIV-CA-T09-06-HERO.webp,CASE_HERO,CA-T09-06,加纳—萨赫勒贸易体系,表现“加纳—萨赫勒贸易体系”（West Africa and Sahara）最有辨识度的城市、建筑、公共空间、港口/道路或政治宗教中心；时代准确，无文字。,4:03,CIV-VIS-B08,6,10,继续 CASE_HERO 第六批 10 张
VIS-CIV-CA-T10-01-HERO,VIS-CIV-CA-T10-01-HERO.webp,CASE_HERO,CA-T10-01,蒙古帝国,表现“蒙古帝国”（Eurasia）最有辨识度的城市、建筑、公共空间、港口/道路或政治宗教中心；时代准确，无文字。,4:03,CIV-VIS-B09,7,10,继续 CASE_HERO 第七批 10 张
VIS-CIV-CA-T10-02-HERO,VIS-CIV-CA-T10-02-HERO.webp,CASE_HERO,CA-T10-02,元中国,表现“元中国”（East Asia）最有辨识度的城市、建筑、公共空间、港口/道路或政治宗教中心；时代准确，无文字。,4:03,CIV-VIS-B09,7,10,继续 CASE_HERO 第七批 10 张
VIS-CIV-CA-T10-03-HERO,VIS-CIV-CA-T10-03-HERO.webp,CASE_HERO,CA-T10-03,德里苏丹国,表现“德里苏丹国”（North India）最有辨识度的城市、建筑、公共空间、港口/道路或政治宗教中心；时代准确，无文字。,4:03,CIV-VIS-B09,7,10,继续 CASE_HERO 第七批 10 张
VIS-CIV-CA-T10-04-HERO,VIS-CIV-CA-T10-04-HERO.webp,CASE_HERO,CA-T10-04,马穆鲁克埃及,表现“马穆鲁克埃及”（Egypt and Levant）最有辨识度的城市、建筑、公共空间、港口/道路或政治宗教中心；时代准确，无文字。,4:03,CIV-VIS-B09,7,10,继续 CASE_HERO 第七批 10 张
VIS-CIV-CA-T10-05-HERO,VIS-CIV-CA-T10-05-HERO.webp,CASE_HERO,CA-T10-05,满者伯夷,表现“满者伯夷”（Maritime Southeast Asia）最有辨识度的城市、建筑、公共空间、港口/道路或政治宗教中心；时代准确，无文字。,4:03,CIV-VIS-B09,7,10,继续 CASE_HERO 第七批 10 张
VIS-CIV-CA-T10-06-HERO,VIS-CIV-CA-T10-06-HERO.webp,CASE_HERO,CA-T10-06,马里帝国,表现“马里帝国”（West Africa and Sahel）最有辨识度的城市、建筑、公共空间、港口/道路或政治宗教中心；时代准确，无文字。,4:03,CIV-VIS-B09,7,10,继续 CASE_HERO 第七批 10 张
VIS-CIV-CA-T11-01-HERO,VIS-CIV-CA-T11-01-HERO.webp,CASE_HERO,CA-T11-01,明中国,表现“明中国”（East Asia）最有辨识度的城市、建筑、公共空间、港口/道路或政治宗教中心；时代准确，无文字。,4:03,CIV-VIS-B09,7,10,继续 CASE_HERO 第七批 10 张
VIS-CIV-CA-T11-02-HERO,VIS-CIV-CA-T11-02-HERO.webp,CASE_HERO,CA-T11-02,马六甲苏丹国,表现“马六甲苏丹国”（Strait of Malacca）最有辨识度的城市、建筑、公共空间、港口/道路或政治宗教中心；时代准确，无文字。,4:03,CIV-VIS-B09,7,10,继续 CASE_HERO 第七批 10 张
VIS-CIV-CA-T11-03-HERO,VIS-CIV-CA-T11-03-HERO.webp,CASE_HERO,CA-T11-03,奥斯曼扩张,表现“奥斯曼扩张”（Eastern Mediterranean and Balkans）最有辨识度的城市、建筑、公共空间、港口/道路或政治宗教中心；时代准确，无文字。,4:03,CIV-VIS-B09,7,10,继续 CASE_HERO 第七批 10 张
VIS-CIV-CA-T11-04-HERO,VIS-CIV-CA-T11-04-HERO.webp,CASE_HERO,CA-T11-04,阿兹特克三方同盟,表现“阿兹特克三方同盟”（Central Mexico）最有辨识度的城市、建筑、公共空间、港口/道路或政治宗教中心；时代准确，无文字。,4:03,CIV-VIS-B09,7,10,继续 CASE_HERO 第七批 10 张
VIS-CIV-CA-T11-05-HERO,VIS-CIV-CA-T11-05-HERO.webp,CASE_HERO,CA-T11-05,印加塔万廷苏尤,表现“印加塔万廷苏尤”（Andes）最有辨识度的城市、建筑、公共空间、港口/道路或政治宗教中心；时代准确，无文字。,4:03,CIV-VIS-B10,8,10,继续 CASE_HERO 第八批 10 张
VIS-CIV-CA-T11-06-HERO,VIS-CIV-CA-T11-06-HERO.webp,CASE_HERO,CA-T11-06,文艺复兴意大利城市网络,表现“文艺复兴意大利城市网络”（Italian peninsula）最有辨识度的城市、建筑、公共空间、港口/道路或政治宗教中心；时代准确，无文字。,4:03,CIV-VIS-B10,8,10,继续 CASE_HERO 第八批 10 张
VIS-CIV-CA-T12-01-HERO,VIS-CIV-CA-T12-01-HERO.webp,CASE_HERO,CA-T12-01,西班牙大西洋帝国,表现“西班牙大西洋帝国”（Atlantic world）最有辨识度的城市、建筑、公共空间、港口/道路或政治宗教中心；时代准确，无文字。,4:03,CIV-VIS-B10,8,10,继续 CASE_HERO 第八批 10 张
VIS-CIV-CA-T12-02-HERO,VIS-CIV-CA-T12-02-HERO.webp,CASE_HERO,CA-T12-02,葡萄牙印度洋网络,表现“葡萄牙印度洋网络”（Indian Ocean）最有辨识度的城市、建筑、公共空间、港口/道路或政治宗教中心；时代准确，无文字。,4:03,CIV-VIS-B10,8,10,继续 CASE_HERO 第八批 10 张
VIS-CIV-CA-T12-03-HERO,VIS-CIV-CA-T12-03-HERO.webp,CASE_HERO,CA-T12-03,莫卧儿印度,表现“莫卧儿印度”（South Asia）最有辨识度的城市、建筑、公共空间、港口/道路或政治宗教中心；时代准确，无文字。,4:03,CIV-VIS-B10,8,10,继续 CASE_HERO 第八批 10 张
VIS-CIV-CA-T12-04-HERO,VIS-CIV-CA-T12-04-HERO.webp,CASE_HERO,CA-T12-04,萨法维伊朗,表现“萨法维伊朗”（Iran）最有辨识度的城市、建筑、公共空间、港口/道路或政治宗教中心；时代准确，无文字。,4:03,CIV-VIS-B10,8,10,继续 CASE_HERO 第八批 10 张
VIS-CIV-CA-T12-05-HERO,VIS-CIV-CA-T12-05-HERO.webp,CASE_HERO,CA-T12-05,德川日本,表现“德川日本”（Japanese archipelago）最有辨识度的城市、建筑、公共空间、港口/道路或政治宗教中心；时代准确，无文字。,4:03,CIV-VIS-B10,8,10,继续 CASE_HERO 第八批 10 张
VIS-CIV-CA-T12-06-HERO,VIS-CIV-CA-T12-06-HERO.webp,CASE_HERO,CA-T12-06,荷兰商业帝国,表现“荷兰商业帝国”（Global maritime network）最有辨识度的城市、建筑、公共空间、港口/道路或政治宗教中心；时代准确，无文字。,4:03,CIV-VIS-B10,8,10,继续 CASE_HERO 第八批 10 张
VIS-CIV-CA-T13-01-HERO,VIS-CIV-CA-T13-01-HERO.webp,CASE_HERO,CA-T13-01,工业英国,表现“工业英国”（Britain and global networks）最有辨识度的城市、建筑、公共空间、港口/道路或政治宗教中心；时代准确，无文字。,4:03,CIV-VIS-B10,8,10,继续 CASE_HERO 第八批 10 张
VIS-CIV-CA-T13-02-HERO,VIS-CIV-CA-T13-02-HERO.webp,CASE_HERO,CA-T13-02,清中国,表现“清中国”（East Asia）最有辨识度的城市、建筑、公共空间、港口/道路或政治宗教中心；时代准确，无文字。,4:03,CIV-VIS-B10,8,10,继续 CASE_HERO 第八批 10 张
VIS-CIV-CA-T13-03-HERO,VIS-CIV-CA-T13-03-HERO.webp,CASE_HERO,CA-T13-03,大西洋革命体系,表现“大西洋革命体系”（Atlantic world）最有辨识度的城市、建筑、公共空间、港口/道路或政治宗教中心；时代准确，无文字。,4:03,CIV-VIS-B11,9,10,继续 CASE_HERO 第九批 10 张
VIS-CIV-CA-T13-04-HERO,VIS-CIV-CA-T13-04-HERO.webp,CASE_HERO,CA-T13-04,海地革命与国家,表现“海地革命与国家”（Caribbean）最有辨识度的城市、建筑、公共空间、港口/道路或政治宗教中心；时代准确，无文字。,4:03,CIV-VIS-B11,9,10,继续 CASE_HERO 第九批 10 张
VIS-CIV-CA-T13-05-HERO,VIS-CIV-CA-T13-05-HERO.webp,CASE_HERO,CA-T13-05,早期美国扩张,表现“早期美国扩张”（North America）最有辨识度的城市、建筑、公共空间、港口/道路或政治宗教中心；时代准确，无文字。,4:03,CIV-VIS-B11,9,10,继续 CASE_HERO 第九批 10 张
VIS-CIV-CA-T13-06-HERO,VIS-CIV-CA-T13-06-HERO.webp,CASE_HERO,CA-T13-06,穆罕默德·阿里时期埃及现代化,表现“穆罕默德·阿里时期埃及现代化”（Egypt）最有辨识度的城市、建筑、公共空间、港口/道路或政治宗教中心；时代准确，无文字。,4:03,CIV-VIS-B11,9,10,继续 CASE_HERO 第九批 10 张
VIS-CIV-CA-T14-01-HERO,VIS-CIV-CA-T14-01-HERO.webp,CASE_HERO,CA-T14-01,明治日本,表现“明治日本”（Japan）最有辨识度的城市、建筑、公共空间、港口/道路或政治宗教中心；时代准确，无文字。,4:03,CIV-VIS-B11,9,10,继续 CASE_HERO 第九批 10 张
VIS-CIV-CA-T14-02-HERO,VIS-CIV-CA-T14-02-HERO.webp,CASE_HERO,CA-T14-02,德国工业国家,表现“德国工业国家”（Central Europe）最有辨识度的城市、建筑、公共空间、港口/道路或政治宗教中心；时代准确，无文字。,4:03,CIV-VIS-B11,9,10,继续 CASE_HERO 第九批 10 张
VIS-CIV-CA-T14-03-HERO,VIS-CIV-CA-T14-03-HERO.webp,CASE_HERO,CA-T14-03,晚期奥斯曼改革,表现“晚期奥斯曼改革”（Ottoman domains）最有辨识度的城市、建筑、公共空间、港口/道路或政治宗教中心；时代准确，无文字。,4:03,CIV-VIS-B11,9,10,继续 CASE_HERO 第九批 10 张
VIS-CIV-CA-T14-04-HERO,VIS-CIV-CA-T14-04-HERO.webp,CASE_HERO,CA-T14-04,英属印度,表现“英属印度”（South Asia）最有辨识度的城市、建筑、公共空间、港口/道路或政治宗教中心；时代准确，无文字。,4:03,CIV-VIS-B11,9,10,继续 CASE_HERO 第九批 10 张
VIS-CIV-CA-T14-05-HERO,VIS-CIV-CA-T14-05-HERO.webp,CASE_HERO,CA-T14-05,拉丁美洲出口共和国,表现“拉丁美洲出口共和国”（Latin America）最有辨识度的城市、建筑、公共空间、港口/道路或政治宗教中心；时代准确，无文字。,4:03,CIV-VIS-B11,9,10,继续 CASE_HERO 第九批 10 张
VIS-CIV-CA-T14-06-HERO,VIS-CIV-CA-T14-06-HERO.webp,CASE_HERO,CA-T14-06,瓜分非洲殖民体系,表现“瓜分非洲殖民体系”（Africa）最有辨识度的城市、建筑、公共空间、港口/道路或政治宗教中心；时代准确，无文字。,4:03,CIV-VIS-B11,9,10,继续 CASE_HERO 第九批 10 张
VIS-CIV-CA-T15-01-HERO,VIS-CIV-CA-T15-01-HERO.webp,CASE_HERO,CA-T15-01,第一次世界大战总动员,表现“第一次世界大战总动员”（Global）最有辨识度的城市、建筑、公共空间、港口/道路或政治宗教中心；时代准确，无文字。,4:03,CIV-VIS-B12,10,10,继续 CASE_HERO 第十批 10 张
VIS-CIV-CA-T15-02-HERO,VIS-CIV-CA-T15-02-HERO.webp,CASE_HERO,CA-T15-02,苏维埃革命国家,表现“苏维埃革命国家”（Eurasia）最有辨识度的城市、建筑、公共空间、港口/道路或政治宗教中心；时代准确，无文字。,4:03,CIV-VIS-B12,10,10,继续 CASE_HERO 第十批 10 张
VIS-CIV-CA-T15-03-HERO,VIS-CIV-CA-T15-03-HERO.webp,CASE_HERO,CA-T15-03,中华民国大陆时期,表现“中华民国大陆时期”（China）最有辨识度的城市、建筑、公共空间、港口/道路或政治宗教中心；时代准确，无文字。,4:03,CIV-VIS-B12,10,10,继续 CASE_HERO 第十批 10 张
VIS-CIV-CA-T15-04-HERO,VIS-CIV-CA-T15-04-HERO.webp,CASE_HERO,CA-T15-04,战间期美国大众生产,表现“战间期美国大众生产”（United States）最有辨识度的城市、建筑、公共空间、港口/道路或政治宗教中心；时代准确，无文字。,4:03,CIV-VIS-B12,10,10,继续 CASE_HERO 第十批 10 张
VIS-CIV-CA-T15-05-HERO,VIS-CIV-CA-T15-05-HERO.webp,CASE_HERO,CA-T15-05,日本帝国体系,表现“日本帝国体系”（East Asia and Pacific）最有辨识度的城市、建筑、公共空间、港口/道路或政治宗教中心；时代准确，无文字。,4:03,CIV-VIS-B12,10,10,继续 CASE_HERO 第十批 10 张
VIS-CIV-CA-T15-06-HERO,VIS-CIV-CA-T15-06-HERO.webp,CASE_HERO,CA-T15-06,战间期殖民地民族主义,表现“战间期殖民地民族主义”（Asia and Africa）最有辨识度的城市、建筑、公共空间、港口/道路或政治宗教中心；时代准确，无文字。,4:03,CIV-VIS-B12,10,10,继续 CASE_HERO 第十批 10 张
VIS-CIV-CA-T16-01-HERO,VIS-CIV-CA-T16-01-HERO.webp,CASE_HERO,CA-T16-01,战后美国主导秩序,表现“战后美国主导秩序”（Global）最有辨识度的城市、建筑、公共空间、港口/道路或政治宗教中心；时代准确，无文字。,4:03,CIV-VIS-B12,10,10,继续 CASE_HERO 第十批 10 张
VIS-CIV-CA-T16-02-HERO,VIS-CIV-CA-T16-02-HERO.webp,CASE_HERO,CA-T16-02,苏联集团,表现“苏联集团”（Eurasia and Eastern Europe）最有辨识度的城市、建筑、公共空间、港口/道路或政治宗教中心；时代准确，无文字。,4:03,CIV-VIS-B12,10,10,继续 CASE_HERO 第十批 10 张
VIS-CIV-CA-T16-03-HERO,VIS-CIV-CA-T16-03-HERO.webp,CASE_HERO,CA-T16-03,新中国早期工业化,表现“新中国早期工业化”（China）最有辨识度的城市、建筑、公共空间、港口/道路或政治宗教中心；时代准确，无文字。,4:03,CIV-VIS-B12,10,10,继续 CASE_HERO 第十批 10 张
VIS-CIV-CA-T16-04-HERO,VIS-CIV-CA-T16-04-HERO.webp,CASE_HERO,CA-T16-04,战后西欧,表现“战后西欧”（Western Europe）最有辨识度的城市、建筑、公共空间、港口/道路或政治宗教中心；时代准确，无文字。,4:03,CIV-VIS-B12,10,10,继续 CASE_HERO 第十批 10 张
VIS-CIV-CA-T16-05-HERO,VIS-CIV-CA-T16-05-HERO.webp,CASE_HERO,CA-T16-05,独立后的印度,表现“独立后的印度”（India）最有辨识度的城市、建筑、公共空间、港口/道路或政治宗教中心；时代准确，无文字。,4:03,CIV-VIS-B13,11,10,继续 CASE_HERO 第十一批 10 张
VIS-CIV-CA-T16-06-HERO,VIS-CIV-CA-T16-06-HERO.webp,CASE_HERO,CA-T16-06,后殖民东南亚,表现“后殖民东南亚”（Southeast Asia）最有辨识度的城市、建筑、公共空间、港口/道路或政治宗教中心；时代准确，无文字。,4:03,CIV-VIS-B13,11,10,继续 CASE_HERO 第十一批 10 张
VIS-CIV-CA-T17-01-HERO,VIS-CIV-CA-T17-01-HERO.webp,CASE_HERO,CA-T17-01,东亚出口工业化,表现“东亚出口工业化”（East Asia）最有辨识度的城市、建筑、公共空间、港口/道路或政治宗教中心；时代准确，无文字。,4:03,CIV-VIS-B13,11,10,继续 CASE_HERO 第十一批 10 张
VIS-CIV-CA-T17-02-HERO,VIS-CIV-CA-T17-02-HERO.webp,CASE_HERO,CA-T17-02,欧洲一体化,表现“欧洲一体化”（Europe）最有辨识度的城市、建筑、公共空间、港口/道路或政治宗教中心；时代准确，无文字。,4:03,CIV-VIS-B13,11,10,继续 CASE_HERO 第十一批 10 张
VIS-CIV-CA-T17-03-HERO,VIS-CIV-CA-T17-03-HERO.webp,CASE_HERO,CA-T17-03,全球集装箱贸易体系,表现“全球集装箱贸易体系”（Global）最有辨识度的城市、建筑、公共空间、港口/道路或政治宗教中心；时代准确，无文字。,4:03,CIV-VIS-B13,11,10,继续 CASE_HERO 第十一批 10 张
VIS-CIV-CA-T17-04-HERO,VIS-CIV-CA-T17-04-HERO.webp,CASE_HERO,CA-T17-04,晚期苏联与后苏联转型,表现“晚期苏联与后苏联转型”（Eurasia）最有辨识度的城市、建筑、公共空间、港口/道路或政治宗教中心；时代准确，无文字。,4:03,CIV-VIS-B13,11,10,继续 CASE_HERO 第十一批 10 张
VIS-CIV-CA-T17-05-HERO,VIS-CIV-CA-T17-05-HERO.webp,CASE_HERO,CA-T17-05,中国改革开放,表现“中国改革开放”（China）最有辨识度的城市、建筑、公共空间、港口/道路或政治宗教中心；时代准确，无文字。,4:03,CIV-VIS-B13,11,10,继续 CASE_HERO 第十一批 10 张
VIS-CIV-CA-T17-06-HERO,VIS-CIV-CA-T17-06-HERO.webp,CASE_HERO,CA-T17-06,印度自由化与服务经济,表现“印度自由化与服务经济”（India）最有辨识度的城市、建筑、公共空间、港口/道路或政治宗教中心；时代准确，无文字。,4:03,CIV-VIS-B13,11,10,继续 CASE_HERO 第十一批 10 张
VIS-CIV-CA-T18-01-HERO,VIS-CIV-CA-T18-01-HERO.webp,CASE_HERO,CA-T18-01,全球互联网平台经济,表现“全球互联网平台经济”（Global）最有辨识度的城市、建筑、公共空间、港口/道路或政治宗教中心；时代准确，无文字。,4:03,CIV-VIS-B13,11,10,继续 CASE_HERO 第十一批 10 张
VIS-CIV-CA-T18-02-HERO,VIS-CIV-CA-T18-02-HERO.webp,CASE_HERO,CA-T18-02,中国制造—数字体系,表现“中国制造—数字体系”（China）最有辨识度的城市、建筑、公共空间、港口/道路或政治宗教中心；时代准确，无文字。,4:03,CIV-VIS-B13,11,10,继续 CASE_HERO 第十一批 10 张
VIS-CIV-CA-T18-03-HERO,VIS-CIV-CA-T18-03-HERO.webp,CASE_HERO,CA-T18-03,欧盟单一市场扩张,表现“欧盟单一市场扩张”（Europe）最有辨识度的城市、建筑、公共空间、港口/道路或政治宗教中心；时代准确，无文字。,4:03,CIV-VIS-B14,12,10,继续 CASE_HERO 第十二批 10 张
VIS-CIV-CA-T18-04-HERO,VIS-CIV-CA-T18-04-HERO.webp,CASE_HERO,CA-T18-04,印度数字服务扩张,表现“印度数字服务扩张”（India）最有辨识度的城市、建筑、公共空间、港口/道路或政治宗教中心；时代准确，无文字。,4:03,CIV-VIS-B14,12,10,继续 CASE_HERO 第十二批 10 张
VIS-CIV-CA-T18-05-HERO,VIS-CIV-CA-T18-05-HERO.webp,CASE_HERO,CA-T18-05,海湾物流与能源枢纽,表现“海湾物流与能源枢纽”（Gulf）最有辨识度的城市、建筑、公共空间、港口/道路或政治宗教中心；时代准确，无文字。,4:03,CIV-VIS-B14,12,10,继续 CASE_HERO 第十二批 10 张
VIS-CIV-CA-T18-06-HERO,VIS-CIV-CA-T18-06-HERO.webp,CASE_HERO,CA-T18-06,非洲移动互联扩张,表现“非洲移动互联扩张”（Africa）最有辨识度的城市、建筑、公共空间、港口/道路或政治宗教中心；时代准确，无文字。,4:03,CIV-VIS-B14,12,10,继续 CASE_HERO 第十二批 10 张
VIS-CIV-CA-T19-01-HERO,VIS-CIV-CA-T19-01-HERO.webp,CASE_HERO,CA-T19-01,全球疫情冲击与恢复,表现“全球疫情冲击与恢复”（Global）最有辨识度的城市、建筑、公共空间、港口/道路或政治宗教中心；时代准确，无文字。,4:03,CIV-VIS-B14,12,10,继续 CASE_HERO 第十二批 10 张
VIS-CIV-CA-T19-02-HERO,VIS-CIV-CA-T19-02-HERO.webp,CASE_HERO,CA-T19-02,生成式人工智能基础设施扩张,表现“生成式人工智能基础设施扩张”（Global）最有辨识度的城市、建筑、公共空间、港口/道路或政治宗教中心；时代准确，无文字。,4:03,CIV-VIS-B14,12,10,继续 CASE_HERO 第十二批 10 张
VIS-CIV-CA-T19-03-HERO,VIS-CIV-CA-T19-03-HERO.webp,CASE_HERO,CA-T19-03,能源转型加速,表现“能源转型加速”（Global）最有辨识度的城市、建筑、公共空间、港口/道路或政治宗教中心；时代准确，无文字。,4:03,CIV-VIS-B14,12,10,继续 CASE_HERO 第十二批 10 张
VIS-CIV-CA-T19-04-HERO,VIS-CIV-CA-T19-04-HERO.webp,CASE_HERO,CA-T19-04,地缘经济供应链重构,表现“地缘经济供应链重构”（Global）最有辨识度的城市、建筑、公共空间、港口/道路或政治宗教中心；时代准确，无文字。,4:03,CIV-VIS-B14,12,10,继续 CASE_HERO 第十二批 10 张
VIS-CIV-CA-T19-05-HERO,VIS-CIV-CA-T19-05-HERO.webp,CASE_HERO,CA-T19-05,数字主权与监管,表现“数字主权与监管”（Global）最有辨识度的城市、建筑、公共空间、港口/道路或政治宗教中心；时代准确，无文字。,4:03,CIV-VIS-B14,12,10,继续 CASE_HERO 第十二批 10 张
VIS-CIV-CA-T19-06-HERO,VIS-CIV-CA-T19-06-HERO.webp,CASE_HERO,CA-T19-06,气候适应与韧性体系,表现“气候适应与韧性体系”（Global）最有辨识度的城市、建筑、公共空间、港口/道路或政治宗教中心；时代准确，无文字。,4:03,CIV-VIS-B14,12,10,继续 CASE_HERO 第十二批 10 张
VIS-CIV-WS-M3000-ATMOSPHERE,VIS-CIV-WS-M3000-ATMOSPHERE.webp,WORLD_SNAPSHOT_ATMOSPHERE,WS-M3000,公元前3000年的世界,表现“公元前3000年的世界”时代的全球/区域文明气氛与网络背景；只做地图氛围底层，不自行决定疆域或路线。,16:09,CIV-VIS-B27,1,8,继续 WORLD_SNAPSHOT_ATMOSPHERE 第一批 8 张
VIS-CIV-WS-M1500-ATMOSPHERE,VIS-CIV-WS-M1500-ATMOSPHERE.webp,WORLD_SNAPSHOT_ATMOSPHERE,WS-M1500,公元前1500年的世界,表现“公元前1500年的世界”时代的全球/区域文明气氛与网络背景；只做地图氛围底层，不自行决定疆域或路线。,16:09,CIV-VIS-B27,1,8,继续 WORLD_SNAPSHOT_ATMOSPHERE 第一批 8 张
VIS-CIV-WS-M0500-ATMOSPHERE,VIS-CIV-WS-M0500-ATMOSPHERE.webp,WORLD_SNAPSHOT_ATMOSPHERE,WS-M0500,公元前500年的世界,表现“公元前500年的世界”时代的全球/区域文明气氛与网络背景；只做地图氛围底层，不自行决定疆域或路线。,16:09,CIV-VIS-B27,1,8,继续 WORLD_SNAPSHOT_ATMOSPHERE 第一批 8 张
VIS-CIV-WS-0001-ATMOSPHERE,VIS-CIV-WS-0001-ATMOSPHERE.webp,WORLD_SNAPSHOT_ATMOSPHERE,WS-0001,公元1年的世界,表现“公元1年的世界”时代的全球/区域文明气氛与网络背景；只做地图氛围底层，不自行决定疆域或路线。,16:09,CIV-VIS-B27,1,8,继续 WORLD_SNAPSHOT_ATMOSPHERE 第一批 8 张
VIS-CIV-WS-0500-ATMOSPHERE,VIS-CIV-WS-0500-ATMOSPHERE.webp,WORLD_SNAPSHOT_ATMOSPHERE,WS-0500,公元500年的世界,表现“公元500年的世界”时代的全球/区域文明气氛与网络背景；只做地图氛围底层，不自行决定疆域或路线。,16:09,CIV-VIS-B27,1,8,继续 WORLD_SNAPSHOT_ATMOSPHERE 第一批 8 张
VIS-CIV-WS-1000-ATMOSPHERE,VIS-CIV-WS-1000-ATMOSPHERE.webp,WORLD_SNAPSHOT_ATMOSPHERE,WS-1000,公元1000年的世界,表现“公元1000年的世界”时代的全球/区域文明气氛与网络背景；只做地图氛围底层，不自行决定疆域或路线。,16:09,CIV-VIS-B27,1,8,继续 WORLD_SNAPSHOT_ATMOSPHERE 第一批 8 张
VIS-CIV-WS-1250-ATMOSPHERE,VIS-CIV-WS-1250-ATMOSPHERE.webp,WORLD_SNAPSHOT_ATMOSPHERE,WS-1250,公元1250年的世界,表现“公元1250年的世界”时代的全球/区域文明气氛与网络背景；只做地图氛围底层，不自行决定疆域或路线。,16:09,CIV-VIS-B27,1,8,继续 WORLD_SNAPSHOT_ATMOSPHERE 第一批 8 张
VIS-CIV-WS-1500-ATMOSPHERE,VIS-CIV-WS-1500-ATMOSPHERE.webp,WORLD_SNAPSHOT_ATMOSPHERE,WS-1500,公元1500年的世界,表现“公元1500年的世界”时代的全球/区域文明气氛与网络背景；只做地图氛围底层，不自行决定疆域或路线。,16:09,CIV-VIS-B27,1,8,继续 WORLD_SNAPSHOT_ATMOSPHERE 第一批 8 张
VIS-CIV-WS-1750-ATMOSPHERE,VIS-CIV-WS-1750-ATMOSPHERE.webp,WORLD_SNAPSHOT_ATMOSPHERE,WS-1750,公元1750年的世界,表现“公元1750年的世界”时代的全球/区域文明气氛与网络背景；只做地图氛围底层，不自行决定疆域或路线。,16:09,CIV-VIS-B28,2,7,继续 WORLD_SNAPSHOT_ATMOSPHERE 第二批 7 张
VIS-CIV-WS-1850-ATMOSPHERE,VIS-CIV-WS-1850-ATMOSPHERE.webp,WORLD_SNAPSHOT_ATMOSPHERE,WS-1850,公元1850年的世界,表现“公元1850年的世界”时代的全球/区域文明气氛与网络背景；只做地图氛围底层，不自行决定疆域或路线。,16:09,CIV-VIS-B28,2,7,继续 WORLD_SNAPSHOT_ATMOSPHERE 第二批 7 张
VIS-CIV-WS-1914-ATMOSPHERE,VIS-CIV-WS-1914-ATMOSPHERE.webp,WORLD_SNAPSHOT_ATMOSPHERE,WS-1914,1914年的世界,表现“1914年的世界”时代的全球/区域文明气氛与网络背景；只做地图氛围底层，不自行决定疆域或路线。,16:09,CIV-VIS-B28,2,7,继续 WORLD_SNAPSHOT_ATMOSPHERE 第二批 7 张
VIS-CIV-WS-1945-ATMOSPHERE,VIS-CIV-WS-1945-ATMOSPHERE.webp,WORLD_SNAPSHOT_ATMOSPHERE,WS-1945,1945年的世界,表现“1945年的世界”时代的全球/区域文明气氛与网络背景；只做地图氛围底层，不自行决定疆域或路线。,16:09,CIV-VIS-B28,2,7,继续 WORLD_SNAPSHOT_ATMOSPHERE 第二批 7 张
VIS-CIV-WS-1980-ATMOSPHERE,VIS-CIV-WS-1980-ATMOSPHERE.webp,WORLD_SNAPSHOT_ATMOSPHERE,WS-1980,1980年的世界,表现“1980年的世界”时代的全球/区域文明气氛与网络背景；只做地图氛围底层，不自行决定疆域或路线。,16:09,CIV-VIS-B28,2,7,继续 WORLD_SNAPSHOT_ATMOSPHERE 第二批 7 张
VIS-CIV-WS-2000-ATMOSPHERE,VIS-CIV-WS-2000-ATMOSPHERE.webp,WORLD_SNAPSHOT_ATMOSPHERE,WS-2000,2000年的世界,表现“2000年的世界”时代的全球/区域文明气氛与网络背景；只做地图氛围底层，不自行决定疆域或路线。,16:09,CIV-VIS-B28,2,7,继续 WORLD_SNAPSHOT_ATMOSPHERE 第二批 7 张
VIS-CIV-WS-2026-ATMOSPHERE,VIS-CIV-WS-2026-ATMOSPHERE.webp,WORLD_SNAPSHOT_ATMOSPHERE,WS-2026,2026年的世界,表现“2026年的世界”时代的全球/区域文明气氛与网络背景；只做地图氛围底层，不自行决定疆域或路线。,16:09,CIV-VIS-B28,2,7,继续 WORLD_SNAPSHOT_ATMOSPHERE 第二批 7 张
VIS-CIV-CF-CONTINENTAL_EMPIRE,VIS-CIV-CF-CONTINENTAL_EMPIRE.webp,COMPARISON_FAMILY,CONTINENTAL_EMPIRE,大型陆地帝国,用一个主场景表现“大型陆地帝国”这一文明运行类型的结构特征；适合后续叠加比较网络，不做排名。,16:09,CIV-VIS-B29,1,6,继续 COMPARISON_FAMILY 第一批 6 张
VIS-CIV-CF-POLYCENTRIC_CIVILIZATION,VIS-CIV-CF-POLYCENTRIC_CIVILIZATION.webp,COMPARISON_FAMILY,POLYCENTRIC_CIVILIZATION,多中心文明,用一个主场景表现“多中心文明”这一文明运行类型的结构特征；适合后续叠加比较网络，不做排名。,16:09,CIV-VIS-B29,1,6,继续 COMPARISON_FAMILY 第一批 6 张
VIS-CIV-CF-MARITIME_CIVILIZATION,VIS-CIV-CF-MARITIME_CIVILIZATION.webp,COMPARISON_FAMILY,MARITIME_CIVILIZATION,海洋文明,用一个主场景表现“海洋文明”这一文明运行类型的结构特征；适合后续叠加比较网络，不做排名。,16:09,CIV-VIS-B29,1,6,继续 COMPARISON_FAMILY 第一批 6 张
VIS-CIV-CF-KNOWLEDGE_EXPANSION,VIS-CIV-CF-KNOWLEDGE_EXPANSION.webp,COMPARISON_FAMILY,KNOWLEDGE_EXPANSION,知识扩展文明,用一个主场景表现“知识扩展文明”这一文明运行类型的结构特征；适合后续叠加比较网络，不做排名。,16:09,CIV-VIS-B29,1,6,继续 COMPARISON_FAMILY 第一批 6 张
VIS-CIV-CF-COMMERCIAL_NETWORK,VIS-CIV-CF-COMMERCIAL_NETWORK.webp,COMPARISON_FAMILY,COMMERCIAL_NETWORK,商业网络文明,用一个主场景表现“商业网络文明”这一文明运行类型的结构特征；适合后续叠加比较网络，不做排名。,16:09,CIV-VIS-B29,1,6,继续 COMPARISON_FAMILY 第一批 6 张
VIS-CIV-CF-INDUSTRIAL_MODERN_TRANSFORMATION,VIS-CIV-CF-INDUSTRIAL_MODERN_TRANSFORMATION.webp,COMPARISON_FAMILY,INDUSTRIAL_MODERN_TRANSFORMATION,工业—现代转型,用一个主场景表现“工业—现代转型”这一文明运行类型的结构特征；适合后续叠加比较网络，不做排名。,16:09,CIV-VIS-B29,1,6,继续 COMPARISON_FAMILY 第一批 6 张
VIS-CIV-TRJ-POPULATION,VIS-CIV-TRJ-POPULATION.webp,TRAJECTORY_MOTIF,POPULATION,人口承载,为“人口承载”制作抽象、历史感强的长时段视觉底层；简洁，给曲线/带状图留空间，不画假数据。,16:09,CIV-VIS-B30,1,8,继续 TRAJECTORY_MOTIF 第一批 8 张
VIS-CIV-TRJ-URBAN_DENSITY,VIS-CIV-TRJ-URBAN_DENSITY.webp,TRAJECTORY_MOTIF,URBAN_DENSITY,城市运行密度,为“城市运行密度”制作抽象、历史感强的长时段视觉底层；简洁，给曲线/带状图留空间，不画假数据。,16:09,CIV-VIS-B30,1,8,继续 TRAJECTORY_MOTIF 第一批 8 张
VIS-CIV-TRJ-ENERGY,VIS-CIV-TRJ-ENERGY.webp,TRAJECTORY_MOTIF,ENERGY,文明能源容量,为“文明能源容量”制作抽象、历史感强的长时段视觉底层；简洁，给曲线/带状图留空间，不画假数据。,16:09,CIV-VIS-B30,1,8,继续 TRAJECTORY_MOTIF 第一批 8 张
VIS-CIV-TRJ-SURPLUS_BUFFER,VIS-CIV-TRJ-SURPLUS_BUFFER.webp,TRAJECTORY_MOTIF,SURPLUS_BUFFER,剩余与缓冲容量,为“剩余与缓冲容量”制作抽象、历史感强的长时段视觉底层；简洁，给曲线/带状图留空间，不画假数据。,16:09,CIV-VIS-B30,1,8,继续 TRAJECTORY_MOTIF 第一批 8 张
VIS-CIV-TRJ-MEMORY_CAPACITY,VIS-CIV-TRJ-MEMORY_CAPACITY.webp,TRAJECTORY_MOTIF,MEMORY_CAPACITY,文明记忆容量,为“文明记忆容量”制作抽象、历史感强的长时段视觉底层；简洁，给曲线/带状图留空间，不画假数据。,16:09,CIV-VIS-B30,1,8,继续 TRAJECTORY_MOTIF 第一批 8 张
VIS-CIV-TRJ-INFORMATION_VELOCITY,VIS-CIV-TRJ-INFORMATION_VELOCITY.webp,TRAJECTORY_MOTIF,INFORMATION_VELOCITY,信息速度,为“信息速度”制作抽象、历史感强的长时段视觉底层；简洁，给曲线/带状图留空间，不画假数据。,16:09,CIV-VIS-B30,1,8,继续 TRAJECTORY_MOTIF 第一批 8 张
VIS-CIV-TRJ-MOBILITY_RADIUS,VIS-CIV-TRJ-MOBILITY_RADIUS.webp,TRAJECTORY_MOTIF,MOBILITY_RADIUS,人类移动半径,为“人类移动半径”制作抽象、历史感强的长时段视觉底层；简洁，给曲线/带状图留空间，不画假数据。,16:09,CIV-VIS-B30,1,8,继续 TRAJECTORY_MOTIF 第一批 8 张
VIS-CIV-TRJ-COORDINATION_SCALE,VIS-CIV-TRJ-COORDINATION_SCALE.webp,TRAJECTORY_MOTIF,COORDINATION_SCALE,协调尺度,为“协调尺度”制作抽象、历史感强的长时段视觉底层；简洁，给曲线/带状图留空间，不画假数据。,16:09,CIV-VIS-B30,1,8,继续 TRAJECTORY_MOTIF 第一批 8 张
VIS-CIV-TRJ-INSTITUTIONAL_COMPLEXITY,VIS-CIV-TRJ-INSTITUTIONAL_COMPLEXITY.webp,TRAJECTORY_MOTIF,INSTITUTIONAL_COMPLEXITY,制度复杂度,为“制度复杂度”制作抽象、历史感强的长时段视觉底层；简洁，给曲线/带状图留空间，不画假数据。,16:09,CIV-VIS-B31,2,8,继续 TRAJECTORY_MOTIF 第二批 8 张
VIS-CIV-TRJ-ECONOMIC_CONNECTIVITY,VIS-CIV-TRJ-ECONOMIC_CONNECTIVITY.webp,TRAJECTORY_MOTIF,ECONOMIC_CONNECTIVITY,经济连接度,为“经济连接度”制作抽象、历史感强的长时段视觉底层；简洁，给曲线/带状图留空间，不画假数据。,16:09,CIV-VIS-B31,2,8,继续 TRAJECTORY_MOTIF 第二批 8 张
VIS-CIV-TRJ-INFRASTRUCTURE_DEPENDENCY,VIS-CIV-TRJ-INFRASTRUCTURE_DEPENDENCY.webp,TRAJECTORY_MOTIF,INFRASTRUCTURE_DEPENDENCY,基础设施依赖,为“基础设施依赖”制作抽象、历史感强的长时段视觉底层；简洁，给曲线/带状图留空间，不画假数据。,16:09,CIV-VIS-B31,2,8,继续 TRAJECTORY_MOTIF 第二批 8 张
VIS-CIV-TRJ-DISEASE_COUPLING,VIS-CIV-TRJ-DISEASE_COUPLING.webp,TRAJECTORY_MOTIF,DISEASE_COUPLING,疾病耦合,为“疾病耦合”制作抽象、历史感强的长时段视觉底层；简洁，给曲线/带状图留空间，不画假数据。,16:09,CIV-VIS-B31,2,8,继续 TRAJECTORY_MOTIF 第二批 8 张
VIS-CIV-TRJ-MEANING_NETWORK_REACH,VIS-CIV-TRJ-MEANING_NETWORK_REACH.webp,TRAJECTORY_MOTIF,MEANING_NETWORK_REACH,意义与信仰网络覆盖,为“意义与信仰网络覆盖”制作抽象、历史感强的长时段视觉底层；简洁，给曲线/带状图留空间，不画假数据。,16:09,CIV-VIS-B31,2,8,继续 TRAJECTORY_MOTIF 第二批 8 张
VIS-CIV-TRJ-KNOWLEDGE_PARTICIPATION,VIS-CIV-TRJ-KNOWLEDGE_PARTICIPATION.webp,TRAJECTORY_MOTIF,KNOWLEDGE_PARTICIPATION,知识参与容量,为“知识参与容量”制作抽象、历史感强的长时段视觉底层；简洁，给曲线/带状图留空间，不画假数据。,16:09,CIV-VIS-B31,2,8,继续 TRAJECTORY_MOTIF 第二批 8 张
VIS-CIV-TRJ-COMPUTATIONAL_CAPACITY,VIS-CIV-TRJ-COMPUTATIONAL_CAPACITY.webp,TRAJECTORY_MOTIF,COMPUTATIONAL_CAPACITY,计算能力,为“计算能力”制作抽象、历史感强的长时段视觉底层；简洁，给曲线/带状图留空间，不画假数据。,16:09,CIV-VIS-B31,2,8,继续 TRAJECTORY_MOTIF 第二批 8 张
VIS-CIV-TRJ-LOAD_FUTURE_CAPACITY,VIS-CIV-TRJ-LOAD_FUTURE_CAPACITY.webp,TRAJECTORY_MOTIF,LOAD_FUTURE_CAPACITY,负载 × 未来容量,为“负载 × 未来容量”制作抽象、历史感强的长时段视觉底层；简洁，给曲线/带状图留空间，不画假数据。,16:09,CIV-VIS-B31,2,8,继续 TRAJECTORY_MOTIF 第二批 8 张
VIS-CIV-TW-01,VIS-CIV-TW-01.webp,TRANSITION_WINDOW,TW-01,定居,表现“定居”的 before → threshold → after 转型过程；以场景变化表达结构转折，无文字。,16:09,CIV-VIS-B32,1,8,继续 TRANSITION_WINDOW 第一批 8 张
VIS-CIV-TW-02,VIS-CIV-TW-02.webp,TRANSITION_WINDOW,TW-02,农业,表现“农业”的 before → threshold → after 转型过程；以场景变化表达结构转折，无文字。,16:09,CIV-VIS-B32,1,8,继续 TRANSITION_WINDOW 第一批 8 张
VIS-CIV-TW-03,VIS-CIV-TW-03.webp,TRANSITION_WINDOW,TW-03,剩余与储存,表现“剩余与储存”的 before → threshold → after 转型过程；以场景变化表达结构转折，无文字。,16:09,CIV-VIS-B32,1,8,继续 TRANSITION_WINDOW 第一批 8 张
VIS-CIV-TW-04,VIS-CIV-TW-04.webp,TRANSITION_WINDOW,TW-04,城市,表现“城市”的 before → threshold → after 转型过程；以场景变化表达结构转折，无文字。,16:09,CIV-VIS-B32,1,8,继续 TRANSITION_WINDOW 第一批 8 张
VIS-CIV-TW-05,VIS-CIV-TW-05.webp,TRANSITION_WINDOW,TW-05,文字,表现“文字”的 before → threshold → after 转型过程；以场景变化表达结构转折，无文字。,16:09,CIV-VIS-B32,1,8,继续 TRANSITION_WINDOW 第一批 8 张
VIS-CIV-TW-06,VIS-CIV-TW-06.webp,TRANSITION_WINDOW,TW-06,行政国家,表现“行政国家”的 before → threshold → after 转型过程；以场景变化表达结构转折，无文字。,16:09,CIV-VIS-B32,1,8,继续 TRANSITION_WINDOW 第一批 8 张
VIS-CIV-TW-07,VIS-CIV-TW-07.webp,TRANSITION_WINDOW,TW-07,青铜时代国际体系,表现“青铜时代国际体系”的 before → threshold → after 转型过程；以场景变化表达结构转折，无文字。,16:09,CIV-VIS-B32,1,8,继续 TRANSITION_WINDOW 第一批 8 张
VIS-CIV-TW-08,VIS-CIV-TW-08.webp,TRANSITION_WINDOW,TW-08,青铜时代断裂,表现“青铜时代断裂”的 before → threshold → after 转型过程；以场景变化表达结构转折，无文字。,16:09,CIV-VIS-B32,1,8,继续 TRANSITION_WINDOW 第一批 8 张
VIS-CIV-TW-09,VIS-CIV-TW-09.webp,TRANSITION_WINDOW,TW-09,铁器,表现“铁器”的 before → threshold → after 转型过程；以场景变化表达结构转折，无文字。,16:09,CIV-VIS-B33,2,8,继续 TRANSITION_WINDOW 第二批 8 张
VIS-CIV-TW-10,VIS-CIV-TW-10.webp,TRANSITION_WINDOW,TW-10,帝国,表现“帝国”的 before → threshold → after 转型过程；以场景变化表达结构转折，无文字。,16:09,CIV-VIS-B33,2,8,继续 TRANSITION_WINDOW 第二批 8 张
VIS-CIV-TW-11,VIS-CIV-TW-11.webp,TRANSITION_WINDOW,TW-11,系统化思想,表现“系统化思想”的 before → threshold → after 转型过程；以场景变化表达结构转折，无文字。,16:09,CIV-VIS-B33,2,8,继续 TRANSITION_WINDOW 第二批 8 张
VIS-CIV-TW-12,VIS-CIV-TW-12.webp,TRANSITION_WINDOW,TW-12,标准化,表现“标准化”的 before → threshold → after 转型过程；以场景变化表达结构转折，无文字。,16:09,CIV-VIS-B33,2,8,继续 TRANSITION_WINDOW 第二批 8 张
VIS-CIV-TW-13,VIS-CIV-TW-13.webp,TRANSITION_WINDOW,TW-13,大陆帝国稳定,表现“大陆帝国稳定”的 before → threshold → after 转型过程；以场景变化表达结构转折，无文字。,16:09,CIV-VIS-B33,2,8,继续 TRANSITION_WINDOW 第二批 8 张
VIS-CIV-TW-14,VIS-CIV-TW-14.webp,TRANSITION_WINDOW,TW-14,普遍宗教,表现“普遍宗教”的 before → threshold → after 转型过程；以场景变化表达结构转折，无文字。,16:09,CIV-VIS-B33,2,8,继续 TRANSITION_WINDOW 第二批 8 张
VIS-CIV-TW-15,VIS-CIV-TW-15.webp,TRANSITION_WINDOW,TW-15,经典传统,表现“经典传统”的 before → threshold → after 转型过程；以场景变化表达结构转折，无文字。,16:09,CIV-VIS-B33,2,8,继续 TRANSITION_WINDOW 第二批 8 张
VIS-CIV-TW-16,VIS-CIV-TW-16.webp,TRANSITION_WINDOW,TW-16,印刷,表现“印刷”的 before → threshold → after 转型过程；以场景变化表达结构转折，无文字。,16:09,CIV-VIS-B33,2,8,继续 TRANSITION_WINDOW 第二批 8 张
VIS-CIV-TW-17,VIS-CIV-TW-17.webp,TRANSITION_WINDOW,TW-17,大陆贸易,表现“大陆贸易”的 before → threshold → after 转型过程；以场景变化表达结构转折，无文字。,16:09,CIV-VIS-B34,3,8,继续 TRANSITION_WINDOW 第三批 8 张
VIS-CIV-TW-18,VIS-CIV-TW-18.webp,TRANSITION_WINDOW,TW-18,蒙古欧亚压缩,表现“蒙古欧亚压缩”的 before → threshold → after 转型过程；以场景变化表达结构转折，无文字。,16:09,CIV-VIS-B34,3,8,继续 TRANSITION_WINDOW 第三批 8 张
VIS-CIV-TW-19,VIS-CIV-TW-19.webp,TRANSITION_WINDOW,TW-19,全球海洋连接,表现“全球海洋连接”的 before → threshold → after 转型过程；以场景变化表达结构转折，无文字。,16:09,CIV-VIS-B34,3,8,继续 TRANSITION_WINDOW 第三批 8 张
VIS-CIV-TW-20,VIS-CIV-TW-20.webp,TRANSITION_WINDOW,TW-20,殖民重构,表现“殖民重构”的 before → threshold → after 转型过程；以场景变化表达结构转折，无文字。,16:09,CIV-VIS-B34,3,8,继续 TRANSITION_WINDOW 第三批 8 张
VIS-CIV-TW-21,VIS-CIV-TW-21.webp,TRANSITION_WINDOW,TW-21,大西洋强制迁移,表现“大西洋强制迁移”的 before → threshold → after 转型过程；以场景变化表达结构转折，无文字。,16:09,CIV-VIS-B34,3,8,继续 TRANSITION_WINDOW 第三批 8 张
VIS-CIV-TW-22,VIS-CIV-TW-22.webp,TRANSITION_WINDOW,TW-22,制度化科学,表现“制度化科学”的 before → threshold → after 转型过程；以场景变化表达结构转折，无文字。,16:09,CIV-VIS-B34,3,8,继续 TRANSITION_WINDOW 第三批 8 张
VIS-CIV-TW-23,VIS-CIV-TW-23.webp,TRANSITION_WINDOW,TW-23,化石能源,表现“化石能源”的 before → threshold → after 转型过程；以场景变化表达结构转折，无文字。,16:09,CIV-VIS-B34,3,8,继续 TRANSITION_WINDOW 第三批 8 张
VIS-CIV-TW-24,VIS-CIV-TW-24.webp,TRANSITION_WINDOW,TW-24,工业生产,表现“工业生产”的 before → threshold → after 转型过程；以场景变化表达结构转折，无文字。,16:09,CIV-VIS-B34,3,8,继续 TRANSITION_WINDOW 第三批 8 张
VIS-CIV-TW-25,VIS-CIV-TW-25.webp,TRANSITION_WINDOW,TW-25,铁路与电报,表现“铁路与电报”的 before → threshold → after 转型过程；以场景变化表达结构转折，无文字。,16:09,CIV-VIS-B35,4,8,继续 TRANSITION_WINDOW 第四批 8 张
VIS-CIV-TW-26,VIS-CIV-TW-26.webp,TRANSITION_WINDOW,TW-26,大众教育,表现“大众教育”的 before → threshold → after 转型过程；以场景变化表达结构转折，无文字。,16:09,CIV-VIS-B35,4,8,继续 TRANSITION_WINDOW 第四批 8 张
VIS-CIV-TW-27,VIS-CIV-TW-27.webp,TRANSITION_WINDOW,TW-27,民族国家,表现“民族国家”的 before → threshold → after 转型过程；以场景变化表达结构转折，无文字。,16:09,CIV-VIS-B35,4,8,继续 TRANSITION_WINDOW 第四批 8 张
VIS-CIV-TW-28,VIS-CIV-TW-28.webp,TRANSITION_WINDOW,TW-28,总动员战争,表现“总动员战争”的 before → threshold → after 转型过程；以场景变化表达结构转折，无文字。,16:09,CIV-VIS-B35,4,8,继续 TRANSITION_WINDOW 第四批 8 张
VIS-CIV-TW-29,VIS-CIV-TW-29.webp,TRANSITION_WINDOW,TW-29,核时代,表现“核时代”的 before → threshold → after 转型过程；以场景变化表达结构转折，无文字。,16:09,CIV-VIS-B35,4,8,继续 TRANSITION_WINDOW 第四批 8 张
VIS-CIV-TW-30,VIS-CIV-TW-30.webp,TRANSITION_WINDOW,TW-30,去殖民化,表现“去殖民化”的 before → threshold → after 转型过程；以场景变化表达结构转折，无文字。,16:09,CIV-VIS-B35,4,8,继续 TRANSITION_WINDOW 第四批 8 张
VIS-CIV-TW-31,VIS-CIV-TW-31.webp,TRANSITION_WINDOW,TW-31,数字网络,表现“数字网络”的 before → threshold → after 转型过程；以场景变化表达结构转折，无文字。,16:09,CIV-VIS-B35,4,8,继续 TRANSITION_WINDOW 第四批 8 张
VIS-CIV-TW-32,VIS-CIV-TW-32.webp,TRANSITION_WINDOW,TW-32,计算—人工智能,表现“计算—人工智能”的 before → threshold → after 转型过程；以场景变化表达结构转折，无文字。,16:09,CIV-VIS-B35,4,8,继续 TRANSITION_WINDOW 第四批 8 张
VIS-CIV-SS-01,VIS-CIV-SS-01.webp,SCALE_SHIFT,SS-01,定居文明,表现“定居文明”的运行尺度跃迁，从较小层级转向更大层级；结构清晰，适合叠加 SVG。,16:09,CIV-VIS-B36,1,7,继续 SCALE_SHIFT 第一批 7 张
VIS-CIV-SS-02,VIS-CIV-SS-02.webp,SCALE_SHIFT,SS-02,城市文明,表现“城市文明”的运行尺度跃迁，从较小层级转向更大层级；结构清晰，适合叠加 SVG。,16:09,CIV-VIS-B36,1,7,继续 SCALE_SHIFT 第一批 7 张
VIS-CIV-SS-03,VIS-CIV-SS-03.webp,SCALE_SHIFT,SS-03,帝国文明,表现“帝国文明”的运行尺度跃迁，从较小层级转向更大层级；结构清晰，适合叠加 SVG。,16:09,CIV-VIS-B36,1,7,继续 SCALE_SHIFT 第一批 7 张
VIS-CIV-SS-04,VIS-CIV-SS-04.webp,SCALE_SHIFT,SS-04,超政治文明,表现“超政治文明”的运行尺度跃迁，从较小层级转向更大层级；结构清晰，适合叠加 SVG。,16:09,CIV-VIS-B36,1,7,继续 SCALE_SHIFT 第一批 7 张
VIS-CIV-SS-05,VIS-CIV-SS-05.webp,SCALE_SHIFT,SS-05,行星文明连接,表现“行星文明连接”的运行尺度跃迁，从较小层级转向更大层级；结构清晰，适合叠加 SVG。,16:09,CIV-VIS-B36,1,7,继续 SCALE_SHIFT 第一批 7 张
VIS-CIV-SS-06,VIS-CIV-SS-06.webp,SCALE_SHIFT,SS-06,工业文明,表现“工业文明”的运行尺度跃迁，从较小层级转向更大层级；结构清晰，适合叠加 SVG。,16:09,CIV-VIS-B36,1,7,继续 SCALE_SHIFT 第一批 7 张
VIS-CIV-SS-07,VIS-CIV-SS-07.webp,SCALE_SHIFT,SS-07,计算文明基础设施,表现“计算文明基础设施”的运行尺度跃迁，从较小层级转向更大层级；结构清晰，适合叠加 SVG。,16:09,CIV-VIS-B36,1,7,继续 SCALE_SHIFT 第一批 7 张
VIS-CIV-LF-POLITICAL_BOUNDARY,VIS-CIV-LF-POLITICAL_BOUNDARY.webp,LOSS_FAMILY,POLITICAL_BOUNDARY,政治与边界,表现“政治与边界”对应的文明损失/逆转机制；深色、克制、历史感强，留矩阵叠加空间。,16:09,CIV-VIS-B37,1,6,继续 LOSS_FAMILY 第一批 6 张
VIS-CIV-LF-POPULATION_URBAN,VIS-CIV-LF-POPULATION_URBAN.webp,LOSS_FAMILY,POPULATION_URBAN,人口与城市,表现“人口与城市”对应的文明损失/逆转机制；深色、克制、历史感强，留矩阵叠加空间。,16:09,CIV-VIS-B37,1,6,继续 LOSS_FAMILY 第一批 6 张
VIS-CIV-LF-KNOWLEDGE_INSTITUTIONAL,VIS-CIV-LF-KNOWLEDGE_INSTITUTIONAL.webp,LOSS_FAMILY,KNOWLEDGE_INSTITUTIONAL,知识与制度,表现“知识与制度”对应的文明损失/逆转机制；深色、克制、历史感强，留矩阵叠加空间。,16:09,CIV-VIS-B37,1,6,继续 LOSS_FAMILY 第一批 6 张
VIS-CIV-LF-NETWORK_INFRASTRUCTURE,VIS-CIV-LF-NETWORK_INFRASTRUCTURE.webp,LOSS_FAMILY,NETWORK_INFRASTRUCTURE,网络与基础设施,表现“网络与基础设施”对应的文明损失/逆转机制；深色、克制、历史感强，留矩阵叠加空间。,16:09,CIV-VIS-B37,1,6,继续 LOSS_FAMILY 第一批 6 张
VIS-CIV-LF-MEANING_IDENTITY_CARRIER,VIS-CIV-LF-MEANING_IDENTITY_CARRIER.webp,LOSS_FAMILY,MEANING_IDENTITY_CARRIER,意义、身份与载体,表现“意义、身份与载体”对应的文明损失/逆转机制；深色、克制、历史感强，留矩阵叠加空间。,16:09,CIV-VIS-B37,1,6,继续 LOSS_FAMILY 第一批 6 张
VIS-CIV-LF-SUCCESSION_ABSORPTION_FUTURE,VIS-CIV-LF-SUCCESSION_ABSORPTION_FUTURE.webp,LOSS_FAMILY,SUCCESSION_ABSORPTION_FUTURE,继任、吸收与未来,表现“继任、吸收与未来”对应的文明损失/逆转机制；深色、克制、历史感强，留矩阵叠加空间。,16:09,CIV-VIS-B37,1,6,继续 LOSS_FAMILY 第一批 6 张
VIS-CIV-LT-LOSS-REGIME-END,VIS-CIV-LT-LOSS-REGIME-END.webp,LOSS_TYPE_VIGNETTE,LOSS-REGIME-END,政权终止,用极简小场景/图标表现“政权终止”；象征性强、无文字，适合卡片和矩阵。,1:01,CIV-VIS-B38,1,8,继续 LOSS_TYPE_VIGNETTE 第一批 8 张
VIS-CIV-LT-LOSS-TERRITORIAL-CONTRACTION,VIS-CIV-LT-LOSS-TERRITORIAL-CONTRACTION.webp,LOSS_TYPE_VIGNETTE,LOSS-TERRITORIAL-CONTRACTION,领土收缩,用极简小场景/图标表现“领土收缩”；象征性强、无文字，适合卡片和矩阵。,1:01,CIV-VIS-B38,1,8,继续 LOSS_TYPE_VIGNETTE 第一批 8 张
VIS-CIV-LT-LOSS-SOVEREIGNTY-LOSS,VIS-CIV-LT-LOSS-SOVEREIGNTY-LOSS.webp,LOSS_TYPE_VIGNETTE,LOSS-SOVEREIGNTY-LOSS,主权丧失,用极简小场景/图标表现“主权丧失”；象征性强、无文字，适合卡片和矩阵。,1:01,CIV-VIS-B38,1,8,继续 LOSS_TYPE_VIGNETTE 第一批 8 张
VIS-CIV-LT-LOSS-BOUNDARY-RECONFIGURATION,VIS-CIV-LT-LOSS-BOUNDARY-RECONFIGURATION.webp,LOSS_TYPE_VIGNETTE,LOSS-BOUNDARY-RECONFIGURATION,边界重塑,用极简小场景/图标表现“边界重塑”；象征性强、无文字，适合卡片和矩阵。,1:01,CIV-VIS-B38,1,8,继续 LOSS_TYPE_VIGNETTE 第一批 8 张
VIS-CIV-LT-LOSS-POPULATION-DECLINE,VIS-CIV-LT-LOSS-POPULATION-DECLINE.webp,LOSS_TYPE_VIGNETTE,LOSS-POPULATION-DECLINE,人口下降,用极简小场景/图标表现“人口下降”；象征性强、无文字，适合卡片和矩阵。,1:01,CIV-VIS-B38,1,8,继续 LOSS_TYPE_VIGNETTE 第一批 8 张
VIS-CIV-LT-LOSS-URBAN-DECLINE,VIS-CIV-LT-LOSS-URBAN-DECLINE.webp,LOSS_TYPE_VIGNETTE,LOSS-URBAN-DECLINE,城市衰退,用极简小场景/图标表现“城市衰退”；象征性强、无文字，适合卡片和矩阵。,1:01,CIV-VIS-B38,1,8,继续 LOSS_TYPE_VIGNETTE 第一批 8 张
VIS-CIV-LT-LOSS-SETTLEMENT-NETWORK-BREAKDOWN,VIS-CIV-LT-LOSS-SETTLEMENT-NETWORK-BREAKDOWN.webp,LOSS_TYPE_VIGNETTE,LOSS-SETTLEMENT-NETWORK-BREAKDOWN,聚落网络破碎,用极简小场景/图标表现“聚落网络破碎”；象征性强、无文字，适合卡片和矩阵。,1:01,CIV-VIS-B38,1,8,继续 LOSS_TYPE_VIGNETTE 第一批 8 张
VIS-CIV-LT-LOSS-DEMOGRAPHIC-TRANSFORMATION,VIS-CIV-LT-LOSS-DEMOGRAPHIC-TRANSFORMATION.webp,LOSS_TYPE_VIGNETTE,LOSS-DEMOGRAPHIC-TRANSFORMATION,人口结构变迁,用极简小场景/图标表现“人口结构变迁”；象征性强、无文字，适合卡片和矩阵。,1:01,CIV-VIS-B38,1,8,继续 LOSS_TYPE_VIGNETTE 第一批 8 张
VIS-CIV-LT-LOSS-INSTITUTIONAL-BREAKDOWN,VIS-CIV-LT-LOSS-INSTITUTIONAL-BREAKDOWN.webp,LOSS_TYPE_VIGNETTE,LOSS-INSTITUTIONAL-BREAKDOWN,制度瓦解,用极简小场景/图标表现“制度瓦解”；象征性强、无文字，适合卡片和矩阵。,1:01,CIV-VIS-B39,2,8,继续 LOSS_TYPE_VIGNETTE 第二批 8 张
VIS-CIV-LT-LOSS-KNOWLEDGE-TRANSMISSION-LOSS,VIS-CIV-LT-LOSS-KNOWLEDGE-TRANSMISSION-LOSS.webp,LOSS_TYPE_VIGNETTE,LOSS-KNOWLEDGE-TRANSMISSION-LOSS,知识传承中断,用极简小场景/图标表现“知识传承中断”；象征性强、无文字，适合卡片和矩阵。,1:01,CIV-VIS-B39,2,8,继续 LOSS_TYPE_VIGNETTE 第二批 8 张
VIS-CIV-LT-LOSS-EDUCATION-DECLINE,VIS-CIV-LT-LOSS-EDUCATION-DECLINE.webp,LOSS_TYPE_VIGNETTE,LOSS-EDUCATION-DECLINE,教育体系衰退,用极简小场景/图标表现“教育体系衰退”；象征性强、无文字，适合卡片和矩阵。,1:01,CIV-VIS-B39,2,8,继续 LOSS_TYPE_VIGNETTE 第二批 8 张
VIS-CIV-LT-LOSS-PROFESSIONAL-CLASS-LOSS,VIS-CIV-LT-LOSS-PROFESSIONAL-CLASS-LOSS.webp,LOSS_TYPE_VIGNETTE,LOSS-PROFESSIONAL-CLASS-LOSS,专业阶层消失,用极简小场景/图标表现“专业阶层消失”；象征性强、无文字，适合卡片和矩阵。,1:01,CIV-VIS-B39,2,8,继续 LOSS_TYPE_VIGNETTE 第二批 8 张
VIS-CIV-LT-LOSS-TRANSPORT-NETWORK-LOSS,VIS-CIV-LT-LOSS-TRANSPORT-NETWORK-LOSS.webp,LOSS_TYPE_VIGNETTE,LOSS-TRANSPORT-NETWORK-LOSS,交通网络崩解,用极简小场景/图标表现“交通网络崩解”；象征性强、无文字，适合卡片和矩阵。,1:01,CIV-VIS-B39,2,8,继续 LOSS_TYPE_VIGNETTE 第二批 8 张
VIS-CIV-LT-LOSS-TRADE-SYSTEM-DISRUPTION,VIS-CIV-LT-LOSS-TRADE-SYSTEM-DISRUPTION.webp,LOSS_TYPE_VIGNETTE,LOSS-TRADE-SYSTEM-DISRUPTION,贸易体系中断,用极简小场景/图标表现“贸易体系中断”；象征性强、无文字，适合卡片和矩阵。,1:01,CIV-VIS-B39,2,8,继续 LOSS_TYPE_VIGNETTE 第二批 8 张
VIS-CIV-LT-LOSS-COMMUNICATION-BREAKDOWN,VIS-CIV-LT-LOSS-COMMUNICATION-BREAKDOWN.webp,LOSS_TYPE_VIGNETTE,LOSS-COMMUNICATION-BREAKDOWN,通信连接断裂,用极简小场景/图标表现“通信连接断裂”；象征性强、无文字，适合卡片和矩阵。,1:01,CIV-VIS-B39,2,8,继续 LOSS_TYPE_VIGNETTE 第二批 8 张
VIS-CIV-LT-LOSS-INFRASTRUCTURE-ABANDONMENT,VIS-CIV-LT-LOSS-INFRASTRUCTURE-ABANDONMENT.webp,LOSS_TYPE_VIGNETTE,LOSS-INFRASTRUCTURE-ABANDONMENT,基础设施废弃,用极简小场景/图标表现“基础设施废弃”；象征性强、无文字，适合卡片和矩阵。,1:01,CIV-VIS-B39,2,8,继续 LOSS_TYPE_VIGNETTE 第二批 8 张
VIS-CIV-LT-LOSS-RELIGIOUS-TRANSFORMATION,VIS-CIV-LT-LOSS-RELIGIOUS-TRANSFORMATION.webp,LOSS_TYPE_VIGNETTE,LOSS-RELIGIOUS-TRANSFORMATION,宗教体系变迁,用极简小场景/图标表现“宗教体系变迁”；象征性强、无文字，适合卡片和矩阵。,1:01,CIV-VIS-B40,3,8,继续 LOSS_TYPE_VIGNETTE 第三批 8 张
VIS-CIV-LT-LOSS-CULTURAL-DISCONTINUITY,VIS-CIV-LT-LOSS-CULTURAL-DISCONTINUITY.webp,LOSS_TYPE_VIGNETTE,LOSS-CULTURAL-DISCONTINUITY,文化传统中断,用极简小场景/图标表现“文化传统中断”；象征性强、无文字，适合卡片和矩阵。,1:01,CIV-VIS-B40,3,8,继续 LOSS_TYPE_VIGNETTE 第三批 8 张
VIS-CIV-LT-LOSS-LANGUAGE-DECLINE,VIS-CIV-LT-LOSS-LANGUAGE-DECLINE.webp,LOSS_TYPE_VIGNETTE,LOSS-LANGUAGE-DECLINE,语言使用衰退,用极简小场景/图标表现“语言使用衰退”；象征性强、无文字，适合卡片和矩阵。,1:01,CIV-VIS-B40,3,8,继续 LOSS_TYPE_VIGNETTE 第三批 8 张
VIS-CIV-LT-LOSS-IDENTITY-RECONFIGURATION,VIS-CIV-LT-LOSS-IDENTITY-RECONFIGURATION.webp,LOSS_TYPE_VIGNETTE,LOSS-IDENTITY-RECONFIGURATION,身份认同转化,用极简小场景/图标表现“身份认同转化”；象征性强、无文字，适合卡片和矩阵。,1:01,CIV-VIS-B40,3,8,继续 LOSS_TYPE_VIGNETTE 第三批 8 张
VIS-CIV-LT-LOSS-ABSORPTION-BY-OTHERS,VIS-CIV-LT-LOSS-ABSORPTION-BY-OTHERS.webp,LOSS_TYPE_VIGNETTE,LOSS-ABSORPTION-BY-OTHERS,被其他文明吸收,用极简小场景/图标表现“被其他文明吸收”；象征性强、无文字，适合卡片和矩阵。,1:01,CIV-VIS-B40,3,8,继续 LOSS_TYPE_VIGNETTE 第三批 8 张
VIS-CIV-LT-LOSS-PARTIAL-CONTINUATION,VIS-CIV-LT-LOSS-PARTIAL-CONTINUATION.webp,LOSS_TYPE_VIGNETTE,LOSS-PARTIAL-CONTINUATION,部分延续存在,用极简小场景/图标表现“部分延续存在”；象征性强、无文字，适合卡片和矩阵。,1:01,CIV-VIS-B40,3,8,继续 LOSS_TYPE_VIGNETTE 第三批 8 张
VIS-CIV-LT-LOSS-FORM-TRANSFORMATION,VIS-CIV-LT-LOSS-FORM-TRANSFORMATION.webp,LOSS_TYPE_VIGNETTE,LOSS-FORM-TRANSFORMATION,形态转化,用极简小场景/图标表现“形态转化”；象征性强、无文字，适合卡片和矩阵。,1:01,CIV-VIS-B40,3,8,继续 LOSS_TYPE_VIGNETTE 第三批 8 张
VIS-CIV-LT-LOSS-LEGACY-IN-NEW-SYSTEMS,VIS-CIV-LT-LOSS-LEGACY-IN-NEW-SYSTEMS.webp,LOSS_TYPE_VIGNETTE,LOSS-LEGACY-IN-NEW-SYSTEMS,遗产进入新系统,用极简小场景/图标表现“遗产进入新系统”；象征性强、无文字，适合卡片和矩阵。,1:01,CIV-VIS-B40,3,8,继续 LOSS_TYPE_VIGNETTE 第三批 8 张
VIS-CIV-INF-01,VIS-CIV-INF-01.webp,CIVILIZATION_INFRASTRUCTURE,INF-01,农业与灌溉,表现“农业与灌溉”如何承载文明运行；做成可跨文明复用的基础设施场景，无文字。,4:03,CIV-VIS-B41,1,10,继续 CIVILIZATION_INFRASTRUCTURE 第一批 10 张
VIS-CIV-INF-02,VIS-CIV-INF-02.webp,CIVILIZATION_INFRASTRUCTURE,INF-02,粮仓与储存,表现“粮仓与储存”如何承载文明运行；做成可跨文明复用的基础设施场景，无文字。,4:03,CIV-VIS-B41,1,10,继续 CIVILIZATION_INFRASTRUCTURE 第一批 10 张
VIS-CIV-INF-03,VIS-CIV-INF-03.webp,CIVILIZATION_INFRASTRUCTURE,INF-03,城墙与城市门户,表现“城墙与城市门户”如何承载文明运行；做成可跨文明复用的基础设施场景，无文字。,4:03,CIV-VIS-B41,1,10,继续 CIVILIZATION_INFRASTRUCTURE 第一批 10 张
VIS-CIV-INF-04,VIS-CIV-INF-04.webp,CIVILIZATION_INFRASTRUCTURE,INF-04,市场与集市,表现“市场与集市”如何承载文明运行；做成可跨文明复用的基础设施场景，无文字。,4:03,CIV-VIS-B41,1,10,继续 CIVILIZATION_INFRASTRUCTURE 第一批 10 张
VIS-CIV-INF-05,VIS-CIV-INF-05.webp,CIVILIZATION_INFRASTRUCTURE,INF-05,道路与驿站,表现“道路与驿站”如何承载文明运行；做成可跨文明复用的基础设施场景，无文字。,4:03,CIV-VIS-B41,1,10,继续 CIVILIZATION_INFRASTRUCTURE 第一批 10 张
VIS-CIV-INF-06,VIS-CIV-INF-06.webp,CIVILIZATION_INFRASTRUCTURE,INF-06,港口与码头,表现“港口与码头”如何承载文明运行；做成可跨文明复用的基础设施场景，无文字。,4:03,CIV-VIS-B41,1,10,继续 CIVILIZATION_INFRASTRUCTURE 第一批 10 张
VIS-CIV-INF-07,VIS-CIV-INF-07.webp,CIVILIZATION_INFRASTRUCTURE,INF-07,运河与水利,表现“运河与水利”如何承载文明运行；做成可跨文明复用的基础设施场景，无文字。,4:03,CIV-VIS-B41,1,10,继续 CIVILIZATION_INFRASTRUCTURE 第一批 10 张
VIS-CIV-INF-08,VIS-CIV-INF-08.webp,CIVILIZATION_INFRASTRUCTURE,INF-08,寺庙 / 教堂 / 清真寺,表现“寺庙 / 教堂 / 清真寺”如何承载文明运行；做成可跨文明复用的基础设施场景，无文字。,4:03,CIV-VIS-B41,1,10,继续 CIVILIZATION_INFRASTRUCTURE 第一批 10 张
VIS-CIV-INF-09,VIS-CIV-INF-09.webp,CIVILIZATION_INFRASTRUCTURE,INF-09,宫殿与行政中心,表现“宫殿与行政中心”如何承载文明运行；做成可跨文明复用的基础设施场景，无文字。,4:03,CIV-VIS-B41,1,10,继续 CIVILIZATION_INFRASTRUCTURE 第一批 10 张
VIS-CIV-INF-10,VIS-CIV-INF-10.webp,CIVILIZATION_INFRASTRUCTURE,INF-10,图书馆与档案,表现“图书馆与档案”如何承载文明运行；做成可跨文明复用的基础设施场景，无文字。,4:03,CIV-VIS-B41,1,10,继续 CIVILIZATION_INFRASTRUCTURE 第一批 10 张
VIS-CIV-INF-11,VIS-CIV-INF-11.webp,CIVILIZATION_INFRASTRUCTURE,INF-11,学校与学院,表现“学校与学院”如何承载文明运行；做成可跨文明复用的基础设施场景，无文字。,4:03,CIV-VIS-B42,2,10,继续 CIVILIZATION_INFRASTRUCTURE 第二批 10 张
VIS-CIV-INF-12,VIS-CIV-INF-12.webp,CIVILIZATION_INFRASTRUCTURE,INF-12,印刷与书写系统,表现“印刷与书写系统”如何承载文明运行；做成可跨文明复用的基础设施场景，无文字。,4:03,CIV-VIS-B42,2,10,继续 CIVILIZATION_INFRASTRUCTURE 第二批 10 张
VIS-CIV-INF-13,VIS-CIV-INF-13.webp,CIVILIZATION_INFRASTRUCTURE,INF-13,工坊与手工业,表现“工坊与手工业”如何承载文明运行；做成可跨文明复用的基础设施场景，无文字。,4:03,CIV-VIS-B42,2,10,继续 CIVILIZATION_INFRASTRUCTURE 第二批 10 张
VIS-CIV-INF-14,VIS-CIV-INF-14.webp,CIVILIZATION_INFRASTRUCTURE,INF-14,工厂与蒸汽工业,表现“工厂与蒸汽工业”如何承载文明运行；做成可跨文明复用的基础设施场景，无文字。,4:03,CIV-VIS-B42,2,10,继续 CIVILIZATION_INFRASTRUCTURE 第二批 10 张
VIS-CIV-INF-15,VIS-CIV-INF-15.webp,CIVILIZATION_INFRASTRUCTURE,INF-15,铁路与车站,表现“铁路与车站”如何承载文明运行；做成可跨文明复用的基础设施场景，无文字。,4:03,CIV-VIS-B42,2,10,继续 CIVILIZATION_INFRASTRUCTURE 第二批 10 张
VIS-CIV-INF-16,VIS-CIV-INF-16.webp,CIVILIZATION_INFRASTRUCTURE,INF-16,电报与通信,表现“电报与通信”如何承载文明运行；做成可跨文明复用的基础设施场景，无文字。,4:03,CIV-VIS-B42,2,10,继续 CIVILIZATION_INFRASTRUCTURE 第二批 10 张
VIS-CIV-INF-17,VIS-CIV-INF-17.webp,CIVILIZATION_INFRASTRUCTURE,INF-17,电力与现代城市系统,表现“电力与现代城市系统”如何承载文明运行；做成可跨文明复用的基础设施场景，无文字。,4:03,CIV-VIS-B42,2,10,继续 CIVILIZATION_INFRASTRUCTURE 第二批 10 张
VIS-CIV-INF-18,VIS-CIV-INF-18.webp,CIVILIZATION_INFRASTRUCTURE,INF-18,集装箱与物流网络,表现“集装箱与物流网络”如何承载文明运行；做成可跨文明复用的基础设施场景，无文字。,4:03,CIV-VIS-B42,2,10,继续 CIVILIZATION_INFRASTRUCTURE 第二批 10 张
VIS-CIV-INF-19,VIS-CIV-INF-19.webp,CIVILIZATION_INFRASTRUCTURE,INF-19,数据中心与服务器,表现“数据中心与服务器”如何承载文明运行；做成可跨文明复用的基础设施场景，无文字。,4:03,CIV-VIS-B42,2,10,继续 CIVILIZATION_INFRASTRUCTURE 第二批 10 张
VIS-CIV-INF-20,VIS-CIV-INF-20.webp,CIVILIZATION_INFRASTRUCTURE,INF-20,芯片 / AI 计算基础设施,表现“芯片 / AI 计算基础设施”如何承载文明运行；做成可跨文明复用的基础设施场景，无文字。,4:03,CIV-VIS-B42,2,10,继续 CIVILIZATION_INFRASTRUCTURE 第二批 10 张
VIS-CIV-MAP-01,VIS-CIV-MAP-01.webp,GEOGRAPHIC_BASE,MAP-01,World Landmass Dark,制作“World Landmass Dark”的深色 atlas 地理底图：海陆轮廓与区域层次清楚；不放文明标签、路线或政治断言。,16:09,CIV-VIS-B43,1,10,继续 GEOGRAPHIC_BASE 第一批 10 张
VIS-CIV-MAP-02,VIS-CIV-MAP-02.webp,GEOGRAPHIC_BASE,MAP-02,Eurasia,制作“Eurasia”的深色 atlas 地理底图：海陆轮廓与区域层次清楚；不放文明标签、路线或政治断言。,16:09,CIV-VIS-B43,1,10,继续 GEOGRAPHIC_BASE 第一批 10 张
VIS-CIV-MAP-03,VIS-CIV-MAP-03.webp,GEOGRAPHIC_BASE,MAP-03,Africa–Mediterranean,制作“Africa–Mediterranean”的深色 atlas 地理底图：海陆轮廓与区域层次清楚；不放文明标签、路线或政治断言。,16:09,CIV-VIS-B43,1,10,继续 GEOGRAPHIC_BASE 第一批 10 张
VIS-CIV-MAP-04,VIS-CIV-MAP-04.webp,GEOGRAPHIC_BASE,MAP-04,East Asia,制作“East Asia”的深色 atlas 地理底图：海陆轮廓与区域层次清楚；不放文明标签、路线或政治断言。,16:09,CIV-VIS-B43,1,10,继续 GEOGRAPHIC_BASE 第一批 10 张
VIS-CIV-MAP-05,VIS-CIV-MAP-05.webp,GEOGRAPHIC_BASE,MAP-05,South Asia,制作“South Asia”的深色 atlas 地理底图：海陆轮廓与区域层次清楚；不放文明标签、路线或政治断言。,16:09,CIV-VIS-B43,1,10,继续 GEOGRAPHIC_BASE 第一批 10 张
VIS-CIV-MAP-06,VIS-CIV-MAP-06.webp,GEOGRAPHIC_BASE,MAP-06,Southeast Asia & Archipelago,制作“Southeast Asia & Archipelago”的深色 atlas 地理底图：海陆轮廓与区域层次清楚；不放文明标签、路线或政治断言。,16:09,CIV-VIS-B43,1,10,继续 GEOGRAPHIC_BASE 第一批 10 张
VIS-CIV-MAP-07,VIS-CIV-MAP-07.webp,GEOGRAPHIC_BASE,MAP-07,Europe,制作“Europe”的深色 atlas 地理底图：海陆轮廓与区域层次清楚；不放文明标签、路线或政治断言。,16:09,CIV-VIS-B43,1,10,继续 GEOGRAPHIC_BASE 第一批 10 张
VIS-CIV-MAP-08,VIS-CIV-MAP-08.webp,GEOGRAPHIC_BASE,MAP-08,Americas,制作“Americas”的深色 atlas 地理底图：海陆轮廓与区域层次清楚；不放文明标签、路线或政治断言。,16:09,CIV-VIS-B43,1,10,继续 GEOGRAPHIC_BASE 第一批 10 张
VIS-CIV-MAP-09,VIS-CIV-MAP-09.webp,GEOGRAPHIC_BASE,MAP-09,Indian Ocean,制作“Indian Ocean”的深色 atlas 地理底图：海陆轮廓与区域层次清楚；不放文明标签、路线或政治断言。,16:09,CIV-VIS-B43,1,10,继续 GEOGRAPHIC_BASE 第一批 10 张
VIS-CIV-MAP-10,VIS-CIV-MAP-10.webp,GEOGRAPHIC_BASE,MAP-10,Mediterranean–Atlantic,制作“Mediterranean–Atlantic”的深色 atlas 地理底图：海陆轮廓与区域层次清楚；不放文明标签、路线或政治断言。,16:09,CIV-VIS-B43,1,10,继续 GEOGRAPHIC_BASE 第一批 10 张
VIS-CIV-HF-01,VIS-CIV-HF-01.webp,HISTORICAL_FIGURE,HF-01,汉谟拉比,表现“汉谟拉比”的庄重历史人物辅助视觉；服饰与时代尽量准确，背景简洁，不把肖像当史料证据。,4:05,CIV-VIS-B44,1,8,继续 HISTORICAL_FIGURE 第一批 8 张
VIS-CIV-HF-02,VIS-CIV-HF-02.webp,HISTORICAL_FIGURE,HF-02,哈特谢普苏特,表现“哈特谢普苏特”的庄重历史人物辅助视觉；服饰与时代尽量准确，背景简洁，不把肖像当史料证据。,4:05,CIV-VIS-B44,1,8,继续 HISTORICAL_FIGURE 第一批 8 张
VIS-CIV-HF-03,VIS-CIV-HF-03.webp,HISTORICAL_FIGURE,HF-03,孔子,表现“孔子”的庄重历史人物辅助视觉；服饰与时代尽量准确，背景简洁，不把肖像当史料证据。,4:05,CIV-VIS-B44,1,8,继续 HISTORICAL_FIGURE 第一批 8 张
VIS-CIV-HF-04,VIS-CIV-HF-04.webp,HISTORICAL_FIGURE,HF-04,阿育王,表现“阿育王”的庄重历史人物辅助视觉；服饰与时代尽量准确，背景简洁，不把肖像当史料证据。,4:05,CIV-VIS-B44,1,8,继续 HISTORICAL_FIGURE 第一批 8 张
VIS-CIV-HF-05,VIS-CIV-HF-05.webp,HISTORICAL_FIGURE,HF-05,亚历山大,表现“亚历山大”的庄重历史人物辅助视觉；服饰与时代尽量准确，背景简洁，不把肖像当史料证据。,4:05,CIV-VIS-B44,1,8,继续 HISTORICAL_FIGURE 第一批 8 张
VIS-CIV-HF-06,VIS-CIV-HF-06.webp,HISTORICAL_FIGURE,HF-06,奥古斯都,表现“奥古斯都”的庄重历史人物辅助视觉；服饰与时代尽量准确，背景简洁，不把肖像当史料证据。,4:05,CIV-VIS-B44,1,8,继续 HISTORICAL_FIGURE 第一批 8 张
VIS-CIV-HF-07,VIS-CIV-HF-07.webp,HISTORICAL_FIGURE,HF-07,查士丁尼,表现“查士丁尼”的庄重历史人物辅助视觉；服饰与时代尽量准确，背景简洁，不把肖像当史料证据。,4:05,CIV-VIS-B44,1,8,继续 HISTORICAL_FIGURE 第一批 8 张
VIS-CIV-HF-08,VIS-CIV-HF-08.webp,HISTORICAL_FIGURE,HF-08,查理曼,表现“查理曼”的庄重历史人物辅助视觉；服饰与时代尽量准确，背景简洁，不把肖像当史料证据。,4:05,CIV-VIS-B44,1,8,继续 HISTORICAL_FIGURE 第一批 8 张
VIS-CIV-HF-09,VIS-CIV-HF-09.webp,HISTORICAL_FIGURE,HF-09,成吉思汗,表现“成吉思汗”的庄重历史人物辅助视觉；服饰与时代尽量准确，背景简洁，不把肖像当史料证据。,4:05,CIV-VIS-B45,2,8,继续 HISTORICAL_FIGURE 第二批 8 张
VIS-CIV-HF-10,VIS-CIV-HF-10.webp,HISTORICAL_FIGURE,HF-10,伊本·赫勒敦,表现“伊本·赫勒敦”的庄重历史人物辅助视觉；服饰与时代尽量准确，背景简洁，不把肖像当史料证据。,4:05,CIV-VIS-B45,2,8,继续 HISTORICAL_FIGURE 第二批 8 张
VIS-CIV-HF-11,VIS-CIV-HF-11.webp,HISTORICAL_FIGURE,HF-11,郑和,表现“郑和”的庄重历史人物辅助视觉；服饰与时代尽量准确，背景简洁，不把肖像当史料证据。,4:05,CIV-VIS-B45,2,8,继续 HISTORICAL_FIGURE 第二批 8 张
VIS-CIV-HF-12,VIS-CIV-HF-12.webp,HISTORICAL_FIGURE,HF-12,古腾堡,表现“古腾堡”的庄重历史人物辅助视觉；服饰与时代尽量准确，背景简洁，不把肖像当史料证据。,4:05,CIV-VIS-B45,2,8,继续 HISTORICAL_FIGURE 第二批 8 张
VIS-CIV-HF-13,VIS-CIV-HF-13.webp,HISTORICAL_FIGURE,HF-13,詹姆斯·瓦特,表现“詹姆斯·瓦特”的庄重历史人物辅助视觉；服饰与时代尽量准确，背景简洁，不把肖像当史料证据。,4:05,CIV-VIS-B45,2,8,继续 HISTORICAL_FIGURE 第二批 8 张
VIS-CIV-HF-14,VIS-CIV-HF-14.webp,HISTORICAL_FIGURE,HF-14,甘地,表现“甘地”的庄重历史人物辅助视觉；服饰与时代尽量准确，背景简洁，不把肖像当史料证据。,4:05,CIV-VIS-B45,2,8,继续 HISTORICAL_FIGURE 第二批 8 张
VIS-CIV-HF-15,VIS-CIV-HF-15.webp,HISTORICAL_FIGURE,HF-15,邓小平,表现“邓小平”的庄重历史人物辅助视觉；服饰与时代尽量准确，背景简洁，不把肖像当史料证据。,4:05,CIV-VIS-B45,2,8,继续 HISTORICAL_FIGURE 第二批 8 张
VIS-CIV-HF-16,VIS-CIV-HF-16.webp,HISTORICAL_FIGURE,HF-16,艾伦·图灵,表现“艾伦·图灵”的庄重历史人物辅助视觉；服饰与时代尽量准确，背景简洁，不把肖像当史料证据。,4:05,CIV-VIS-B45,2,8,继续 HISTORICAL_FIGURE 第二批 8 张
VIS-CIV-FLAG-01,VIS-CIV-FLAG-01.webp,MODERN_FLAG,FLAG-01,美国,制作“美国”国旗的标准、清晰辅助视觉；颜色/图案准确，无额外装饰。,3:02,CIV-VIS-B46,1,10,继续 MODERN_FLAG 第一批 10 张
VIS-CIV-FLAG-02,VIS-CIV-FLAG-02.webp,MODERN_FLAG,FLAG-02,中国,制作“中国”国旗的标准、清晰辅助视觉；颜色/图案准确，无额外装饰。,3:02,CIV-VIS-B46,1,10,继续 MODERN_FLAG 第一批 10 张
VIS-CIV-FLAG-03,VIS-CIV-FLAG-03.webp,MODERN_FLAG,FLAG-03,印度,制作“印度”国旗的标准、清晰辅助视觉；颜色/图案准确，无额外装饰。,3:02,CIV-VIS-B46,1,10,继续 MODERN_FLAG 第一批 10 张
VIS-CIV-FLAG-04,VIS-CIV-FLAG-04.webp,MODERN_FLAG,FLAG-04,日本,制作“日本”国旗的标准、清晰辅助视觉；颜色/图案准确，无额外装饰。,3:02,CIV-VIS-B46,1,10,继续 MODERN_FLAG 第一批 10 张
VIS-CIV-FLAG-05,VIS-CIV-FLAG-05.webp,MODERN_FLAG,FLAG-05,韩国,制作“韩国”国旗的标准、清晰辅助视觉；颜色/图案准确，无额外装饰。,3:02,CIV-VIS-B46,1,10,继续 MODERN_FLAG 第一批 10 张
VIS-CIV-FLAG-06,VIS-CIV-FLAG-06.webp,MODERN_FLAG,FLAG-06,新加坡,制作“新加坡”国旗的标准、清晰辅助视觉；颜色/图案准确，无额外装饰。,3:02,CIV-VIS-B46,1,10,继续 MODERN_FLAG 第一批 10 张
VIS-CIV-FLAG-07,VIS-CIV-FLAG-07.webp,MODERN_FLAG,FLAG-07,印度尼西亚,制作“印度尼西亚”国旗的标准、清晰辅助视觉；颜色/图案准确，无额外装饰。,3:02,CIV-VIS-B46,1,10,继续 MODERN_FLAG 第一批 10 张
VIS-CIV-FLAG-08,VIS-CIV-FLAG-08.webp,MODERN_FLAG,FLAG-08,马来西亚,制作“马来西亚”国旗的标准、清晰辅助视觉；颜色/图案准确，无额外装饰。,3:02,CIV-VIS-B46,1,10,继续 MODERN_FLAG 第一批 10 张
VIS-CIV-FLAG-09,VIS-CIV-FLAG-09.webp,MODERN_FLAG,FLAG-09,泰国,制作“泰国”国旗的标准、清晰辅助视觉；颜色/图案准确，无额外装饰。,3:02,CIV-VIS-B46,1,10,继续 MODERN_FLAG 第一批 10 张
VIS-CIV-FLAG-10,VIS-CIV-FLAG-10.webp,MODERN_FLAG,FLAG-10,越南,制作“越南”国旗的标准、清晰辅助视觉；颜色/图案准确，无额外装饰。,3:02,CIV-VIS-B46,1,10,继续 MODERN_FLAG 第一批 10 张
VIS-CIV-FLAG-11,VIS-CIV-FLAG-11.webp,MODERN_FLAG,FLAG-11,菲律宾,制作“菲律宾”国旗的标准、清晰辅助视觉；颜色/图案准确，无额外装饰。,3:02,CIV-VIS-B47,2,10,继续 MODERN_FLAG 第二批 10 张
VIS-CIV-FLAG-12,VIS-CIV-FLAG-12.webp,MODERN_FLAG,FLAG-12,巴基斯坦,制作“巴基斯坦”国旗的标准、清晰辅助视觉；颜色/图案准确，无额外装饰。,3:02,CIV-VIS-B47,2,10,继续 MODERN_FLAG 第二批 10 张
VIS-CIV-FLAG-13,VIS-CIV-FLAG-13.webp,MODERN_FLAG,FLAG-13,孟加拉国,制作“孟加拉国”国旗的标准、清晰辅助视觉；颜色/图案准确，无额外装饰。,3:02,CIV-VIS-B47,2,10,继续 MODERN_FLAG 第二批 10 张
VIS-CIV-FLAG-14,VIS-CIV-FLAG-14.webp,MODERN_FLAG,FLAG-14,伊朗,制作“伊朗”国旗的标准、清晰辅助视觉；颜色/图案准确，无额外装饰。,3:02,CIV-VIS-B47,2,10,继续 MODERN_FLAG 第二批 10 张
VIS-CIV-FLAG-15,VIS-CIV-FLAG-15.webp,MODERN_FLAG,FLAG-15,土耳其,制作“土耳其”国旗的标准、清晰辅助视觉；颜色/图案准确，无额外装饰。,3:02,CIV-VIS-B47,2,10,继续 MODERN_FLAG 第二批 10 张
VIS-CIV-FLAG-16,VIS-CIV-FLAG-16.webp,MODERN_FLAG,FLAG-16,俄罗斯,制作“俄罗斯”国旗的标准、清晰辅助视觉；颜色/图案准确，无额外装饰。,3:02,CIV-VIS-B47,2,10,继续 MODERN_FLAG 第二批 10 张
VIS-CIV-FLAG-17,VIS-CIV-FLAG-17.webp,MODERN_FLAG,FLAG-17,英国,制作“英国”国旗的标准、清晰辅助视觉；颜色/图案准确，无额外装饰。,3:02,CIV-VIS-B47,2,10,继续 MODERN_FLAG 第二批 10 张
VIS-CIV-FLAG-18,VIS-CIV-FLAG-18.webp,MODERN_FLAG,FLAG-18,法国,制作“法国”国旗的标准、清晰辅助视觉；颜色/图案准确，无额外装饰。,3:02,CIV-VIS-B47,2,10,继续 MODERN_FLAG 第二批 10 张
VIS-CIV-FLAG-19,VIS-CIV-FLAG-19.webp,MODERN_FLAG,FLAG-19,德国,制作“德国”国旗的标准、清晰辅助视觉；颜色/图案准确，无额外装饰。,3:02,CIV-VIS-B47,2,10,继续 MODERN_FLAG 第二批 10 张
VIS-CIV-FLAG-20,VIS-CIV-FLAG-20.webp,MODERN_FLAG,FLAG-20,意大利,制作“意大利”国旗的标准、清晰辅助视觉；颜色/图案准确，无额外装饰。,3:02,CIV-VIS-B47,2,10,继续 MODERN_FLAG 第二批 10 张
VIS-CIV-FLAG-21,VIS-CIV-FLAG-21.webp,MODERN_FLAG,FLAG-21,西班牙,制作“西班牙”国旗的标准、清晰辅助视觉；颜色/图案准确，无额外装饰。,3:02,CIV-VIS-B48,3,4,继续 MODERN_FLAG 第三批 4 张
VIS-CIV-FLAG-22,VIS-CIV-FLAG-22.webp,MODERN_FLAG,FLAG-22,巴西,制作“巴西”国旗的标准、清晰辅助视觉；颜色/图案准确，无额外装饰。,3:02,CIV-VIS-B48,3,4,继续 MODERN_FLAG 第三批 4 张
VIS-CIV-FLAG-23,VIS-CIV-FLAG-23.webp,MODERN_FLAG,FLAG-23,墨西哥,制作“墨西哥”国旗的标准、清晰辅助视觉；颜色/图案准确，无额外装饰。,3:02,CIV-VIS-B48,3,4,继续 MODERN_FLAG 第三批 4 张
VIS-CIV-FLAG-24,VIS-CIV-FLAG-24.webp,MODERN_FLAG,FLAG-24,尼日利亚,制作“尼日利亚”国旗的标准、清晰辅助视觉；颜色/图案准确，无额外装饰。,3:02,CIV-VIS-B48,3,4,继续 MODERN_FLAG 第三批 4 张
