assetId,filename,family,subjectId,aspectRatio,batchId,origin,simpleCommand
"VIS-CIV-T00-HERO","VIS-CIV-T00-HERO.webp","TIMELINE_ANCHOR","T00","16:09","CIV-VIS-B01","USER_SUPPLIED_CSV","继续 TIMELINE_ANCHOR 第一批 10 张"
"VIS-CIV-T01-HERO","VIS-CIV-T01-HERO.webp","TIMELINE_ANCHOR","T01","16:09","CIV-VIS-B01","USER_SUPPLIED_CSV","继续 TIMELINE_ANCHOR 第一批 10 张"
"VIS-CIV-T02-HERO","VIS-CIV-T02-HERO.webp","TIMELINE_ANCHOR","T02","16:09","CIV-VIS-B01","USER_SUPPLIED_CSV","继续 TIMELINE_ANCHOR 第一批 10 张"
"VIS-CIV-T03-HERO","VIS-CIV-T03-HERO.webp","TIMELINE_ANCHOR","T03","16:09","CIV-VIS-B01","USER_SUPPLIED_CSV","继续 TIMELINE_ANCHOR 第一批 10 张"
"VIS-CIV-T04-HERO","VIS-CIV-T04-HERO.webp","TIMELINE_ANCHOR","T04","16:09","CIV-VIS-B01","USER_SUPPLIED_CSV","继续 TIMELINE_ANCHOR 第一批 10 张"
"VIS-CIV-T05-HERO","VIS-CIV-T05-HERO.webp","TIMELINE_ANCHOR","T05","16:09","CIV-VIS-B01","USER_SUPPLIED_CSV","继续 TIMELINE_ANCHOR 第一批 10 张"
"VIS-CIV-T06-HERO","VIS-CIV-T06-HERO.webp","TIMELINE_ANCHOR","T06","16:09","CIV-VIS-B01","USER_SUPPLIED_CSV","继续 TIMELINE_ANCHOR 第一批 10 张"
"VIS-CIV-T07-HERO","VIS-CIV-T07-HERO.webp","TIMELINE_ANCHOR","T07","16:09","CIV-VIS-B01","USER_SUPPLIED_CSV","继续 TIMELINE_ANCHOR 第一批 10 张"
"VIS-CIV-T08-HERO","VIS-CIV-T08-HERO.webp","TIMELINE_ANCHOR","T08","16:09","CIV-VIS-B01","USER_SUPPLIED_CSV","继续 TIMELINE_ANCHOR 第一批 10 张"
"VIS-CIV-T09-HERO","VIS-CIV-T09-HERO.webp","TIMELINE_ANCHOR","T09","16:09","CIV-VIS-B01","USER_SUPPLIED_CSV","继续 TIMELINE_ANCHOR 第一批 10 张"
"VIS-CIV-T10-HERO","VIS-CIV-T10-HERO.webp","TIMELINE_ANCHOR","T10","16:09","CIV-VIS-B02","USER_SUPPLIED_CSV","继续 TIMELINE_ANCHOR 第二批 10 张"
"VIS-CIV-T11-HERO","VIS-CIV-T11-HERO.webp","TIMELINE_ANCHOR","T11","16:09","CIV-VIS-B02","USER_SUPPLIED_CSV","继续 TIMELINE_ANCHOR 第二批 10 张"
"VIS-CIV-T12-HERO","VIS-CIV-T12-HERO.webp","TIMELINE_ANCHOR","T12","16:09","CIV-VIS-B02","USER_SUPPLIED_CSV","继续 TIMELINE_ANCHOR 第二批 10 张"
"VIS-CIV-T13-HERO","VIS-CIV-T13-HERO.webp","TIMELINE_ANCHOR","T13","16:09","CIV-VIS-B02","USER_SUPPLIED_CSV","继续 TIMELINE_ANCHOR 第二批 10 张"
"VIS-CIV-T14-HERO","VIS-CIV-T14-HERO.webp","TIMELINE_ANCHOR","T14","16:09","CIV-VIS-B02","USER_SUPPLIED_CSV","继续 TIMELINE_ANCHOR 第二批 10 张"
"VIS-CIV-T15-HERO","VIS-CIV-T15-HERO.webp","TIMELINE_ANCHOR","T15","16:09","CIV-VIS-B02","USER_SUPPLIED_CSV","继续 TIMELINE_ANCHOR 第二批 10 张"
"VIS-CIV-T16-HERO","VIS-CIV-T16-HERO.webp","TIMELINE_ANCHOR","T16","16:09","CIV-VIS-B02","USER_SUPPLIED_CSV","继续 TIMELINE_ANCHOR 第二批 10 张"
"VIS-CIV-T17-HERO","VIS-CIV-T17-HERO.webp","TIMELINE_ANCHOR","T17","16:09","CIV-VIS-B02","USER_SUPPLIED_CSV","继续 TIMELINE_ANCHOR 第二批 10 张"
"VIS-CIV-T18-HERO","VIS-CIV-T18-HERO.webp","TIMELINE_ANCHOR","T18","16:09","CIV-VIS-B02","USER_SUPPLIED_CSV","继续 TIMELINE_ANCHOR 第二批 10 张"
"VIS-CIV-T19-HERO","VIS-CIV-T19-HERO.webp","TIMELINE_ANCHOR","T19","16:09","CIV-VIS-B02","USER_SUPPLIED_CSV","继续 TIMELINE_ANCHOR 第二批 10 张"
"VIS-CIV-CA-T00-01-HERO","VIS-CIV-CA-T00-01-HERO.webp","CASE_HERO","CA-T00-01","4:03","CIV-VIS-B03","USER_SUPPLIED_CSV","继续 CASE_HERO 第一批 10 张"
"VIS-CIV-CA-T00-02-HERO","VIS-CIV-CA-T00-02-HERO.webp","CASE_HERO","CA-T00-02","4:03","CIV-VIS-B03","USER_SUPPLIED_CSV","继续 CASE_HERO 第一批 10 张"
"VIS-CIV-CA-T00-03-HERO","VIS-CIV-CA-T00-03-HERO.webp","CASE_HERO","CA-T00-03","4:03","CIV-VIS-B03","USER_SUPPLIED_CSV","继续 CASE_HERO 第一批 10 张"
"VIS-CIV-CA-T00-04-HERO","VIS-CIV-CA-T00-04-HERO.webp","CASE_HERO","CA-T00-04","4:03","CIV-VIS-B03","USER_SUPPLIED_CSV","继续 CASE_HERO 第一批 10 张"
"VIS-CIV-CA-T00-05-HERO","VIS-CIV-CA-T00-05-HERO.webp","CASE_HERO","CA-T00-05","4:03","CIV-VIS-B03","USER_SUPPLIED_CSV","继续 CASE_HERO 第一批 10 张"
"VIS-CIV-CA-T00-06-HERO","VIS-CIV-CA-T00-06-HERO.webp","CASE_HERO","CA-T00-06","4:03","CIV-VIS-B03","USER_SUPPLIED_CSV","继续 CASE_HERO 第一批 10 张"
"VIS-CIV-CA-T01-01-HERO","VIS-CIV-CA-T01-01-HERO.webp","CASE_HERO","CA-T01-01","4:03","CIV-VIS-B03","USER_SUPPLIED_CSV","继续 CASE_HERO 第一批 10 张"
"VIS-CIV-CA-T01-02-HERO","VIS-CIV-CA-T01-02-HERO.webp","CASE_HERO","CA-T01-02","4:03","CIV-VIS-B03","USER_SUPPLIED_CSV","继续 CASE_HERO 第一批 10 张"
"VIS-CIV-CA-T01-03-HERO","VIS-CIV-CA-T01-03-HERO.webp","CASE_HERO","CA-T01-03","4:03","CIV-VIS-B03","USER_SUPPLIED_CSV","继续 CASE_HERO 第一批 10 张"
"VIS-CIV-CA-T01-04-HERO","VIS-CIV-CA-T01-04-HERO.webp","CASE_HERO","CA-T01-04","4:03","CIV-VIS-B03","USER_SUPPLIED_CSV","继续 CASE_HERO 第一批 10 张"
"VIS-CIV-CA-T01-05-HERO","VIS-CIV-CA-T01-05-HERO.webp","CASE_HERO","CA-T01-05","4:03","CIV-VIS-B04","USER_SUPPLIED_CSV","继续 CASE_HERO 第二批 10 张"
"VIS-CIV-CA-T01-06-HERO","VIS-CIV-CA-T01-06-HERO.webp","CASE_HERO","CA-T01-06","4:03","CIV-VIS-B04","USER_SUPPLIED_CSV","继续 CASE_HERO 第二批 10 张"
"VIS-CIV-CA-T02-01-HERO","VIS-CIV-CA-T02-01-HERO.webp","CASE_HERO","CA-T02-01","4:03","CIV-VIS-B04","USER_SUPPLIED_CSV","继续 CASE_HERO 第二批 10 张"
"VIS-CIV-CA-T02-02-HERO","VIS-CIV-CA-T02-02-HERO.webp","CASE_HERO","CA-T02-02","4:03","CIV-VIS-B04","USER_SUPPLIED_CSV","继续 CASE_HERO 第二批 10 张"
"VIS-CIV-CA-T02-03-HERO","VIS-CIV-CA-T02-03-HERO.webp","CASE_HERO","CA-T02-03","4:03","CIV-VIS-B04","USER_SUPPLIED_CSV","继续 CASE_HERO 第二批 10 张"
"VIS-CIV-CA-T02-04-HERO","VIS-CIV-CA-T02-04-HERO.webp","CASE_HERO","CA-T02-04","4:03","CIV-VIS-B04","USER_SUPPLIED_CSV","继续 CASE_HERO 第二批 10 张"
"VIS-CIV-CA-T02-05-HERO","VIS-CIV-CA-T02-05-HERO.webp","CASE_HERO","CA-T02-05","4:03","CIV-VIS-B04","USER_SUPPLIED_CSV","继续 CASE_HERO 第二批 10 张"
"VIS-CIV-CA-T02-06-HERO","VIS-CIV-CA-T02-06-HERO.webp","CASE_HERO","CA-T02-06","4:03","CIV-VIS-B04","USER_SUPPLIED_CSV","继续 CASE_HERO 第二批 10 张"
"VIS-CIV-CA-T03-01-HERO","VIS-CIV-CA-T03-01-HERO.webp","CASE_HERO","CA-T03-01","4:03","CIV-VIS-B04","USER_SUPPLIED_CSV","继续 CASE_HERO 第二批 10 张"
"VIS-CIV-CA-T03-02-HERO","VIS-CIV-CA-T03-02-HERO.webp","CASE_HERO","CA-T03-02","4:03","CIV-VIS-B04","USER_SUPPLIED_CSV","继续 CASE_HERO 第二批 10 张"
"VIS-CIV-CA-T03-03-HERO","VIS-CIV-CA-T03-03-HERO.webp","CASE_HERO","CA-T03-03","4:03","CIV-VIS-B05","USER_SUPPLIED_CSV","继续 CASE_HERO 第三批 10 张"
"VIS-CIV-CA-T03-04-HERO","VIS-CIV-CA-T03-04-HERO.webp","CASE_HERO","CA-T03-04","4:03","CIV-VIS-B05","USER_SUPPLIED_CSV","继续 CASE_HERO 第三批 10 张"
"VIS-CIV-CA-T03-05-HERO","VIS-CIV-CA-T03-05-HERO.webp","CASE_HERO","CA-T03-05","4:03","CIV-VIS-B05","USER_SUPPLIED_CSV","继续 CASE_HERO 第三批 10 张"
"VIS-CIV-CA-T03-06-HERO","VIS-CIV-CA-T03-06-HERO.webp","CASE_HERO","CA-T03-06","4:03","CIV-VIS-B05","USER_SUPPLIED_CSV","继续 CASE_HERO 第三批 10 张"
"VIS-CIV-CA-T04-01-HERO","VIS-CIV-CA-T04-01-HERO.webp","CASE_HERO","CA-T04-01","4:03","CIV-VIS-B05","USER_SUPPLIED_CSV","继续 CASE_HERO 第三批 10 张"
"VIS-CIV-CA-T04-02-HERO","VIS-CIV-CA-T04-02-HERO.webp","CASE_HERO","CA-T04-02","4:03","CIV-VIS-B05","USER_SUPPLIED_CSV","继续 CASE_HERO 第三批 10 张"
"VIS-CIV-CA-T04-03-HERO","VIS-CIV-CA-T04-03-HERO.webp","CASE_HERO","CA-T04-03","4:03","CIV-VIS-B05","USER_SUPPLIED_CSV","继续 CASE_HERO 第三批 10 张"
"VIS-CIV-CA-T04-04-HERO","VIS-CIV-CA-T04-04-HERO.webp","CASE_HERO","CA-T04-04","4:03","CIV-VIS-B05","USER_SUPPLIED_CSV","继续 CASE_HERO 第三批 10 张"
"VIS-CIV-CA-T04-05-HERO","VIS-CIV-CA-T04-05-HERO.webp","CASE_HERO","CA-T04-05","4:03","CIV-VIS-B05","USER_SUPPLIED_CSV","继续 CASE_HERO 第三批 10 张"
"VIS-CIV-CA-T04-06-HERO","VIS-CIV-CA-T04-06-HERO.webp","CASE_HERO","CA-T04-06","4:03","CIV-VIS-B05","USER_SUPPLIED_CSV","继续 CASE_HERO 第三批 10 张"
"VIS-CIV-CA-T05-01-HERO","VIS-CIV-CA-T05-01-HERO.webp","CASE_HERO","CA-T05-01","4:03","CIV-VIS-B06","USER_SUPPLIED_CSV","继续 CASE_HERO 第四批 10 张"
"VIS-CIV-CA-T05-02-HERO","VIS-CIV-CA-T05-02-HERO.webp","CASE_HERO","CA-T05-02","4:03","CIV-VIS-B06","USER_SUPPLIED_CSV","继续 CASE_HERO 第四批 10 张"
"VIS-CIV-CA-T05-03-HERO","VIS-CIV-CA-T05-03-HERO.webp","CASE_HERO","CA-T05-03","4:03","CIV-VIS-B06","USER_SUPPLIED_CSV","继续 CASE_HERO 第四批 10 张"
"VIS-CIV-CA-T05-04-HERO","VIS-CIV-CA-T05-04-HERO.webp","CASE_HERO","CA-T05-04","4:03","CIV-VIS-B06","USER_SUPPLIED_CSV","继续 CASE_HERO 第四批 10 张"
"VIS-CIV-CA-T05-05-HERO","VIS-CIV-CA-T05-05-HERO.webp","CASE_HERO","CA-T05-05","4:03","CIV-VIS-B06","USER_SUPPLIED_CSV","继续 CASE_HERO 第四批 10 张"
"VIS-CIV-CA-T05-06-HERO","VIS-CIV-CA-T05-06-HERO.webp","CASE_HERO","CA-T05-06","4:03","CIV-VIS-B06","USER_SUPPLIED_CSV","继续 CASE_HERO 第四批 10 张"
"VIS-CIV-CA-T06-01-HERO","VIS-CIV-CA-T06-01-HERO.webp","CASE_HERO","CA-T06-01","4:03","CIV-VIS-B06","USER_SUPPLIED_CSV","继续 CASE_HERO 第四批 10 张"
"VIS-CIV-CA-T06-02-HERO","VIS-CIV-CA-T06-02-HERO.webp","CASE_HERO","CA-T06-02","4:03","CIV-VIS-B06","USER_SUPPLIED_CSV","继续 CASE_HERO 第四批 10 张"
"VIS-CIV-CA-T06-03-HERO","VIS-CIV-CA-T06-03-HERO.webp","CASE_HERO","CA-T06-03","4:03","CIV-VIS-B06","USER_SUPPLIED_CSV","继续 CASE_HERO 第四批 10 张"
"VIS-CIV-CA-T06-04-HERO","VIS-CIV-CA-T06-04-HERO.webp","CASE_HERO","CA-T06-04","4:03","CIV-VIS-B06","USER_SUPPLIED_CSV","继续 CASE_HERO 第四批 10 张"
"VIS-CIV-CA-T06-05-HERO","VIS-CIV-CA-T06-05-HERO.webp","CASE_HERO","CA-T06-05","4:03","CIV-VIS-B07","USER_SUPPLIED_CSV","继续 CASE_HERO 第五批 10 张"
"VIS-CIV-CA-T06-06-HERO","VIS-CIV-CA-T06-06-HERO.webp","CASE_HERO","CA-T06-06","4:03","CIV-VIS-B07","USER_SUPPLIED_CSV","继续 CASE_HERO 第五批 10 张"
"VIS-CIV-CA-T07-01-HERO","VIS-CIV-CA-T07-01-HERO.webp","CASE_HERO","CA-T07-01","4:03","CIV-VIS-B07","USER_SUPPLIED_CSV","继续 CASE_HERO 第五批 10 张"
"VIS-CIV-CA-T07-02-HERO","VIS-CIV-CA-T07-02-HERO.webp","CASE_HERO","CA-T07-02","4:03","CIV-VIS-B07","USER_SUPPLIED_CSV","继续 CASE_HERO 第五批 10 张"
"VIS-CIV-CA-T07-03-HERO","VIS-CIV-CA-T07-03-HERO.webp","CASE_HERO","CA-T07-03","4:03","CIV-VIS-B07","USER_SUPPLIED_CSV","继续 CASE_HERO 第五批 10 张"
"VIS-CIV-CA-T07-04-HERO","VIS-CIV-CA-T07-04-HERO.webp","CASE_HERO","CA-T07-04","4:03","CIV-VIS-B07","USER_SUPPLIED_CSV","继续 CASE_HERO 第五批 10 张"
"VIS-CIV-CA-T07-05-HERO","VIS-CIV-CA-T07-05-HERO.webp","CASE_HERO","CA-T07-05","4:03","CIV-VIS-B07","USER_SUPPLIED_CSV","继续 CASE_HERO 第五批 10 张"
"VIS-CIV-CA-T07-06-HERO","VIS-CIV-CA-T07-06-HERO.webp","CASE_HERO","CA-T07-06","4:03","CIV-VIS-B07","USER_SUPPLIED_CSV","继续 CASE_HERO 第五批 10 张"
"VIS-CIV-CA-T08-01-HERO","VIS-CIV-CA-T08-01-HERO.webp","CASE_HERO","CA-T08-01","4:03","CIV-VIS-B07","USER_SUPPLIED_CSV","继续 CASE_HERO 第五批 10 张"
"VIS-CIV-CA-T08-02-HERO","VIS-CIV-CA-T08-02-HERO.webp","CASE_HERO","CA-T08-02","4:03","CIV-VIS-B07","USER_SUPPLIED_CSV","继续 CASE_HERO 第五批 10 张"
"VIS-CIV-CA-T08-03-HERO","VIS-CIV-CA-T08-03-HERO.webp","CASE_HERO","CA-T08-03","4:03","CIV-VIS-B08","USER_SUPPLIED_CSV","继续 CASE_HERO 第六批 10 张"
"VIS-CIV-CA-T08-04-HERO","VIS-CIV-CA-T08-04-HERO.webp","CASE_HERO","CA-T08-04","4:03","CIV-VIS-B08","USER_SUPPLIED_CSV","继续 CASE_HERO 第六批 10 张"
"VIS-CIV-CA-T08-05-HERO","VIS-CIV-CA-T08-05-HERO.webp","CASE_HERO","CA-T08-05","4:03","CIV-VIS-B08","USER_SUPPLIED_CSV","继续 CASE_HERO 第六批 10 张"
"VIS-CIV-CA-T08-06-HERO","VIS-CIV-CA-T08-06-HERO.webp","CASE_HERO","CA-T08-06","4:03","CIV-VIS-B08","USER_SUPPLIED_CSV","继续 CASE_HERO 第六批 10 张"
"VIS-CIV-CA-T09-01-HERO","VIS-CIV-CA-T09-01-HERO.webp","CASE_HERO","CA-T09-01","4:03","CIV-VIS-B08","USER_SUPPLIED_CSV","继续 CASE_HERO 第六批 10 张"
"VIS-CIV-CA-T09-02-HERO","VIS-CIV-CA-T09-02-HERO.webp","CASE_HERO","CA-T09-02","4:03","CIV-VIS-B08","USER_SUPPLIED_CSV","继续 CASE_HERO 第六批 10 张"
"VIS-CIV-CA-T09-03-HERO","VIS-CIV-CA-T09-03-HERO.webp","CASE_HERO","CA-T09-03","4:03","CIV-VIS-B08","USER_SUPPLIED_CSV","继续 CASE_HERO 第六批 10 张"
"VIS-CIV-CA-T09-04-HERO","VIS-CIV-CA-T09-04-HERO.webp","CASE_HERO","CA-T09-04","4:03","CIV-VIS-B08","USER_SUPPLIED_CSV","继续 CASE_HERO 第六批 10 张"
"VIS-CIV-CA-T09-05-HERO","VIS-CIV-CA-T09-05-HERO.webp","CASE_HERO","CA-T09-05","4:03","CIV-VIS-B08","USER_SUPPLIED_CSV","继续 CASE_HERO 第六批 10 张"
"VIS-CIV-CA-T09-06-HERO","VIS-CIV-CA-T09-06-HERO.webp","CASE_HERO","CA-T09-06","4:03","CIV-VIS-B08","USER_SUPPLIED_CSV","继续 CASE_HERO 第六批 10 张"
"VIS-CIV-CA-T10-01-HERO","VIS-CIV-CA-T10-01-HERO.webp","CASE_HERO","CA-T10-01","4:03","CIV-VIS-B09","USER_SUPPLIED_CSV","继续 CASE_HERO 第七批 10 张"
"VIS-CIV-CA-T10-02-HERO","VIS-CIV-CA-T10-02-HERO.webp","CASE_HERO","CA-T10-02","4:03","CIV-VIS-B09","USER_SUPPLIED_CSV","继续 CASE_HERO 第七批 10 张"
"VIS-CIV-CA-T10-03-HERO","VIS-CIV-CA-T10-03-HERO.webp","CASE_HERO","CA-T10-03","4:03","CIV-VIS-B09","USER_SUPPLIED_CSV","继续 CASE_HERO 第七批 10 张"
"VIS-CIV-CA-T10-04-HERO","VIS-CIV-CA-T10-04-HERO.webp","CASE_HERO","CA-T10-04","4:03","CIV-VIS-B09","USER_SUPPLIED_CSV","继续 CASE_HERO 第七批 10 张"
"VIS-CIV-CA-T10-05-HERO","VIS-CIV-CA-T10-05-HERO.webp","CASE_HERO","CA-T10-05","4:03","CIV-VIS-B09","USER_SUPPLIED_CSV","继续 CASE_HERO 第七批 10 张"
"VIS-CIV-CA-T10-06-HERO","VIS-CIV-CA-T10-06-HERO.webp","CASE_HERO","CA-T10-06","4:03","CIV-VIS-B09","USER_SUPPLIED_CSV","继续 CASE_HERO 第七批 10 张"
"VIS-CIV-CA-T11-01-HERO","VIS-CIV-CA-T11-01-HERO.webp","CASE_HERO","CA-T11-01","4:03","CIV-VIS-B09","USER_SUPPLIED_CSV","继续 CASE_HERO 第七批 10 张"
"VIS-CIV-CA-T11-02-HERO","VIS-CIV-CA-T11-02-HERO.webp","CASE_HERO","CA-T11-02","4:03","CIV-VIS-B09","USER_SUPPLIED_CSV","继续 CASE_HERO 第七批 10 张"
"VIS-CIV-CA-T11-03-HERO","VIS-CIV-CA-T11-03-HERO.webp","CASE_HERO","CA-T11-03","4:03","CIV-VIS-B09","USER_SUPPLIED_CSV","继续 CASE_HERO 第七批 10 张"
"VIS-CIV-CA-T11-04-HERO","VIS-CIV-CA-T11-04-HERO.webp","CASE_HERO","CA-T11-04","4:03","CIV-VIS-B09","USER_SUPPLIED_CSV","继续 CASE_HERO 第七批 10 张"
"VIS-CIV-CA-T11-05-HERO","VIS-CIV-CA-T11-05-HERO.webp","CASE_HERO","CA-T11-05","4:03","CIV-VIS-B10","USER_SUPPLIED_CSV","继续 CASE_HERO 第八批 10 张"
"VIS-CIV-CA-T11-06-HERO","VIS-CIV-CA-T11-06-HERO.webp","CASE_HERO","CA-T11-06","4:03","CIV-VIS-B10","USER_SUPPLIED_CSV","继续 CASE_HERO 第八批 10 张"
"VIS-CIV-CA-T12-01-HERO","VIS-CIV-CA-T12-01-HERO.webp","CASE_HERO","CA-T12-01","4:03","CIV-VIS-B10","USER_SUPPLIED_CSV","继续 CASE_HERO 第八批 10 张"
"VIS-CIV-CA-T12-02-HERO","VIS-CIV-CA-T12-02-HERO.webp","CASE_HERO","CA-T12-02","4:03","CIV-VIS-B10","USER_SUPPLIED_CSV","继续 CASE_HERO 第八批 10 张"
"VIS-CIV-CA-T12-03-HERO","VIS-CIV-CA-T12-03-HERO.webp","CASE_HERO","CA-T12-03","4:03","CIV-VIS-B10","USER_SUPPLIED_CSV","继续 CASE_HERO 第八批 10 张"
"VIS-CIV-CA-T12-04-HERO","VIS-CIV-CA-T12-04-HERO.webp","CASE_HERO","CA-T12-04","4:03","CIV-VIS-B10","USER_SUPPLIED_CSV","继续 CASE_HERO 第八批 10 张"
"VIS-CIV-CA-T12-05-HERO","VIS-CIV-CA-T12-05-HERO.webp","CASE_HERO","CA-T12-05","4:03","CIV-VIS-B10","USER_SUPPLIED_CSV","继续 CASE_HERO 第八批 10 张"
"VIS-CIV-CA-T12-06-HERO","VIS-CIV-CA-T12-06-HERO.webp","CASE_HERO","CA-T12-06","4:03","CIV-VIS-B10","USER_SUPPLIED_CSV","继续 CASE_HERO 第八批 10 张"
"VIS-CIV-CA-T13-01-HERO","VIS-CIV-CA-T13-01-HERO.webp","CASE_HERO","CA-T13-01","4:03","CIV-VIS-B10","USER_SUPPLIED_CSV","继续 CASE_HERO 第八批 10 张"
"VIS-CIV-CA-T13-02-HERO","VIS-CIV-CA-T13-02-HERO.webp","CASE_HERO","CA-T13-02","4:03","CIV-VIS-B10","USER_SUPPLIED_CSV","继续 CASE_HERO 第八批 10 张"
"VIS-CIV-CA-T13-03-HERO","VIS-CIV-CA-T13-03-HERO.webp","CASE_HERO","CA-T13-03","4:03","CIV-VIS-B11","USER_SUPPLIED_CSV","继续 CASE_HERO 第九批 10 张"
"VIS-CIV-CA-T13-04-HERO","VIS-CIV-CA-T13-04-HERO.webp","CASE_HERO","CA-T13-04","4:03","CIV-VIS-B11","USER_SUPPLIED_CSV","继续 CASE_HERO 第九批 10 张"
"VIS-CIV-CA-T13-05-HERO","VIS-CIV-CA-T13-05-HERO.webp","CASE_HERO","CA-T13-05","4:03","CIV-VIS-B11","USER_SUPPLIED_CSV","继续 CASE_HERO 第九批 10 张"
"VIS-CIV-CA-T13-06-HERO","VIS-CIV-CA-T13-06-HERO.webp","CASE_HERO","CA-T13-06","4:03","CIV-VIS-B11","USER_SUPPLIED_CSV","继续 CASE_HERO 第九批 10 张"
"VIS-CIV-CA-T14-01-HERO","VIS-CIV-CA-T14-01-HERO.webp","CASE_HERO","CA-T14-01","4:03","CIV-VIS-B11","USER_SUPPLIED_CSV","继续 CASE_HERO 第九批 10 张"
"VIS-CIV-CA-T14-02-HERO","VIS-CIV-CA-T14-02-HERO.webp","CASE_HERO","CA-T14-02","4:03","CIV-VIS-B11","USER_SUPPLIED_CSV","继续 CASE_HERO 第九批 10 张"
"VIS-CIV-CA-T14-03-HERO","VIS-CIV-CA-T14-03-HERO.webp","CASE_HERO","CA-T14-03","4:03","CIV-VIS-B11","USER_SUPPLIED_CSV","继续 CASE_HERO 第九批 10 张"
"VIS-CIV-CA-T14-04-HERO","VIS-CIV-CA-T14-04-HERO.webp","CASE_HERO","CA-T14-04","4:03","CIV-VIS-B11","USER_SUPPLIED_CSV","继续 CASE_HERO 第九批 10 张"
"VIS-CIV-CA-T14-05-HERO","VIS-CIV-CA-T14-05-HERO.webp","CASE_HERO","CA-T14-05","4:03","CIV-VIS-B11","USER_SUPPLIED_CSV","继续 CASE_HERO 第九批 10 张"
"VIS-CIV-CA-T14-06-HERO","VIS-CIV-CA-T14-06-HERO.webp","CASE_HERO","CA-T14-06","4:03","CIV-VIS-B11","USER_SUPPLIED_CSV","继续 CASE_HERO 第九批 10 张"
"VIS-CIV-CA-T15-01-HERO","VIS-CIV-CA-T15-01-HERO.webp","CASE_HERO","CA-T15-01","4:03","CIV-VIS-B12","USER_SUPPLIED_CSV","继续 CASE_HERO 第十批 10 张"
"VIS-CIV-CA-T15-02-HERO","VIS-CIV-CA-T15-02-HERO.webp","CASE_HERO","CA-T15-02","4:03","CIV-VIS-B12","USER_SUPPLIED_CSV","继续 CASE_HERO 第十批 10 张"
"VIS-CIV-CA-T15-03-HERO","VIS-CIV-CA-T15-03-HERO.webp","CASE_HERO","CA-T15-03","4:03","CIV-VIS-B12","USER_SUPPLIED_CSV","继续 CASE_HERO 第十批 10 张"
"VIS-CIV-CA-T15-04-HERO","VIS-CIV-CA-T15-04-HERO.webp","CASE_HERO","CA-T15-04","4:03","CIV-VIS-B12","USER_SUPPLIED_CSV","继续 CASE_HERO 第十批 10 张"
"VIS-CIV-CA-T15-05-HERO","VIS-CIV-CA-T15-05-HERO.webp","CASE_HERO","CA-T15-05","4:03","CIV-VIS-B12","USER_SUPPLIED_CSV","继续 CASE_HERO 第十批 10 张"
"VIS-CIV-CA-T15-06-HERO","VIS-CIV-CA-T15-06-HERO.webp","CASE_HERO","CA-T15-06","4:03","CIV-VIS-B12","USER_SUPPLIED_CSV","继续 CASE_HERO 第十批 10 张"
"VIS-CIV-CA-T16-01-HERO","VIS-CIV-CA-T16-01-HERO.webp","CASE_HERO","CA-T16-01","4:03","CIV-VIS-B12","USER_SUPPLIED_CSV","继续 CASE_HERO 第十批 10 张"
"VIS-CIV-CA-T16-02-HERO","VIS-CIV-CA-T16-02-HERO.webp","CASE_HERO","CA-T16-02","4:03","CIV-VIS-B12","USER_SUPPLIED_CSV","继续 CASE_HERO 第十批 10 张"
"VIS-CIV-CA-T16-03-HERO","VIS-CIV-CA-T16-03-HERO.webp","CASE_HERO","CA-T16-03","4:03","CIV-VIS-B12","USER_SUPPLIED_CSV","继续 CASE_HERO 第十批 10 张"
"VIS-CIV-CA-T16-04-HERO","VIS-CIV-CA-T16-04-HERO.webp","CASE_HERO","CA-T16-04","4:03","CIV-VIS-B12","USER_SUPPLIED_CSV","继续 CASE_HERO 第十批 10 张"
"VIS-CIV-CA-T16-05-HERO","VIS-CIV-CA-T16-05-HERO.webp","CASE_HERO","CA-T16-05","4:03","CIV-VIS-B13","USER_SUPPLIED_CSV","继续 CASE_HERO 第十一批 10 张"
"VIS-CIV-CA-T16-06-HERO","VIS-CIV-CA-T16-06-HERO.webp","CASE_HERO","CA-T16-06","4:03","CIV-VIS-B13","USER_SUPPLIED_CSV","继续 CASE_HERO 第十一批 10 张"
"VIS-CIV-CA-T17-01-HERO","VIS-CIV-CA-T17-01-HERO.webp","CASE_HERO","CA-T17-01","4:03","CIV-VIS-B13","USER_SUPPLIED_CSV","继续 CASE_HERO 第十一批 10 张"
"VIS-CIV-CA-T17-02-HERO","VIS-CIV-CA-T17-02-HERO.webp","CASE_HERO","CA-T17-02","4:03","CIV-VIS-B13","USER_SUPPLIED_CSV","继续 CASE_HERO 第十一批 10 张"
"VIS-CIV-CA-T17-03-HERO","VIS-CIV-CA-T17-03-HERO.webp","CASE_HERO","CA-T17-03","4:03","CIV-VIS-B13","USER_SUPPLIED_CSV","继续 CASE_HERO 第十一批 10 张"
"VIS-CIV-CA-T17-04-HERO","VIS-CIV-CA-T17-04-HERO.webp","CASE_HERO","CA-T17-04","4:03","CIV-VIS-B13","USER_SUPPLIED_CSV","继续 CASE_HERO 第十一批 10 张"
"VIS-CIV-CA-T17-05-HERO","VIS-CIV-CA-T17-05-HERO.webp","CASE_HERO","CA-T17-05","4:03","CIV-VIS-B13","USER_SUPPLIED_CSV","继续 CASE_HERO 第十一批 10 张"
"VIS-CIV-CA-T17-06-HERO","VIS-CIV-CA-T17-06-HERO.webp","CASE_HERO","CA-T17-06","4:03","CIV-VIS-B13","USER_SUPPLIED_CSV","继续 CASE_HERO 第十一批 10 张"
"VIS-CIV-CA-T18-01-HERO","VIS-CIV-CA-T18-01-HERO.webp","CASE_HERO","CA-T18-01","4:03","CIV-VIS-B13","USER_SUPPLIED_CSV","继续 CASE_HERO 第十一批 10 张"
"VIS-CIV-CA-T18-02-HERO","VIS-CIV-CA-T18-02-HERO.webp","CASE_HERO","CA-T18-02","4:03","CIV-VIS-B13","USER_SUPPLIED_CSV","继续 CASE_HERO 第十一批 10 张"
"VIS-CIV-CA-T18-03-HERO","VIS-CIV-CA-T18-03-HERO.webp","CASE_HERO","CA-T18-03","4:03","CIV-VIS-B14","USER_SUPPLIED_CSV","继续 CASE_HERO 第十二批 10 张"
"VIS-CIV-CA-T18-04-HERO","VIS-CIV-CA-T18-04-HERO.webp","CASE_HERO","CA-T18-04","4:03","CIV-VIS-B14","USER_SUPPLIED_CSV","继续 CASE_HERO 第十二批 10 张"
"VIS-CIV-CA-T18-05-HERO","VIS-CIV-CA-T18-05-HERO.webp","CASE_HERO","CA-T18-05","4:03","CIV-VIS-B14","USER_SUPPLIED_CSV","继续 CASE_HERO 第十二批 10 张"
"VIS-CIV-CA-T18-06-HERO","VIS-CIV-CA-T18-06-HERO.webp","CASE_HERO","CA-T18-06","4:03","CIV-VIS-B14","USER_SUPPLIED_CSV","继续 CASE_HERO 第十二批 10 张"
"VIS-CIV-CA-T19-01-HERO","VIS-CIV-CA-T19-01-HERO.webp","CASE_HERO","CA-T19-01","4:03","CIV-VIS-B14","USER_SUPPLIED_CSV","继续 CASE_HERO 第十二批 10 张"
"VIS-CIV-CA-T19-02-HERO","VIS-CIV-CA-T19-02-HERO.webp","CASE_HERO","CA-T19-02","4:03","CIV-VIS-B14","USER_SUPPLIED_CSV","继续 CASE_HERO 第十二批 10 张"
"VIS-CIV-CA-T19-03-HERO","VIS-CIV-CA-T19-03-HERO.webp","CASE_HERO","CA-T19-03","4:03","CIV-VIS-B14","USER_SUPPLIED_CSV","继续 CASE_HERO 第十二批 10 张"
"VIS-CIV-CA-T19-04-HERO","VIS-CIV-CA-T19-04-HERO.webp","CASE_HERO","CA-T19-04","4:03","CIV-VIS-B14","USER_SUPPLIED_CSV","继续 CASE_HERO 第十二批 10 张"
"VIS-CIV-CA-T19-05-HERO","VIS-CIV-CA-T19-05-HERO.webp","CASE_HERO","CA-T19-05","4:03","CIV-VIS-B14","USER_SUPPLIED_CSV","继续 CASE_HERO 第十二批 10 张"
"VIS-CIV-CA-T19-06-HERO","VIS-CIV-CA-T19-06-HERO.webp","CASE_HERO","CA-T19-06","4:03","CIV-VIS-B14","USER_SUPPLIED_CSV","继续 CASE_HERO 第十二批 10 张"
"VIS-CIV-WS-M3000-ATMOSPHERE","VIS-CIV-WS-M3000-ATMOSPHERE.webp","WORLD_SNAPSHOT_ATMOSPHERE","WS-M3000","16:09","CIV-VIS-B27","USER_SUPPLIED_CSV","继续 WORLD_SNAPSHOT_ATMOSPHERE 第一批 8 张"
"VIS-CIV-WS-M1500-ATMOSPHERE","VIS-CIV-WS-M1500-ATMOSPHERE.webp","WORLD_SNAPSHOT_ATMOSPHERE","WS-M1500","16:09","CIV-VIS-B27","USER_SUPPLIED_CSV","继续 WORLD_SNAPSHOT_ATMOSPHERE 第一批 8 张"
"VIS-CIV-WS-M0500-ATMOSPHERE","VIS-CIV-WS-M0500-ATMOSPHERE.webp","WORLD_SNAPSHOT_ATMOSPHERE","WS-M0500","16:09","CIV-VIS-B27","USER_SUPPLIED_CSV","继续 WORLD_SNAPSHOT_ATMOSPHERE 第一批 8 张"
"VIS-CIV-WS-0001-ATMOSPHERE","VIS-CIV-WS-0001-ATMOSPHERE.webp","WORLD_SNAPSHOT_ATMOSPHERE","WS-0001","16:09","CIV-VIS-B27","USER_SUPPLIED_CSV","继续 WORLD_SNAPSHOT_ATMOSPHERE 第一批 8 张"
"VIS-CIV-WS-0500-ATMOSPHERE","VIS-CIV-WS-0500-ATMOSPHERE.webp","WORLD_SNAPSHOT_ATMOSPHERE","WS-0500","16:09","CIV-VIS-B27","USER_SUPPLIED_CSV","继续 WORLD_SNAPSHOT_ATMOSPHERE 第一批 8 张"
"VIS-CIV-WS-1000-ATMOSPHERE","VIS-CIV-WS-1000-ATMOSPHERE.webp","WORLD_SNAPSHOT_ATMOSPHERE","WS-1000","16:09","CIV-VIS-B27","USER_SUPPLIED_CSV","继续 WORLD_SNAPSHOT_ATMOSPHERE 第一批 8 张"
"VIS-CIV-WS-1250-ATMOSPHERE","VIS-CIV-WS-1250-ATMOSPHERE.webp","WORLD_SNAPSHOT_ATMOSPHERE","WS-1250","16:09","CIV-VIS-B27","USER_SUPPLIED_CSV","继续 WORLD_SNAPSHOT_ATMOSPHERE 第一批 8 张"
"VIS-CIV-WS-1500-ATMOSPHERE","VIS-CIV-WS-1500-ATMOSPHERE.webp","WORLD_SNAPSHOT_ATMOSPHERE","WS-1500","16:09","CIV-VIS-B27","USER_SUPPLIED_CSV","继续 WORLD_SNAPSHOT_ATMOSPHERE 第一批 8 张"
"VIS-CIV-WS-1750-ATMOSPHERE","VIS-CIV-WS-1750-ATMOSPHERE.webp","WORLD_SNAPSHOT_ATMOSPHERE","WS-1750","16:09","CIV-VIS-B28","USER_SUPPLIED_CSV","继续 WORLD_SNAPSHOT_ATMOSPHERE 第二批 7 张"
"VIS-CIV-WS-1850-ATMOSPHERE","VIS-CIV-WS-1850-ATMOSPHERE.webp","WORLD_SNAPSHOT_ATMOSPHERE","WS-1850","16:09","CIV-VIS-B28","USER_SUPPLIED_CSV","继续 WORLD_SNAPSHOT_ATMOSPHERE 第二批 7 张"
"VIS-CIV-WS-1914-ATMOSPHERE","VIS-CIV-WS-1914-ATMOSPHERE.webp","WORLD_SNAPSHOT_ATMOSPHERE","WS-1914","16:09","CIV-VIS-B28","USER_SUPPLIED_CSV","继续 WORLD_SNAPSHOT_ATMOSPHERE 第二批 7 张"
"VIS-CIV-WS-1945-ATMOSPHERE","VIS-CIV-WS-1945-ATMOSPHERE.webp","WORLD_SNAPSHOT_ATMOSPHERE","WS-1945","16:09","CIV-VIS-B28","USER_SUPPLIED_CSV","继续 WORLD_SNAPSHOT_ATMOSPHERE 第二批 7 张"
"VIS-CIV-WS-1980-ATMOSPHERE","VIS-CIV-WS-1980-ATMOSPHERE.webp","WORLD_SNAPSHOT_ATMOSPHERE","WS-1980","16:09","CIV-VIS-B28","USER_SUPPLIED_CSV","继续 WORLD_SNAPSHOT_ATMOSPHERE 第二批 7 张"
"VIS-CIV-WS-2000-ATMOSPHERE","VIS-CIV-WS-2000-ATMOSPHERE.webp","WORLD_SNAPSHOT_ATMOSPHERE","WS-2000","16:09","CIV-VIS-B28","USER_SUPPLIED_CSV","继续 WORLD_SNAPSHOT_ATMOSPHERE 第二批 7 张"
"VIS-CIV-WS-2026-ATMOSPHERE","VIS-CIV-WS-2026-ATMOSPHERE.webp","WORLD_SNAPSHOT_ATMOSPHERE","WS-2026","16:09","CIV-VIS-B28","USER_SUPPLIED_CSV","继续 WORLD_SNAPSHOT_ATMOSPHERE 第二批 7 张"
"VIS-CIV-CF-CONTINENTAL_EMPIRE","VIS-CIV-CF-CONTINENTAL_EMPIRE.webp","COMPARISON_FAMILY","CONTINENTAL_EMPIRE","16:09","CIV-VIS-B29","USER_SUPPLIED_CSV","继续 COMPARISON_FAMILY 第一批 6 张"
"VIS-CIV-CF-POLYCENTRIC_CIVILIZATION","VIS-CIV-CF-POLYCENTRIC_CIVILIZATION.webp","COMPARISON_FAMILY","POLYCENTRIC_CIVILIZATION","16:09","CIV-VIS-B29","USER_SUPPLIED_CSV","继续 COMPARISON_FAMILY 第一批 6 张"
"VIS-CIV-CF-MARITIME_CIVILIZATION","VIS-CIV-CF-MARITIME_CIVILIZATION.webp","COMPARISON_FAMILY","MARITIME_CIVILIZATION","16:09","CIV-VIS-B29","USER_SUPPLIED_CSV","继续 COMPARISON_FAMILY 第一批 6 张"
"VIS-CIV-CF-KNOWLEDGE_EXPANSION","VIS-CIV-CF-KNOWLEDGE_EXPANSION.webp","COMPARISON_FAMILY","KNOWLEDGE_EXPANSION","16:09","CIV-VIS-B29","USER_SUPPLIED_CSV","继续 COMPARISON_FAMILY 第一批 6 张"
"VIS-CIV-CF-COMMERCIAL_NETWORK","VIS-CIV-CF-COMMERCIAL_NETWORK.webp","COMPARISON_FAMILY","COMMERCIAL_NETWORK","16:09","CIV-VIS-B29","USER_SUPPLIED_CSV","继续 COMPARISON_FAMILY 第一批 6 张"
"VIS-CIV-CF-INDUSTRIAL_MODERN_TRANSFORMATION","VIS-CIV-CF-INDUSTRIAL_MODERN_TRANSFORMATION.webp","COMPARISON_FAMILY","INDUSTRIAL_MODERN_TRANSFORMATION","16:09","CIV-VIS-B29","USER_SUPPLIED_CSV","继续 COMPARISON_FAMILY 第一批 6 张"
"VIS-CIV-TRJ-POPULATION","VIS-CIV-TRJ-POPULATION.webp","TRAJECTORY_MOTIF","POPULATION","16:09","CIV-VIS-B30","USER_SUPPLIED_CSV","继续 TRAJECTORY_MOTIF 第一批 8 张"
"VIS-CIV-TRJ-URBAN_DENSITY","VIS-CIV-TRJ-URBAN_DENSITY.webp","TRAJECTORY_MOTIF","URBAN_DENSITY","16:09","CIV-VIS-B30","USER_SUPPLIED_CSV","继续 TRAJECTORY_MOTIF 第一批 8 张"
"VIS-CIV-TRJ-ENERGY","VIS-CIV-TRJ-ENERGY.webp","TRAJECTORY_MOTIF","ENERGY","16:09","CIV-VIS-B30","USER_SUPPLIED_CSV","继续 TRAJECTORY_MOTIF 第一批 8 张"
"VIS-CIV-TRJ-SURPLUS_BUFFER","VIS-CIV-TRJ-SURPLUS_BUFFER.webp","TRAJECTORY_MOTIF","SURPLUS_BUFFER","16:09","CIV-VIS-B30","USER_SUPPLIED_CSV","继续 TRAJECTORY_MOTIF 第一批 8 张"
"VIS-CIV-TRJ-MEMORY_CAPACITY","VIS-CIV-TRJ-MEMORY_CAPACITY.webp","TRAJECTORY_MOTIF","MEMORY_CAPACITY","16:09","CIV-VIS-B30","USER_SUPPLIED_CSV","继续 TRAJECTORY_MOTIF 第一批 8 张"
"VIS-CIV-TRJ-INFORMATION_VELOCITY","VIS-CIV-TRJ-INFORMATION_VELOCITY.webp","TRAJECTORY_MOTIF","INFORMATION_VELOCITY","16:09","CIV-VIS-B30","USER_SUPPLIED_CSV","继续 TRAJECTORY_MOTIF 第一批 8 张"
"VIS-CIV-TRJ-MOBILITY_RADIUS","VIS-CIV-TRJ-MOBILITY_RADIUS.webp","TRAJECTORY_MOTIF","MOBILITY_RADIUS","16:09","CIV-VIS-B30","USER_SUPPLIED_CSV","继续 TRAJECTORY_MOTIF 第一批 8 张"
"VIS-CIV-TRJ-COORDINATION_SCALE","VIS-CIV-TRJ-COORDINATION_SCALE.webp","TRAJECTORY_MOTIF","COORDINATION_SCALE","16:09","CIV-VIS-B30","USER_SUPPLIED_CSV","继续 TRAJECTORY_MOTIF 第一批 8 张"
"VIS-CIV-TRJ-INSTITUTIONAL_COMPLEXITY","VIS-CIV-TRJ-INSTITUTIONAL_COMPLEXITY.webp","TRAJECTORY_MOTIF","INSTITUTIONAL_COMPLEXITY","16:09","CIV-VIS-B31","USER_SUPPLIED_CSV","继续 TRAJECTORY_MOTIF 第二批 8 张"
"VIS-CIV-TRJ-ECONOMIC_CONNECTIVITY","VIS-CIV-TRJ-ECONOMIC_CONNECTIVITY.webp","TRAJECTORY_MOTIF","ECONOMIC_CONNECTIVITY","16:09","CIV-VIS-B31","USER_SUPPLIED_CSV","继续 TRAJECTORY_MOTIF 第二批 8 张"
"VIS-CIV-TRJ-INFRASTRUCTURE_DEPENDENCY","VIS-CIV-TRJ-INFRASTRUCTURE_DEPENDENCY.webp","TRAJECTORY_MOTIF","INFRASTRUCTURE_DEPENDENCY","16:09","CIV-VIS-B31","USER_SUPPLIED_CSV","继续 TRAJECTORY_MOTIF 第二批 8 张"
"VIS-CIV-TRJ-DISEASE_COUPLING","VIS-CIV-TRJ-DISEASE_COUPLING.webp","TRAJECTORY_MOTIF","DISEASE_COUPLING","16:09","CIV-VIS-B31","USER_SUPPLIED_CSV","继续 TRAJECTORY_MOTIF 第二批 8 张"
"VIS-CIV-TRJ-MEANING_NETWORK_REACH","VIS-CIV-TRJ-MEANING_NETWORK_REACH.webp","TRAJECTORY_MOTIF","MEANING_NETWORK_REACH","16:09","CIV-VIS-B31","USER_SUPPLIED_CSV","继续 TRAJECTORY_MOTIF 第二批 8 张"
"VIS-CIV-TRJ-KNOWLEDGE_PARTICIPATION","VIS-CIV-TRJ-KNOWLEDGE_PARTICIPATION.webp","TRAJECTORY_MOTIF","KNOWLEDGE_PARTICIPATION","16:09","CIV-VIS-B31","USER_SUPPLIED_CSV","继续 TRAJECTORY_MOTIF 第二批 8 张"
"VIS-CIV-TRJ-COMPUTATIONAL_CAPACITY","VIS-CIV-TRJ-COMPUTATIONAL_CAPACITY.webp","TRAJECTORY_MOTIF","COMPUTATIONAL_CAPACITY","16:09","CIV-VIS-B31","USER_SUPPLIED_CSV","继续 TRAJECTORY_MOTIF 第二批 8 张"
"VIS-CIV-TRJ-LOAD_FUTURE_CAPACITY","VIS-CIV-TRJ-LOAD_FUTURE_CAPACITY.webp","TRAJECTORY_MOTIF","LOAD_FUTURE_CAPACITY","16:09","CIV-VIS-B31","USER_SUPPLIED_CSV","继续 TRAJECTORY_MOTIF 第二批 8 张"
"VIS-CIV-TW-01","VIS-CIV-TW-01.webp","TRANSITION_WINDOW","TW-01","16:09","CIV-VIS-B32","USER_SUPPLIED_CSV","继续 TRANSITION_WINDOW 第一批 8 张"
"VIS-CIV-TW-02","VIS-CIV-TW-02.webp","TRANSITION_WINDOW","TW-02","16:09","CIV-VIS-B32","USER_SUPPLIED_CSV","继续 TRANSITION_WINDOW 第一批 8 张"
"VIS-CIV-TW-03","VIS-CIV-TW-03.webp","TRANSITION_WINDOW","TW-03","16:09","CIV-VIS-B32","USER_SUPPLIED_CSV","继续 TRANSITION_WINDOW 第一批 8 张"
"VIS-CIV-TW-04","VIS-CIV-TW-04.webp","TRANSITION_WINDOW","TW-04","16:09","CIV-VIS-B32","USER_SUPPLIED_CSV","继续 TRANSITION_WINDOW 第一批 8 张"
"VIS-CIV-TW-05","VIS-CIV-TW-05.webp","TRANSITION_WINDOW","TW-05","16:09","CIV-VIS-B32","USER_SUPPLIED_CSV","继续 TRANSITION_WINDOW 第一批 8 张"
"VIS-CIV-TW-06","VIS-CIV-TW-06.webp","TRANSITION_WINDOW","TW-06","16:09","CIV-VIS-B32","USER_SUPPLIED_CSV","继续 TRANSITION_WINDOW 第一批 8 张"
"VIS-CIV-TW-07","VIS-CIV-TW-07.webp","TRANSITION_WINDOW","TW-07","16:09","CIV-VIS-B32","USER_SUPPLIED_CSV","继续 TRANSITION_WINDOW 第一批 8 张"
"VIS-CIV-TW-08","VIS-CIV-TW-08.webp","TRANSITION_WINDOW","TW-08","16:09","CIV-VIS-B32","USER_SUPPLIED_CSV","继续 TRANSITION_WINDOW 第一批 8 张"
"VIS-CIV-TW-09","VIS-CIV-TW-09.webp","TRANSITION_WINDOW","TW-09","16:09","CIV-VIS-B33","USER_SUPPLIED_CSV","继续 TRANSITION_WINDOW 第二批 8 张"
"VIS-CIV-TW-10","VIS-CIV-TW-10.webp","TRANSITION_WINDOW","TW-10","16:09","CIV-VIS-B33","USER_SUPPLIED_CSV","继续 TRANSITION_WINDOW 第二批 8 张"
"VIS-CIV-TW-11","VIS-CIV-TW-11.webp","TRANSITION_WINDOW","TW-11","16:09","CIV-VIS-B33","USER_SUPPLIED_CSV","继续 TRANSITION_WINDOW 第二批 8 张"
"VIS-CIV-TW-12","VIS-CIV-TW-12.webp","TRANSITION_WINDOW","TW-12","16:09","CIV-VIS-B33","USER_SUPPLIED_CSV","继续 TRANSITION_WINDOW 第二批 8 张"
"VIS-CIV-TW-13","VIS-CIV-TW-13.webp","TRANSITION_WINDOW","TW-13","16:09","CIV-VIS-B33","USER_SUPPLIED_CSV","继续 TRANSITION_WINDOW 第二批 8 张"
"VIS-CIV-TW-14","VIS-CIV-TW-14.webp","TRANSITION_WINDOW","TW-14","16:09","CIV-VIS-B33","USER_SUPPLIED_CSV","继续 TRANSITION_WINDOW 第二批 8 张"
"VIS-CIV-TW-15","VIS-CIV-TW-15.webp","TRANSITION_WINDOW","TW-15","16:09","CIV-VIS-B33","USER_SUPPLIED_CSV","继续 TRANSITION_WINDOW 第二批 8 张"
"VIS-CIV-TW-16","VIS-CIV-TW-16.webp","TRANSITION_WINDOW","TW-16","16:09","CIV-VIS-B33","USER_SUPPLIED_CSV","继续 TRANSITION_WINDOW 第二批 8 张"
"VIS-CIV-TW-17","VIS-CIV-TW-17.webp","TRANSITION_WINDOW","TW-17","16:09","CIV-VIS-B34","USER_SUPPLIED_CSV","继续 TRANSITION_WINDOW 第三批 8 张"
"VIS-CIV-TW-18","VIS-CIV-TW-18.webp","TRANSITION_WINDOW","TW-18","16:09","CIV-VIS-B34","USER_SUPPLIED_CSV","继续 TRANSITION_WINDOW 第三批 8 张"
"VIS-CIV-TW-19","VIS-CIV-TW-19.webp","TRANSITION_WINDOW","TW-19","16:09","CIV-VIS-B34","USER_SUPPLIED_CSV","继续 TRANSITION_WINDOW 第三批 8 张"
"VIS-CIV-TW-20","VIS-CIV-TW-20.webp","TRANSITION_WINDOW","TW-20","16:09","CIV-VIS-B34","USER_SUPPLIED_CSV","继续 TRANSITION_WINDOW 第三批 8 张"
"VIS-CIV-TW-21","VIS-CIV-TW-21.webp","TRANSITION_WINDOW","TW-21","16:09","CIV-VIS-B34","USER_SUPPLIED_CSV","继续 TRANSITION_WINDOW 第三批 8 张"
"VIS-CIV-TW-22","VIS-CIV-TW-22.webp","TRANSITION_WINDOW","TW-22","16:09","CIV-VIS-B34","USER_SUPPLIED_CSV","继续 TRANSITION_WINDOW 第三批 8 张"
"VIS-CIV-TW-23","VIS-CIV-TW-23.webp","TRANSITION_WINDOW","TW-23","16:09","CIV-VIS-B34","USER_SUPPLIED_CSV","继续 TRANSITION_WINDOW 第三批 8 张"
"VIS-CIV-TW-24","VIS-CIV-TW-24.webp","TRANSITION_WINDOW","TW-24","16:09","CIV-VIS-B34","USER_SUPPLIED_CSV","继续 TRANSITION_WINDOW 第三批 8 张"
"VIS-CIV-TW-25","VIS-CIV-TW-25.webp","TRANSITION_WINDOW","TW-25","16:09","CIV-VIS-B35","USER_SUPPLIED_CSV","继续 TRANSITION_WINDOW 第四批 8 张"
"VIS-CIV-TW-26","VIS-CIV-TW-26.webp","TRANSITION_WINDOW","TW-26","16:09","CIV-VIS-B35","USER_SUPPLIED_CSV","继续 TRANSITION_WINDOW 第四批 8 张"
"VIS-CIV-TW-27","VIS-CIV-TW-27.webp","TRANSITION_WINDOW","TW-27","16:09","CIV-VIS-B35","USER_SUPPLIED_CSV","继续 TRANSITION_WINDOW 第四批 8 张"
"VIS-CIV-TW-28","VIS-CIV-TW-28.webp","TRANSITION_WINDOW","TW-28","16:09","CIV-VIS-B35","USER_SUPPLIED_CSV","继续 TRANSITION_WINDOW 第四批 8 张"
"VIS-CIV-TW-29","VIS-CIV-TW-29.webp","TRANSITION_WINDOW","TW-29","16:09","CIV-VIS-B35","USER_SUPPLIED_CSV","继续 TRANSITION_WINDOW 第四批 8 张"
"VIS-CIV-TW-30","VIS-CIV-TW-30.webp","TRANSITION_WINDOW","TW-30","16:09","CIV-VIS-B35","USER_SUPPLIED_CSV","继续 TRANSITION_WINDOW 第四批 8 张"
"VIS-CIV-TW-31","VIS-CIV-TW-31.webp","TRANSITION_WINDOW","TW-31","16:09","CIV-VIS-B35","USER_SUPPLIED_CSV","继续 TRANSITION_WINDOW 第四批 8 张"
"VIS-CIV-TW-32","VIS-CIV-TW-32.webp","TRANSITION_WINDOW","TW-32","16:09","CIV-VIS-B35","USER_SUPPLIED_CSV","继续 TRANSITION_WINDOW 第四批 8 张"
"VIS-CIV-SS-01","VIS-CIV-SS-01.webp","SCALE_SHIFT","SS-01","16:09","CIV-VIS-B36","USER_SUPPLIED_CSV","继续 SCALE_SHIFT 第一批 7 张"
"VIS-CIV-SS-02","VIS-CIV-SS-02.webp","SCALE_SHIFT","SS-02","16:09","CIV-VIS-B36","USER_SUPPLIED_CSV","继续 SCALE_SHIFT 第一批 7 张"
"VIS-CIV-SS-03","VIS-CIV-SS-03.webp","SCALE_SHIFT","SS-03","16:09","CIV-VIS-B36","USER_SUPPLIED_CSV","继续 SCALE_SHIFT 第一批 7 张"
"VIS-CIV-SS-04","VIS-CIV-SS-04.webp","SCALE_SHIFT","SS-04","16:09","CIV-VIS-B36","USER_SUPPLIED_CSV","继续 SCALE_SHIFT 第一批 7 张"
"VIS-CIV-SS-05","VIS-CIV-SS-05.webp","SCALE_SHIFT","SS-05","16:09","CIV-VIS-B36","USER_SUPPLIED_CSV","继续 SCALE_SHIFT 第一批 7 张"
"VIS-CIV-SS-06","VIS-CIV-SS-06.webp","SCALE_SHIFT","SS-06","16:09","CIV-VIS-B36","USER_SUPPLIED_CSV","继续 SCALE_SHIFT 第一批 7 张"
"VIS-CIV-SS-07","VIS-CIV-SS-07.webp","SCALE_SHIFT","SS-07","16:09","CIV-VIS-B36","USER_SUPPLIED_CSV","继续 SCALE_SHIFT 第一批 7 张"
"VIS-CIV-LF-POLITICAL_BOUNDARY","VIS-CIV-LF-POLITICAL_BOUNDARY.webp","LOSS_FAMILY","POLITICAL_BOUNDARY","16:09","CIV-VIS-B37","USER_SUPPLIED_CSV","继续 LOSS_FAMILY 第一批 6 张"
"VIS-CIV-LF-POPULATION_URBAN","VIS-CIV-LF-POPULATION_URBAN.webp","LOSS_FAMILY","POPULATION_URBAN","16:09","CIV-VIS-B37","USER_SUPPLIED_CSV","继续 LOSS_FAMILY 第一批 6 张"
"VIS-CIV-LF-KNOWLEDGE_INSTITUTIONAL","VIS-CIV-LF-KNOWLEDGE_INSTITUTIONAL.webp","LOSS_FAMILY","KNOWLEDGE_INSTITUTIONAL","16:09","CIV-VIS-B37","USER_SUPPLIED_CSV","继续 LOSS_FAMILY 第一批 6 张"
"VIS-CIV-LF-NETWORK_INFRASTRUCTURE","VIS-CIV-LF-NETWORK_INFRASTRUCTURE.webp","LOSS_FAMILY","NETWORK_INFRASTRUCTURE","16:09","CIV-VIS-B37","USER_SUPPLIED_CSV","继续 LOSS_FAMILY 第一批 6 张"
"VIS-CIV-LF-MEANING_IDENTITY_CARRIER","VIS-CIV-LF-MEANING_IDENTITY_CARRIER.webp","LOSS_FAMILY","MEANING_IDENTITY_CARRIER","16:09","CIV-VIS-B37","USER_SUPPLIED_CSV","继续 LOSS_FAMILY 第一批 6 张"
"VIS-CIV-LF-SUCCESSION_ABSORPTION_FUTURE","VIS-CIV-LF-SUCCESSION_ABSORPTION_FUTURE.webp","LOSS_FAMILY","SUCCESSION_ABSORPTION_FUTURE","16:09","CIV-VIS-B37","USER_SUPPLIED_CSV","继续 LOSS_FAMILY 第一批 6 张"
"VIS-CIV-LT-LOSS-REGIME-END","VIS-CIV-LT-LOSS-REGIME-END.webp","LOSS_TYPE_VIGNETTE","LOSS-REGIME-END","1:01","CIV-VIS-B38","USER_SUPPLIED_CSV","继续 LOSS_TYPE_VIGNETTE 第一批 8 张"
"VIS-CIV-LT-LOSS-TERRITORIAL-CONTRACTION","VIS-CIV-LT-LOSS-TERRITORIAL-CONTRACTION.webp","LOSS_TYPE_VIGNETTE","LOSS-TERRITORIAL-CONTRACTION","1:01","CIV-VIS-B38","USER_SUPPLIED_CSV","继续 LOSS_TYPE_VIGNETTE 第一批 8 张"
"VIS-CIV-LT-LOSS-SOVEREIGNTY-LOSS","VIS-CIV-LT-LOSS-SOVEREIGNTY-LOSS.webp","LOSS_TYPE_VIGNETTE","LOSS-SOVEREIGNTY-LOSS","1:01","CIV-VIS-B38","USER_SUPPLIED_CSV","继续 LOSS_TYPE_VIGNETTE 第一批 8 张"
"VIS-CIV-LT-LOSS-BOUNDARY-RECONFIGURATION","VIS-CIV-LT-LOSS-BOUNDARY-RECONFIGURATION.webp","LOSS_TYPE_VIGNETTE","LOSS-BOUNDARY-RECONFIGURATION","1:01","CIV-VIS-B38","USER_SUPPLIED_CSV","继续 LOSS_TYPE_VIGNETTE 第一批 8 张"
"VIS-CIV-LT-LOSS-POPULATION-DECLINE","VIS-CIV-LT-LOSS-POPULATION-DECLINE.webp","LOSS_TYPE_VIGNETTE","LOSS-POPULATION-DECLINE","1:01","CIV-VIS-B38","USER_SUPPLIED_CSV","继续 LOSS_TYPE_VIGNETTE 第一批 8 张"
"VIS-CIV-LT-LOSS-URBAN-DECLINE","VIS-CIV-LT-LOSS-URBAN-DECLINE.webp","LOSS_TYPE_VIGNETTE","LOSS-URBAN-DECLINE","1:01","CIV-VIS-B38","USER_SUPPLIED_CSV","继续 LOSS_TYPE_VIGNETTE 第一批 8 张"
"VIS-CIV-LT-LOSS-SETTLEMENT-NETWORK-BREAKDOWN","VIS-CIV-LT-LOSS-SETTLEMENT-NETWORK-BREAKDOWN.webp","LOSS_TYPE_VIGNETTE","LOSS-SETTLEMENT-NETWORK-BREAKDOWN","1:01","CIV-VIS-B38","USER_SUPPLIED_CSV","继续 LOSS_TYPE_VIGNETTE 第一批 8 张"
"VIS-CIV-LT-LOSS-DEMOGRAPHIC-TRANSFORMATION","VIS-CIV-LT-LOSS-DEMOGRAPHIC-TRANSFORMATION.webp","LOSS_TYPE_VIGNETTE","LOSS-DEMOGRAPHIC-TRANSFORMATION","1:01","CIV-VIS-B38","USER_SUPPLIED_CSV","继续 LOSS_TYPE_VIGNETTE 第一批 8 张"
"VIS-CIV-LT-LOSS-INSTITUTIONAL-BREAKDOWN","VIS-CIV-LT-LOSS-INSTITUTIONAL-BREAKDOWN.webp","LOSS_TYPE_VIGNETTE","LOSS-INSTITUTIONAL-BREAKDOWN","1:01","CIV-VIS-B39","USER_SUPPLIED_CSV","继续 LOSS_TYPE_VIGNETTE 第二批 8 张"
"VIS-CIV-LT-LOSS-KNOWLEDGE-TRANSMISSION-LOSS","VIS-CIV-LT-LOSS-KNOWLEDGE-TRANSMISSION-LOSS.webp","LOSS_TYPE_VIGNETTE","LOSS-KNOWLEDGE-TRANSMISSION-LOSS","1:01","CIV-VIS-B39","USER_SUPPLIED_CSV","继续 LOSS_TYPE_VIGNETTE 第二批 8 张"
"VIS-CIV-LT-LOSS-EDUCATION-DECLINE","VIS-CIV-LT-LOSS-EDUCATION-DECLINE.webp","LOSS_TYPE_VIGNETTE","LOSS-EDUCATION-DECLINE","1:01","CIV-VIS-B39","USER_SUPPLIED_CSV","继续 LOSS_TYPE_VIGNETTE 第二批 8 张"
"VIS-CIV-LT-LOSS-PROFESSIONAL-CLASS-LOSS","VIS-CIV-LT-LOSS-PROFESSIONAL-CLASS-LOSS.webp","LOSS_TYPE_VIGNETTE","LOSS-PROFESSIONAL-CLASS-LOSS","1:01","CIV-VIS-B39","USER_SUPPLIED_CSV","继续 LOSS_TYPE_VIGNETTE 第二批 8 张"
"VIS-CIV-LT-LOSS-TRANSPORT-NETWORK-LOSS","VIS-CIV-LT-LOSS-TRANSPORT-NETWORK-LOSS.webp","LOSS_TYPE_VIGNETTE","LOSS-TRANSPORT-NETWORK-LOSS","1:01","CIV-VIS-B39","USER_SUPPLIED_CSV","继续 LOSS_TYPE_VIGNETTE 第二批 8 张"
"VIS-CIV-LT-LOSS-TRADE-SYSTEM-DISRUPTION","VIS-CIV-LT-LOSS-TRADE-SYSTEM-DISRUPTION.webp","LOSS_TYPE_VIGNETTE","LOSS-TRADE-SYSTEM-DISRUPTION","1:01","CIV-VIS-B39","USER_SUPPLIED_CSV","继续 LOSS_TYPE_VIGNETTE 第二批 8 张"
"VIS-CIV-LT-LOSS-COMMUNICATION-BREAKDOWN","VIS-CIV-LT-LOSS-COMMUNICATION-BREAKDOWN.webp","LOSS_TYPE_VIGNETTE","LOSS-COMMUNICATION-BREAKDOWN","1:01","CIV-VIS-B39","USER_SUPPLIED_CSV","继续 LOSS_TYPE_VIGNETTE 第二批 8 张"
"VIS-CIV-LT-LOSS-INFRASTRUCTURE-ABANDONMENT","VIS-CIV-LT-LOSS-INFRASTRUCTURE-ABANDONMENT.webp","LOSS_TYPE_VIGNETTE","LOSS-INFRASTRUCTURE-ABANDONMENT","1:01","CIV-VIS-B39","USER_SUPPLIED_CSV","继续 LOSS_TYPE_VIGNETTE 第二批 8 张"
"VIS-CIV-LT-LOSS-RELIGIOUS-TRANSFORMATION","VIS-CIV-LT-LOSS-RELIGIOUS-TRANSFORMATION.webp","LOSS_TYPE_VIGNETTE","LOSS-RELIGIOUS-TRANSFORMATION","1:01","CIV-VIS-B40","USER_SUPPLIED_CSV","继续 LOSS_TYPE_VIGNETTE 第三批 8 张"
"VIS-CIV-LT-LOSS-CULTURAL-DISCONTINUITY","VIS-CIV-LT-LOSS-CULTURAL-DISCONTINUITY.webp","LOSS_TYPE_VIGNETTE","LOSS-CULTURAL-DISCONTINUITY","1:01","CIV-VIS-B40","USER_SUPPLIED_CSV","继续 LOSS_TYPE_VIGNETTE 第三批 8 张"
"VIS-CIV-LT-LOSS-LANGUAGE-DECLINE","VIS-CIV-LT-LOSS-LANGUAGE-DECLINE.webp","LOSS_TYPE_VIGNETTE","LOSS-LANGUAGE-DECLINE","1:01","CIV-VIS-B40","USER_SUPPLIED_CSV","继续 LOSS_TYPE_VIGNETTE 第三批 8 张"
"VIS-CIV-LT-LOSS-IDENTITY-RECONFIGURATION","VIS-CIV-LT-LOSS-IDENTITY-RECONFIGURATION.webp","LOSS_TYPE_VIGNETTE","LOSS-IDENTITY-RECONFIGURATION","1:01","CIV-VIS-B40","USER_SUPPLIED_CSV","继续 LOSS_TYPE_VIGNETTE 第三批 8 张"
"VIS-CIV-LT-LOSS-ABSORPTION-BY-OTHERS","VIS-CIV-LT-LOSS-ABSORPTION-BY-OTHERS.webp","LOSS_TYPE_VIGNETTE","LOSS-ABSORPTION-BY-OTHERS","1:01","CIV-VIS-B40","USER_SUPPLIED_CSV","继续 LOSS_TYPE_VIGNETTE 第三批 8 张"
"VIS-CIV-LT-LOSS-PARTIAL-CONTINUATION","VIS-CIV-LT-LOSS-PARTIAL-CONTINUATION.webp","LOSS_TYPE_VIGNETTE","LOSS-PARTIAL-CONTINUATION","1:01","CIV-VIS-B40","USER_SUPPLIED_CSV","继续 LOSS_TYPE_VIGNETTE 第三批 8 张"
"VIS-CIV-LT-LOSS-FORM-TRANSFORMATION","VIS-CIV-LT-LOSS-FORM-TRANSFORMATION.webp","LOSS_TYPE_VIGNETTE","LOSS-FORM-TRANSFORMATION","1:01","CIV-VIS-B40","USER_SUPPLIED_CSV","继续 LOSS_TYPE_VIGNETTE 第三批 8 张"
"VIS-CIV-LT-LOSS-LEGACY-IN-NEW-SYSTEMS","VIS-CIV-LT-LOSS-LEGACY-IN-NEW-SYSTEMS.webp","LOSS_TYPE_VIGNETTE","LOSS-LEGACY-IN-NEW-SYSTEMS","1:01","CIV-VIS-B40","USER_SUPPLIED_CSV","继续 LOSS_TYPE_VIGNETTE 第三批 8 张"
"VIS-CIV-INF-01","VIS-CIV-INF-01.webp","CIVILIZATION_INFRASTRUCTURE","INF-01","4:03","CIV-VIS-B41","USER_SUPPLIED_CSV","继续 CIVILIZATION_INFRASTRUCTURE 第一批 10 张"
"VIS-CIV-INF-02","VIS-CIV-INF-02.webp","CIVILIZATION_INFRASTRUCTURE","INF-02","4:03","CIV-VIS-B41","USER_SUPPLIED_CSV","继续 CIVILIZATION_INFRASTRUCTURE 第一批 10 张"
"VIS-CIV-INF-03","VIS-CIV-INF-03.webp","CIVILIZATION_INFRASTRUCTURE","INF-03","4:03","CIV-VIS-B41","USER_SUPPLIED_CSV","继续 CIVILIZATION_INFRASTRUCTURE 第一批 10 张"
"VIS-CIV-INF-04","VIS-CIV-INF-04.webp","CIVILIZATION_INFRASTRUCTURE","INF-04","4:03","CIV-VIS-B41","USER_SUPPLIED_CSV","继续 CIVILIZATION_INFRASTRUCTURE 第一批 10 张"
"VIS-CIV-INF-05","VIS-CIV-INF-05.webp","CIVILIZATION_INFRASTRUCTURE","INF-05","4:03","CIV-VIS-B41","USER_SUPPLIED_CSV","继续 CIVILIZATION_INFRASTRUCTURE 第一批 10 张"
"VIS-CIV-INF-06","VIS-CIV-INF-06.webp","CIVILIZATION_INFRASTRUCTURE","INF-06","4:03","CIV-VIS-B41","USER_SUPPLIED_CSV","继续 CIVILIZATION_INFRASTRUCTURE 第一批 10 张"
"VIS-CIV-INF-07","VIS-CIV-INF-07.webp","CIVILIZATION_INFRASTRUCTURE","INF-07","4:03","CIV-VIS-B41","USER_SUPPLIED_CSV","继续 CIVILIZATION_INFRASTRUCTURE 第一批 10 张"
"VIS-CIV-INF-08","VIS-CIV-INF-08.webp","CIVILIZATION_INFRASTRUCTURE","INF-08","4:03","CIV-VIS-B41","USER_SUPPLIED_CSV","继续 CIVILIZATION_INFRASTRUCTURE 第一批 10 张"
"VIS-CIV-INF-09","VIS-CIV-INF-09.webp","CIVILIZATION_INFRASTRUCTURE","INF-09","4:03","CIV-VIS-B41","USER_SUPPLIED_CSV","继续 CIVILIZATION_INFRASTRUCTURE 第一批 10 张"
"VIS-CIV-INF-10","VIS-CIV-INF-10.webp","CIVILIZATION_INFRASTRUCTURE","INF-10","4:03","CIV-VIS-B41","USER_SUPPLIED_CSV","继续 CIVILIZATION_INFRASTRUCTURE 第一批 10 张"
"VIS-CIV-INF-11","VIS-CIV-INF-11.webp","CIVILIZATION_INFRASTRUCTURE","INF-11","4:03","CIV-VIS-B42","USER_SUPPLIED_CSV","继续 CIVILIZATION_INFRASTRUCTURE 第二批 10 张"
"VIS-CIV-INF-12","VIS-CIV-INF-12.webp","CIVILIZATION_INFRASTRUCTURE","INF-12","4:03","CIV-VIS-B42","USER_SUPPLIED_CSV","继续 CIVILIZATION_INFRASTRUCTURE 第二批 10 张"
"VIS-CIV-INF-13","VIS-CIV-INF-13.webp","CIVILIZATION_INFRASTRUCTURE","INF-13","4:03","CIV-VIS-B42","USER_SUPPLIED_CSV","继续 CIVILIZATION_INFRASTRUCTURE 第二批 10 张"
"VIS-CIV-INF-14","VIS-CIV-INF-14.webp","CIVILIZATION_INFRASTRUCTURE","INF-14","4:03","CIV-VIS-B42","USER_SUPPLIED_CSV","继续 CIVILIZATION_INFRASTRUCTURE 第二批 10 张"
"VIS-CIV-INF-15","VIS-CIV-INF-15.webp","CIVILIZATION_INFRASTRUCTURE","INF-15","4:03","CIV-VIS-B42","USER_SUPPLIED_CSV","继续 CIVILIZATION_INFRASTRUCTURE 第二批 10 张"
"VIS-CIV-INF-16","VIS-CIV-INF-16.webp","CIVILIZATION_INFRASTRUCTURE","INF-16","4:03","CIV-VIS-B42","USER_SUPPLIED_CSV","继续 CIVILIZATION_INFRASTRUCTURE 第二批 10 张"
"VIS-CIV-INF-17","VIS-CIV-INF-17.webp","CIVILIZATION_INFRASTRUCTURE","INF-17","4:03","CIV-VIS-B42","USER_SUPPLIED_CSV","继续 CIVILIZATION_INFRASTRUCTURE 第二批 10 张"
"VIS-CIV-INF-18","VIS-CIV-INF-18.webp","CIVILIZATION_INFRASTRUCTURE","INF-18","4:03","CIV-VIS-B42","USER_SUPPLIED_CSV","继续 CIVILIZATION_INFRASTRUCTURE 第二批 10 张"
"VIS-CIV-INF-19","VIS-CIV-INF-19.webp","CIVILIZATION_INFRASTRUCTURE","INF-19","4:03","CIV-VIS-B42","USER_SUPPLIED_CSV","继续 CIVILIZATION_INFRASTRUCTURE 第二批 10 张"
"VIS-CIV-INF-20","VIS-CIV-INF-20.webp","CIVILIZATION_INFRASTRUCTURE","INF-20","4:03","CIV-VIS-B42","USER_SUPPLIED_CSV","继续 CIVILIZATION_INFRASTRUCTURE 第二批 10 张"
"VIS-CIV-MAP-01","VIS-CIV-MAP-01.webp","GEOGRAPHIC_BASE","MAP-01","16:09","CIV-VIS-B43","USER_SUPPLIED_CSV","继续 GEOGRAPHIC_BASE 第一批 10 张"
"VIS-CIV-MAP-02","VIS-CIV-MAP-02.webp","GEOGRAPHIC_BASE","MAP-02","16:09","CIV-VIS-B43","USER_SUPPLIED_CSV","继续 GEOGRAPHIC_BASE 第一批 10 张"
"VIS-CIV-MAP-03","VIS-CIV-MAP-03.webp","GEOGRAPHIC_BASE","MAP-03","16:09","CIV-VIS-B43","USER_SUPPLIED_CSV","继续 GEOGRAPHIC_BASE 第一批 10 张"
"VIS-CIV-MAP-04","VIS-CIV-MAP-04.webp","GEOGRAPHIC_BASE","MAP-04","16:09","CIV-VIS-B43","USER_SUPPLIED_CSV","继续 GEOGRAPHIC_BASE 第一批 10 张"
"VIS-CIV-MAP-05","VIS-CIV-MAP-05.webp","GEOGRAPHIC_BASE","MAP-05","16:09","CIV-VIS-B43","USER_SUPPLIED_CSV","继续 GEOGRAPHIC_BASE 第一批 10 张"
"VIS-CIV-MAP-06","VIS-CIV-MAP-06.webp","GEOGRAPHIC_BASE","MAP-06","16:09","CIV-VIS-B43","USER_SUPPLIED_CSV","继续 GEOGRAPHIC_BASE 第一批 10 张"
"VIS-CIV-MAP-07","VIS-CIV-MAP-07.webp","GEOGRAPHIC_BASE","MAP-07","16:09","CIV-VIS-B43","USER_SUPPLIED_CSV","继续 GEOGRAPHIC_BASE 第一批 10 张"
"VIS-CIV-MAP-08","VIS-CIV-MAP-08.webp","GEOGRAPHIC_BASE","MAP-08","16:09","CIV-VIS-B43","USER_SUPPLIED_CSV","继续 GEOGRAPHIC_BASE 第一批 10 张"
"VIS-CIV-MAP-09","VIS-CIV-MAP-09.webp","GEOGRAPHIC_BASE","MAP-09","16:09","CIV-VIS-B43","USER_SUPPLIED_CSV","继续 GEOGRAPHIC_BASE 第一批 10 张"
"VIS-CIV-MAP-10","VIS-CIV-MAP-10.webp","GEOGRAPHIC_BASE","MAP-10","16:09","CIV-VIS-B43","USER_SUPPLIED_CSV","继续 GEOGRAPHIC_BASE 第一批 10 张"
"VIS-CIV-HF-01","VIS-CIV-HF-01.webp","HISTORICAL_FIGURE","HF-01","4:05","CIV-VIS-B44","USER_SUPPLIED_CSV","继续 HISTORICAL_FIGURE 第一批 8 张"
"VIS-CIV-HF-02","VIS-CIV-HF-02.webp","HISTORICAL_FIGURE","HF-02","4:05","CIV-VIS-B44","USER_SUPPLIED_CSV","继续 HISTORICAL_FIGURE 第一批 8 张"
"VIS-CIV-HF-03","VIS-CIV-HF-03.webp","HISTORICAL_FIGURE","HF-03","4:05","CIV-VIS-B44","USER_SUPPLIED_CSV","继续 HISTORICAL_FIGURE 第一批 8 张"
"VIS-CIV-HF-04","VIS-CIV-HF-04.webp","HISTORICAL_FIGURE","HF-04","4:05","CIV-VIS-B44","USER_SUPPLIED_CSV","继续 HISTORICAL_FIGURE 第一批 8 张"
"VIS-CIV-HF-05","VIS-CIV-HF-05.webp","HISTORICAL_FIGURE","HF-05","4:05","CIV-VIS-B44","USER_SUPPLIED_CSV","继续 HISTORICAL_FIGURE 第一批 8 张"
"VIS-CIV-HF-06","VIS-CIV-HF-06.webp","HISTORICAL_FIGURE","HF-06","4:05","CIV-VIS-B44","USER_SUPPLIED_CSV","继续 HISTORICAL_FIGURE 第一批 8 张"
"VIS-CIV-HF-07","VIS-CIV-HF-07.webp","HISTORICAL_FIGURE","HF-07","4:05","CIV-VIS-B44","USER_SUPPLIED_CSV","继续 HISTORICAL_FIGURE 第一批 8 张"
"VIS-CIV-HF-08","VIS-CIV-HF-08.webp","HISTORICAL_FIGURE","HF-08","4:05","CIV-VIS-B44","USER_SUPPLIED_CSV","继续 HISTORICAL_FIGURE 第一批 8 张"
"VIS-CIV-HF-09","VIS-CIV-HF-09.webp","HISTORICAL_FIGURE","HF-09","4:05","CIV-VIS-B45","USER_SUPPLIED_CSV","继续 HISTORICAL_FIGURE 第二批 8 张"
"VIS-CIV-HF-10","VIS-CIV-HF-10.webp","HISTORICAL_FIGURE","HF-10","4:05","CIV-VIS-B45","USER_SUPPLIED_CSV","继续 HISTORICAL_FIGURE 第二批 8 张"
"VIS-CIV-HF-11","VIS-CIV-HF-11.webp","HISTORICAL_FIGURE","HF-11","4:05","CIV-VIS-B45","USER_SUPPLIED_CSV","继续 HISTORICAL_FIGURE 第二批 8 张"
"VIS-CIV-HF-12","VIS-CIV-HF-12.webp","HISTORICAL_FIGURE","HF-12","4:05","CIV-VIS-B45","USER_SUPPLIED_CSV","继续 HISTORICAL_FIGURE 第二批 8 张"
"VIS-CIV-HF-13","VIS-CIV-HF-13.webp","HISTORICAL_FIGURE","HF-13","4:05","CIV-VIS-B45","USER_SUPPLIED_CSV","继续 HISTORICAL_FIGURE 第二批 8 张"
"VIS-CIV-HF-14","VIS-CIV-HF-14.webp","HISTORICAL_FIGURE","HF-14","4:05","CIV-VIS-B45","USER_SUPPLIED_CSV","继续 HISTORICAL_FIGURE 第二批 8 张"
"VIS-CIV-HF-15","VIS-CIV-HF-15.webp","HISTORICAL_FIGURE","HF-15","4:05","CIV-VIS-B45","USER_SUPPLIED_CSV","继续 HISTORICAL_FIGURE 第二批 8 张"
"VIS-CIV-HF-16","VIS-CIV-HF-16.webp","HISTORICAL_FIGURE","HF-16","4:05","CIV-VIS-B45","USER_SUPPLIED_CSV","继续 HISTORICAL_FIGURE 第二批 8 张"
"VIS-CIV-FLAG-01","VIS-CIV-FLAG-01.webp","MODERN_FLAG","FLAG-01","3:02","CIV-VIS-B46","USER_SUPPLIED_CSV","继续 MODERN_FLAG 第一批 10 张"
"VIS-CIV-FLAG-02","VIS-CIV-FLAG-02.webp","MODERN_FLAG","FLAG-02","3:02","CIV-VIS-B46","USER_SUPPLIED_CSV","继续 MODERN_FLAG 第一批 10 张"
"VIS-CIV-FLAG-03","VIS-CIV-FLAG-03.webp","MODERN_FLAG","FLAG-03","3:02","CIV-VIS-B46","USER_SUPPLIED_CSV","继续 MODERN_FLAG 第一批 10 张"
"VIS-CIV-FLAG-04","VIS-CIV-FLAG-04.webp","MODERN_FLAG","FLAG-04","3:02","CIV-VIS-B46","USER_SUPPLIED_CSV","继续 MODERN_FLAG 第一批 10 张"
"VIS-CIV-FLAG-05","VIS-CIV-FLAG-05.webp","MODERN_FLAG","FLAG-05","3:02","CIV-VIS-B46","USER_SUPPLIED_CSV","继续 MODERN_FLAG 第一批 10 张"
"VIS-CIV-FLAG-06","VIS-CIV-FLAG-06.webp","MODERN_FLAG","FLAG-06","3:02","CIV-VIS-B46","USER_SUPPLIED_CSV","继续 MODERN_FLAG 第一批 10 张"
"VIS-CIV-FLAG-07","VIS-CIV-FLAG-07.webp","MODERN_FLAG","FLAG-07","3:02","CIV-VIS-B46","USER_SUPPLIED_CSV","继续 MODERN_FLAG 第一批 10 张"
"VIS-CIV-FLAG-08","VIS-CIV-FLAG-08.webp","MODERN_FLAG","FLAG-08","3:02","CIV-VIS-B46","USER_SUPPLIED_CSV","继续 MODERN_FLAG 第一批 10 张"
"VIS-CIV-FLAG-09","VIS-CIV-FLAG-09.webp","MODERN_FLAG","FLAG-09","3:02","CIV-VIS-B46","USER_SUPPLIED_CSV","继续 MODERN_FLAG 第一批 10 张"
"VIS-CIV-FLAG-10","VIS-CIV-FLAG-10.webp","MODERN_FLAG","FLAG-10","3:02","CIV-VIS-B46","USER_SUPPLIED_CSV","继续 MODERN_FLAG 第一批 10 张"
"VIS-CIV-FLAG-11","VIS-CIV-FLAG-11.webp","MODERN_FLAG","FLAG-11","3:02","CIV-VIS-B47","USER_SUPPLIED_CSV","继续 MODERN_FLAG 第二批 10 张"
"VIS-CIV-FLAG-12","VIS-CIV-FLAG-12.webp","MODERN_FLAG","FLAG-12","3:02","CIV-VIS-B47","USER_SUPPLIED_CSV","继续 MODERN_FLAG 第二批 10 张"
"VIS-CIV-FLAG-13","VIS-CIV-FLAG-13.webp","MODERN_FLAG","FLAG-13","3:02","CIV-VIS-B47","USER_SUPPLIED_CSV","继续 MODERN_FLAG 第二批 10 张"
"VIS-CIV-FLAG-14","VIS-CIV-FLAG-14.webp","MODERN_FLAG","FLAG-14","3:02","CIV-VIS-B47","USER_SUPPLIED_CSV","继续 MODERN_FLAG 第二批 10 张"
"VIS-CIV-FLAG-15","VIS-CIV-FLAG-15.webp","MODERN_FLAG","FLAG-15","3:02","CIV-VIS-B47","USER_SUPPLIED_CSV","继续 MODERN_FLAG 第二批 10 张"
"VIS-CIV-FLAG-16","VIS-CIV-FLAG-16.webp","MODERN_FLAG","FLAG-16","3:02","CIV-VIS-B47","USER_SUPPLIED_CSV","继续 MODERN_FLAG 第二批 10 张"
"VIS-CIV-FLAG-17","VIS-CIV-FLAG-17.webp","MODERN_FLAG","FLAG-17","3:02","CIV-VIS-B47","USER_SUPPLIED_CSV","继续 MODERN_FLAG 第二批 10 张"
"VIS-CIV-FLAG-18","VIS-CIV-FLAG-18.webp","MODERN_FLAG","FLAG-18","3:02","CIV-VIS-B47","USER_SUPPLIED_CSV","继续 MODERN_FLAG 第二批 10 张"
"VIS-CIV-FLAG-19","VIS-CIV-FLAG-19.webp","MODERN_FLAG","FLAG-19","3:02","CIV-VIS-B47","USER_SUPPLIED_CSV","继续 MODERN_FLAG 第二批 10 张"
"VIS-CIV-FLAG-20","VIS-CIV-FLAG-20.webp","MODERN_FLAG","FLAG-20","3:02","CIV-VIS-B47","USER_SUPPLIED_CSV","继续 MODERN_FLAG 第二批 10 张"
"VIS-CIV-FLAG-21","VIS-CIV-FLAG-21.webp","MODERN_FLAG","FLAG-21","3:02","CIV-VIS-B48","USER_SUPPLIED_CSV","继续 MODERN_FLAG 第三批 4 张"
"VIS-CIV-FLAG-22","VIS-CIV-FLAG-22.webp","MODERN_FLAG","FLAG-22","3:02","CIV-VIS-B48","USER_SUPPLIED_CSV","继续 MODERN_FLAG 第三批 4 张"
"VIS-CIV-FLAG-23","VIS-CIV-FLAG-23.webp","MODERN_FLAG","FLAG-23","3:02","CIV-VIS-B48","USER_SUPPLIED_CSV","继续 MODERN_FLAG 第三批 4 张"
"VIS-CIV-FLAG-24","VIS-CIV-FLAG-24.webp","MODERN_FLAG","FLAG-24","3:02","CIV-VIS-B48","USER_SUPPLIED_CSV","继续 MODERN_FLAG 第三批 4 张"
"VIS-CIV-CA-T00-03-SECONDARY","VIS-CIV-CA-T00-03-SECONDARY.webp","CASE_SECONDARY","CA-T00-03","4:3","CIV-VIS-B15","RESTORED_FROM_CANONICAL_REGISTRY","继续 CIV-VIS-B15 CASE_SECONDARY，按原 Registry 与 prompt canon 制作"
"VIS-CIV-CA-T01-01-SECONDARY","VIS-CIV-CA-T01-01-SECONDARY.webp","CASE_SECONDARY","CA-T01-01","4:3","CIV-VIS-B15","RESTORED_FROM_CANONICAL_REGISTRY","继续 CIV-VIS-B15 CASE_SECONDARY，按原 Registry 与 prompt canon 制作"
"VIS-CIV-CA-T01-03-SECONDARY","VIS-CIV-CA-T01-03-SECONDARY.webp","CASE_SECONDARY","CA-T01-03","4:3","CIV-VIS-B15","RESTORED_FROM_CANONICAL_REGISTRY","继续 CIV-VIS-B15 CASE_SECONDARY，按原 Registry 与 prompt canon 制作"
"VIS-CIV-CA-T02-01-SECONDARY","VIS-CIV-CA-T02-01-SECONDARY.webp","CASE_SECONDARY","CA-T02-01","4:3","CIV-VIS-B16","RESTORED_FROM_CANONICAL_REGISTRY","继续 CIV-VIS-B16 CASE_SECONDARY，按原 Registry 与 prompt canon 制作"
"VIS-CIV-CA-T02-03-SECONDARY","VIS-CIV-CA-T02-03-SECONDARY.webp","CASE_SECONDARY","CA-T02-03","4:3","CIV-VIS-B16","RESTORED_FROM_CANONICAL_REGISTRY","继续 CIV-VIS-B16 CASE_SECONDARY，按原 Registry 与 prompt canon 制作"
"VIS-CIV-CA-T02-04-SECONDARY","VIS-CIV-CA-T02-04-SECONDARY.webp","CASE_SECONDARY","CA-T02-04","4:3","CIV-VIS-B16","RESTORED_FROM_CANONICAL_REGISTRY","继续 CIV-VIS-B16 CASE_SECONDARY，按原 Registry 与 prompt canon 制作"
"VIS-CIV-CA-T02-06-SECONDARY","VIS-CIV-CA-T02-06-SECONDARY.webp","CASE_SECONDARY","CA-T02-06","4:3","CIV-VIS-B16","RESTORED_FROM_CANONICAL_REGISTRY","继续 CIV-VIS-B16 CASE_SECONDARY，按原 Registry 与 prompt canon 制作"
"VIS-CIV-CA-T03-01-SECONDARY","VIS-CIV-CA-T03-01-SECONDARY.webp","CASE_SECONDARY","CA-T03-01","4:3","CIV-VIS-B16","RESTORED_FROM_CANONICAL_REGISTRY","继续 CIV-VIS-B16 CASE_SECONDARY，按原 Registry 与 prompt canon 制作"
"VIS-CIV-CA-T03-02-SECONDARY","VIS-CIV-CA-T03-02-SECONDARY.webp","CASE_SECONDARY","CA-T03-02","4:3","CIV-VIS-B16","RESTORED_FROM_CANONICAL_REGISTRY","继续 CIV-VIS-B16 CASE_SECONDARY，按原 Registry 与 prompt canon 制作"
"VIS-CIV-CA-T03-03-SECONDARY","VIS-CIV-CA-T03-03-SECONDARY.webp","CASE_SECONDARY","CA-T03-03","4:3","CIV-VIS-B17","RESTORED_FROM_CANONICAL_REGISTRY","继续 CIV-VIS-B17 CASE_SECONDARY，按原 Registry 与 prompt canon 制作"
"VIS-CIV-CA-T03-04-SECONDARY","VIS-CIV-CA-T03-04-SECONDARY.webp","CASE_SECONDARY","CA-T03-04","4:3","CIV-VIS-B17","RESTORED_FROM_CANONICAL_REGISTRY","继续 CIV-VIS-B17 CASE_SECONDARY，按原 Registry 与 prompt canon 制作"
"VIS-CIV-CA-T03-05-SECONDARY","VIS-CIV-CA-T03-05-SECONDARY.webp","CASE_SECONDARY","CA-T03-05","4:3","CIV-VIS-B17","RESTORED_FROM_CANONICAL_REGISTRY","继续 CIV-VIS-B17 CASE_SECONDARY，按原 Registry 与 prompt canon 制作"
"VIS-CIV-CA-T03-06-SECONDARY","VIS-CIV-CA-T03-06-SECONDARY.webp","CASE_SECONDARY","CA-T03-06","4:3","CIV-VIS-B17","RESTORED_FROM_CANONICAL_REGISTRY","继续 CIV-VIS-B17 CASE_SECONDARY，按原 Registry 与 prompt canon 制作"
"VIS-CIV-CA-T04-01-SECONDARY","VIS-CIV-CA-T04-01-SECONDARY.webp","CASE_SECONDARY","CA-T04-01","4:3","CIV-VIS-B17","RESTORED_FROM_CANONICAL_REGISTRY","继续 CIV-VIS-B17 CASE_SECONDARY，按原 Registry 与 prompt canon 制作"
"VIS-CIV-CA-T04-02-SECONDARY","VIS-CIV-CA-T04-02-SECONDARY.webp","CASE_SECONDARY","CA-T04-02","4:3","CIV-VIS-B17","RESTORED_FROM_CANONICAL_REGISTRY","继续 CIV-VIS-B17 CASE_SECONDARY，按原 Registry 与 prompt canon 制作"
"VIS-CIV-CA-T04-03-SECONDARY","VIS-CIV-CA-T04-03-SECONDARY.webp","CASE_SECONDARY","CA-T04-03","4:3","CIV-VIS-B17","RESTORED_FROM_CANONICAL_REGISTRY","继续 CIV-VIS-B17 CASE_SECONDARY，按原 Registry 与 prompt canon 制作"
"VIS-CIV-CA-T05-01-SECONDARY","VIS-CIV-CA-T05-01-SECONDARY.webp","CASE_SECONDARY","CA-T05-01","4:3","CIV-VIS-B18","RESTORED_FROM_CANONICAL_REGISTRY","继续 CIV-VIS-B18 CASE_SECONDARY，按原 Registry 与 prompt canon 制作"
"VIS-CIV-CA-T05-04-SECONDARY","VIS-CIV-CA-T05-04-SECONDARY.webp","CASE_SECONDARY","CA-T05-04","4:3","CIV-VIS-B18","RESTORED_FROM_CANONICAL_REGISTRY","继续 CIV-VIS-B18 CASE_SECONDARY，按原 Registry 与 prompt canon 制作"
"VIS-CIV-CA-T05-06-SECONDARY","VIS-CIV-CA-T05-06-SECONDARY.webp","CASE_SECONDARY","CA-T05-06","4:3","CIV-VIS-B18","RESTORED_FROM_CANONICAL_REGISTRY","继续 CIV-VIS-B18 CASE_SECONDARY，按原 Registry 与 prompt canon 制作"
"VIS-CIV-CA-T06-01-SECONDARY","VIS-CIV-CA-T06-01-SECONDARY.webp","CASE_SECONDARY","CA-T06-01","4:3","CIV-VIS-B18","RESTORED_FROM_CANONICAL_REGISTRY","继续 CIV-VIS-B18 CASE_SECONDARY，按原 Registry 与 prompt canon 制作"
"VIS-CIV-CA-T06-02-SECONDARY","VIS-CIV-CA-T06-02-SECONDARY.webp","CASE_SECONDARY","CA-T06-02","4:3","CIV-VIS-B18","RESTORED_FROM_CANONICAL_REGISTRY","继续 CIV-VIS-B18 CASE_SECONDARY，按原 Registry 与 prompt canon 制作"
"VIS-CIV-CA-T06-03-SECONDARY","VIS-CIV-CA-T06-03-SECONDARY.webp","CASE_SECONDARY","CA-T06-03","4:3","CIV-VIS-B18","RESTORED_FROM_CANONICAL_REGISTRY","继续 CIV-VIS-B18 CASE_SECONDARY，按原 Registry 与 prompt canon 制作"
"VIS-CIV-CA-T06-06-SECONDARY","VIS-CIV-CA-T06-06-SECONDARY.webp","CASE_SECONDARY","CA-T06-06","4:3","CIV-VIS-B19","RESTORED_FROM_CANONICAL_REGISTRY","继续 CIV-VIS-B19 CASE_SECONDARY，按原 Registry 与 prompt canon 制作"
"VIS-CIV-CA-T07-01-SECONDARY","VIS-CIV-CA-T07-01-SECONDARY.webp","CASE_SECONDARY","CA-T07-01","4:3","CIV-VIS-B19","RESTORED_FROM_CANONICAL_REGISTRY","继续 CIV-VIS-B19 CASE_SECONDARY，按原 Registry 与 prompt canon 制作"
"VIS-CIV-CA-T07-02-SECONDARY","VIS-CIV-CA-T07-02-SECONDARY.webp","CASE_SECONDARY","CA-T07-02","4:3","CIV-VIS-B19","RESTORED_FROM_CANONICAL_REGISTRY","继续 CIV-VIS-B19 CASE_SECONDARY，按原 Registry 与 prompt canon 制作"
"VIS-CIV-CA-T07-03-SECONDARY","VIS-CIV-CA-T07-03-SECONDARY.webp","CASE_SECONDARY","CA-T07-03","4:3","CIV-VIS-B19","RESTORED_FROM_CANONICAL_REGISTRY","继续 CIV-VIS-B19 CASE_SECONDARY，按原 Registry 与 prompt canon 制作"
"VIS-CIV-CA-T07-05-SECONDARY","VIS-CIV-CA-T07-05-SECONDARY.webp","CASE_SECONDARY","CA-T07-05","4:3","CIV-VIS-B19","RESTORED_FROM_CANONICAL_REGISTRY","继续 CIV-VIS-B19 CASE_SECONDARY，按原 Registry 与 prompt canon 制作"
"VIS-CIV-CA-T07-06-SECONDARY","VIS-CIV-CA-T07-06-SECONDARY.webp","CASE_SECONDARY","CA-T07-06","4:3","CIV-VIS-B19","RESTORED_FROM_CANONICAL_REGISTRY","继续 CIV-VIS-B19 CASE_SECONDARY，按原 Registry 与 prompt canon 制作"
"VIS-CIV-CA-T08-01-SECONDARY","VIS-CIV-CA-T08-01-SECONDARY.webp","CASE_SECONDARY","CA-T08-01","4:3","CIV-VIS-B19","RESTORED_FROM_CANONICAL_REGISTRY","继续 CIV-VIS-B19 CASE_SECONDARY，按原 Registry 与 prompt canon 制作"
"VIS-CIV-CA-T08-03-SECONDARY","VIS-CIV-CA-T08-03-SECONDARY.webp","CASE_SECONDARY","CA-T08-03","4:3","CIV-VIS-B20","RESTORED_FROM_CANONICAL_REGISTRY","继续 CIV-VIS-B20 CASE_SECONDARY，按原 Registry 与 prompt canon 制作"
"VIS-CIV-CA-T08-05-SECONDARY","VIS-CIV-CA-T08-05-SECONDARY.webp","CASE_SECONDARY","CA-T08-05","4:3","CIV-VIS-B20","RESTORED_FROM_CANONICAL_REGISTRY","继续 CIV-VIS-B20 CASE_SECONDARY，按原 Registry 与 prompt canon 制作"
"VIS-CIV-CA-T08-06-SECONDARY","VIS-CIV-CA-T08-06-SECONDARY.webp","CASE_SECONDARY","CA-T08-06","4:3","CIV-VIS-B20","RESTORED_FROM_CANONICAL_REGISTRY","继续 CIV-VIS-B20 CASE_SECONDARY，按原 Registry 与 prompt canon 制作"
"VIS-CIV-CA-T09-01-SECONDARY","VIS-CIV-CA-T09-01-SECONDARY.webp","CASE_SECONDARY","CA-T09-01","4:3","CIV-VIS-B20","RESTORED_FROM_CANONICAL_REGISTRY","继续 CIV-VIS-B20 CASE_SECONDARY，按原 Registry 与 prompt canon 制作"
"VIS-CIV-CA-T09-02-SECONDARY","VIS-CIV-CA-T09-02-SECONDARY.webp","CASE_SECONDARY","CA-T09-02","4:3","CIV-VIS-B20","RESTORED_FROM_CANONICAL_REGISTRY","继续 CIV-VIS-B20 CASE_SECONDARY，按原 Registry 与 prompt canon 制作"
"VIS-CIV-CA-T09-05-SECONDARY","VIS-CIV-CA-T09-05-SECONDARY.webp","CASE_SECONDARY","CA-T09-05","4:3","CIV-VIS-B20","RESTORED_FROM_CANONICAL_REGISTRY","继续 CIV-VIS-B20 CASE_SECONDARY，按原 Registry 与 prompt canon 制作"
"VIS-CIV-CA-T10-01-SECONDARY","VIS-CIV-CA-T10-01-SECONDARY.webp","CASE_SECONDARY","CA-T10-01","4:3","CIV-VIS-B21","RESTORED_FROM_CANONICAL_REGISTRY","继续 CIV-VIS-B21 CASE_SECONDARY，按原 Registry 与 prompt canon 制作"
"VIS-CIV-CA-T10-02-SECONDARY","VIS-CIV-CA-T10-02-SECONDARY.webp","CASE_SECONDARY","CA-T10-02","4:3","CIV-VIS-B21","RESTORED_FROM_CANONICAL_REGISTRY","继续 CIV-VIS-B21 CASE_SECONDARY，按原 Registry 与 prompt canon 制作"
"VIS-CIV-CA-T10-06-SECONDARY","VIS-CIV-CA-T10-06-SECONDARY.webp","CASE_SECONDARY","CA-T10-06","4:3","CIV-VIS-B21","RESTORED_FROM_CANONICAL_REGISTRY","继续 CIV-VIS-B21 CASE_SECONDARY，按原 Registry 与 prompt canon 制作"
"VIS-CIV-CA-T11-01-SECONDARY","VIS-CIV-CA-T11-01-SECONDARY.webp","CASE_SECONDARY","CA-T11-01","4:3","CIV-VIS-B21","RESTORED_FROM_CANONICAL_REGISTRY","继续 CIV-VIS-B21 CASE_SECONDARY，按原 Registry 与 prompt canon 制作"
"VIS-CIV-CA-T11-02-SECONDARY","VIS-CIV-CA-T11-02-SECONDARY.webp","CASE_SECONDARY","CA-T11-02","4:3","CIV-VIS-B21","RESTORED_FROM_CANONICAL_REGISTRY","继续 CIV-VIS-B21 CASE_SECONDARY，按原 Registry 与 prompt canon 制作"
"VIS-CIV-CA-T11-04-SECONDARY","VIS-CIV-CA-T11-04-SECONDARY.webp","CASE_SECONDARY","CA-T11-04","4:3","CIV-VIS-B21","RESTORED_FROM_CANONICAL_REGISTRY","继续 CIV-VIS-B21 CASE_SECONDARY，按原 Registry 与 prompt canon 制作"
"VIS-CIV-CA-T11-05-SECONDARY","VIS-CIV-CA-T11-05-SECONDARY.webp","CASE_SECONDARY","CA-T11-05","4:3","CIV-VIS-B22","RESTORED_FROM_CANONICAL_REGISTRY","继续 CIV-VIS-B22 CASE_SECONDARY，按原 Registry 与 prompt canon 制作"
"VIS-CIV-CA-T11-06-SECONDARY","VIS-CIV-CA-T11-06-SECONDARY.webp","CASE_SECONDARY","CA-T11-06","4:3","CIV-VIS-B22","RESTORED_FROM_CANONICAL_REGISTRY","继续 CIV-VIS-B22 CASE_SECONDARY，按原 Registry 与 prompt canon 制作"
"VIS-CIV-CA-T12-01-SECONDARY","VIS-CIV-CA-T12-01-SECONDARY.webp","CASE_SECONDARY","CA-T12-01","4:3","CIV-VIS-B22","RESTORED_FROM_CANONICAL_REGISTRY","继续 CIV-VIS-B22 CASE_SECONDARY，按原 Registry 与 prompt canon 制作"
"VIS-CIV-CA-T12-02-SECONDARY","VIS-CIV-CA-T12-02-SECONDARY.webp","CASE_SECONDARY","CA-T12-02","4:3","CIV-VIS-B22","RESTORED_FROM_CANONICAL_REGISTRY","继续 CIV-VIS-B22 CASE_SECONDARY，按原 Registry 与 prompt canon 制作"
"VIS-CIV-CA-T12-03-SECONDARY","VIS-CIV-CA-T12-03-SECONDARY.webp","CASE_SECONDARY","CA-T12-03","4:3","CIV-VIS-B22","RESTORED_FROM_CANONICAL_REGISTRY","继续 CIV-VIS-B22 CASE_SECONDARY，按原 Registry 与 prompt canon 制作"
"VIS-CIV-CA-T12-06-SECONDARY","VIS-CIV-CA-T12-06-SECONDARY.webp","CASE_SECONDARY","CA-T12-06","4:3","CIV-VIS-B22","RESTORED_FROM_CANONICAL_REGISTRY","继续 CIV-VIS-B22 CASE_SECONDARY，按原 Registry 与 prompt canon 制作"
"VIS-CIV-CA-T13-01-SECONDARY","VIS-CIV-CA-T13-01-SECONDARY.webp","CASE_SECONDARY","CA-T13-01","4:3","CIV-VIS-B22","RESTORED_FROM_CANONICAL_REGISTRY","继续 CIV-VIS-B22 CASE_SECONDARY，按原 Registry 与 prompt canon 制作"
"VIS-CIV-CA-T13-03-SECONDARY","VIS-CIV-CA-T13-03-SECONDARY.webp","CASE_SECONDARY","CA-T13-03","4:3","CIV-VIS-B23","RESTORED_FROM_CANONICAL_REGISTRY","继续 CIV-VIS-B23 CASE_SECONDARY，按原 Registry 与 prompt canon 制作"
"VIS-CIV-CA-T14-01-SECONDARY","VIS-CIV-CA-T14-01-SECONDARY.webp","CASE_SECONDARY","CA-T14-01","4:3","CIV-VIS-B23","RESTORED_FROM_CANONICAL_REGISTRY","继续 CIV-VIS-B23 CASE_SECONDARY，按原 Registry 与 prompt canon 制作"
"VIS-CIV-CA-T14-03-SECONDARY","VIS-CIV-CA-T14-03-SECONDARY.webp","CASE_SECONDARY","CA-T14-03","4:3","CIV-VIS-B23","RESTORED_FROM_CANONICAL_REGISTRY","继续 CIV-VIS-B23 CASE_SECONDARY，按原 Registry 与 prompt canon 制作"
"VIS-CIV-CA-T15-01-SECONDARY","VIS-CIV-CA-T15-01-SECONDARY.webp","CASE_SECONDARY","CA-T15-01","4:3","CIV-VIS-B24","RESTORED_FROM_CANONICAL_REGISTRY","继续 CIV-VIS-B24 CASE_SECONDARY，按原 Registry 与 prompt canon 制作"
"VIS-CIV-CA-T15-02-SECONDARY","VIS-CIV-CA-T15-02-SECONDARY.webp","CASE_SECONDARY","CA-T15-02","4:3","CIV-VIS-B24","RESTORED_FROM_CANONICAL_REGISTRY","继续 CIV-VIS-B24 CASE_SECONDARY，按原 Registry 与 prompt canon 制作"
"VIS-CIV-CA-T16-05-SECONDARY","VIS-CIV-CA-T16-05-SECONDARY.webp","CASE_SECONDARY","CA-T16-05","4:3","CIV-VIS-B25","RESTORED_FROM_CANONICAL_REGISTRY","继续 CIV-VIS-B25 CASE_SECONDARY，按原 Registry 与 prompt canon 制作"
"VIS-CIV-CA-T17-02-SECONDARY","VIS-CIV-CA-T17-02-SECONDARY.webp","CASE_SECONDARY","CA-T17-02","4:3","CIV-VIS-B25","RESTORED_FROM_CANONICAL_REGISTRY","继续 CIV-VIS-B25 CASE_SECONDARY，按原 Registry 与 prompt canon 制作"
"VIS-CIV-CA-T17-03-SECONDARY","VIS-CIV-CA-T17-03-SECONDARY.webp","CASE_SECONDARY","CA-T17-03","4:3","CIV-VIS-B25","RESTORED_FROM_CANONICAL_REGISTRY","继续 CIV-VIS-B25 CASE_SECONDARY，按原 Registry 与 prompt canon 制作"
"VIS-CIV-CA-T17-05-SECONDARY","VIS-CIV-CA-T17-05-SECONDARY.webp","CASE_SECONDARY","CA-T17-05","4:3","CIV-VIS-B25","RESTORED_FROM_CANONICAL_REGISTRY","继续 CIV-VIS-B25 CASE_SECONDARY，按原 Registry 与 prompt canon 制作"
"VIS-CIV-CA-T18-01-SECONDARY","VIS-CIV-CA-T18-01-SECONDARY.webp","CASE_SECONDARY","CA-T18-01","4:3","CIV-VIS-B25","RESTORED_FROM_CANONICAL_REGISTRY","继续 CIV-VIS-B25 CASE_SECONDARY，按原 Registry 与 prompt canon 制作"
"VIS-CIV-CA-T18-04-SECONDARY","VIS-CIV-CA-T18-04-SECONDARY.webp","CASE_SECONDARY","CA-T18-04","4:3","CIV-VIS-B26","RESTORED_FROM_CANONICAL_REGISTRY","继续 CIV-VIS-B26 CASE_SECONDARY，按原 Registry 与 prompt canon 制作"
"VIS-CIV-CA-T18-06-SECONDARY","VIS-CIV-CA-T18-06-SECONDARY.webp","CASE_SECONDARY","CA-T18-06","4:3","CIV-VIS-B26","RESTORED_FROM_CANONICAL_REGISTRY","继续 CIV-VIS-B26 CASE_SECONDARY，按原 Registry 与 prompt canon 制作"
"VIS-CIV-CA-T19-02-SECONDARY","VIS-CIV-CA-T19-02-SECONDARY.webp","CASE_SECONDARY","CA-T19-02","4:3","CIV-VIS-B26","RESTORED_FROM_CANONICAL_REGISTRY","继续 CIV-VIS-B26 CASE_SECONDARY，按原 Registry 与 prompt canon 制作"
"VIS-CIV-CA-T19-04-SECONDARY","VIS-CIV-CA-T19-04-SECONDARY.webp","CASE_SECONDARY","CA-T19-04","4:3","CIV-VIS-B26","RESTORED_FROM_CANONICAL_REGISTRY","继续 CIV-VIS-B26 CASE_SECONDARY，按原 Registry 与 prompt canon 制作"
"VIS-CIV-CA-T19-05-SECONDARY","VIS-CIV-CA-T19-05-SECONDARY.webp","CASE_SECONDARY","CA-T19-05","4:3","CIV-VIS-B26","RESTORED_FROM_CANONICAL_REGISTRY","继续 CIV-VIS-B26 CASE_SECONDARY，按原 Registry 与 prompt canon 制作"
"VIS-CIV-CA-T19-06-SECONDARY","VIS-CIV-CA-T19-06-SECONDARY.webp","CASE_SECONDARY","CA-T19-06","4:3","CIV-VIS-B26","RESTORED_FROM_CANONICAL_REGISTRY","继续 CIV-VIS-B26 CASE_SECONDARY，按原 Registry 与 prompt canon 制作"
