objectKey,publicUrl,category,meaning
"books/covers/book-6/book-6-3d-hardcover.webp","https://pub-1967bc5812ee4164b19a806fb1427021.r2.dev/books/covers/book-6/book-6-3d-hardcover.webp","books/covers","NO_EXACT_SOURCE_REFERENCE; dynamic loading not excluded"
"books/covers/book-7/book-7-3d-hardcover.webp","https://pub-1967bc5812ee4164b19a806fb1427021.r2.dev/books/covers/book-7/book-7-3d-hardcover.webp","books/covers","NO_EXACT_SOURCE_REFERENCE; dynamic loading not excluded"
"books/previews/book-1/page-01.webp","https://pub-1967bc5812ee4164b19a806fb1427021.r2.dev/books/previews/book-1/page-01.webp","books/previews","NO_EXACT_SOURCE_REFERENCE; dynamic loading not excluded"
"books/previews/book-1/page-02.webp","https://pub-1967bc5812ee4164b19a806fb1427021.r2.dev/books/previews/book-1/page-02.webp","books/previews","NO_EXACT_SOURCE_REFERENCE; dynamic loading not excluded"
"books/previews/book-1/page-03.webp","https://pub-1967bc5812ee4164b19a806fb1427021.r2.dev/books/previews/book-1/page-03.webp","books/previews","NO_EXACT_SOURCE_REFERENCE; dynamic loading not excluded"
"books/previews/book-1/page-04.webp","https://pub-1967bc5812ee4164b19a806fb1427021.r2.dev/books/previews/book-1/page-04.webp","books/previews","NO_EXACT_SOURCE_REFERENCE; dynamic loading not excluded"
"books/previews/book-1/page-05.webp","https://pub-1967bc5812ee4164b19a806fb1427021.r2.dev/books/previews/book-1/page-05.webp","books/previews","NO_EXACT_SOURCE_REFERENCE; dynamic loading not excluded"
"books/previews/book-1/page-06.webp","https://pub-1967bc5812ee4164b19a806fb1427021.r2.dev/books/previews/book-1/page-06.webp","books/previews","NO_EXACT_SOURCE_REFERENCE; dynamic loading not excluded"
"books/previews/book-1/page-07.webp","https://pub-1967bc5812ee4164b19a806fb1427021.r2.dev/books/previews/book-1/page-07.webp","books/previews","NO_EXACT_SOURCE_REFERENCE; dynamic loading not excluded"
"books/previews/book-1/page-08.webp","https://pub-1967bc5812ee4164b19a806fb1427021.r2.dev/books/previews/book-1/page-08.webp","books/previews","NO_EXACT_SOURCE_REFERENCE; dynamic loading not excluded"
"books/previews/book-1/page-09.webp","https://pub-1967bc5812ee4164b19a806fb1427021.r2.dev/books/previews/book-1/page-09.webp","books/previews","NO_EXACT_SOURCE_REFERENCE; dynamic loading not excluded"
"books/previews/book-1/page-10.webp","https://pub-1967bc5812ee4164b19a806fb1427021.r2.dev/books/previews/book-1/page-10.webp","books/previews","NO_EXACT_SOURCE_REFERENCE; dynamic loading not excluded"
"books/previews/book-1/page-11.webp","https://pub-1967bc5812ee4164b19a806fb1427021.r2.dev/books/previews/book-1/page-11.webp","books/previews","NO_EXACT_SOURCE_REFERENCE; dynamic loading not excluded"
"books/previews/book-1/page-12.webp","https://pub-1967bc5812ee4164b19a806fb1427021.r2.dev/books/previews/book-1/page-12.webp","books/previews","NO_EXACT_SOURCE_REFERENCE; dynamic loading not excluded"
"books/previews/book-1/page-13.webp","https://pub-1967bc5812ee4164b19a806fb1427021.r2.dev/books/previews/book-1/page-13.webp","books/previews","NO_EXACT_SOURCE_REFERENCE; dynamic loading not excluded"
"books/previews/book-1/page-14.webp","https://pub-1967bc5812ee4164b19a806fb1427021.r2.dev/books/previews/book-1/page-14.webp","books/previews","NO_EXACT_SOURCE_REFERENCE; dynamic loading not excluded"
"books/previews/book-1/page-15.webp","https://pub-1967bc5812ee4164b19a806fb1427021.r2.dev/books/previews/book-1/page-15.webp","books/previews","NO_EXACT_SOURCE_REFERENCE; dynamic loading not excluded"
"books/previews/book-1/page-16.webp","https://pub-1967bc5812ee4164b19a806fb1427021.r2.dev/books/previews/book-1/page-16.webp","books/previews","NO_EXACT_SOURCE_REFERENCE; dynamic loading not excluded"
"books/previews/book-1/page-17.webp","https://pub-1967bc5812ee4164b19a806fb1427021.r2.dev/books/previews/book-1/page-17.webp","books/previews","NO_EXACT_SOURCE_REFERENCE; dynamic loading not excluded"
"books/previews/book-1/page-18.webp","https://pub-1967bc5812ee4164b19a806fb1427021.r2.dev/books/previews/book-1/page-18.webp","books/previews","NO_EXACT_SOURCE_REFERENCE; dynamic loading not excluded"
"books/previews/book-1/page-19.webp","https://pub-1967bc5812ee4164b19a806fb1427021.r2.dev/books/previews/book-1/page-19.webp","books/previews","NO_EXACT_SOURCE_REFERENCE; dynamic loading not excluded"
"books/previews/book-1/page-20.webp","https://pub-1967bc5812ee4164b19a806fb1427021.r2.dev/books/previews/book-1/page-20.webp","books/previews","NO_EXACT_SOURCE_REFERENCE; dynamic loading not excluded"
"books/previews/book-1/page-21.webp","https://pub-1967bc5812ee4164b19a806fb1427021.r2.dev/books/previews/book-1/page-21.webp","books/previews","NO_EXACT_SOURCE_REFERENCE; dynamic loading not excluded"
"books/previews/book-1/page-22.webp","https://pub-1967bc5812ee4164b19a806fb1427021.r2.dev/books/previews/book-1/page-22.webp","books/previews","NO_EXACT_SOURCE_REFERENCE; dynamic loading not excluded"
"books/previews/book-1/page-23.webp","https://pub-1967bc5812ee4164b19a806fb1427021.r2.dev/books/previews/book-1/page-23.webp","books/previews","NO_EXACT_SOURCE_REFERENCE; dynamic loading not excluded"
"books/previews/book-1/page-24.webp","https://pub-1967bc5812ee4164b19a806fb1427021.r2.dev/books/previews/book-1/page-24.webp","books/previews","NO_EXACT_SOURCE_REFERENCE; dynamic loading not excluded"
"books/previews/book-1/page-25.webp","https://pub-1967bc5812ee4164b19a806fb1427021.r2.dev/books/previews/book-1/page-25.webp","books/previews","NO_EXACT_SOURCE_REFERENCE; dynamic loading not excluded"
"books/previews/book-1/page-26.webp","https://pub-1967bc5812ee4164b19a806fb1427021.r2.dev/books/previews/book-1/page-26.webp","books/previews","NO_EXACT_SOURCE_REFERENCE; dynamic loading not excluded"
"books/previews/book-1/page-27.webp","https://pub-1967bc5812ee4164b19a806fb1427021.r2.dev/books/previews/book-1/page-27.webp","books/previews","NO_EXACT_SOURCE_REFERENCE; dynamic loading not excluded"
"books/previews/book-1/page-28.webp","https://pub-1967bc5812ee4164b19a806fb1427021.r2.dev/books/previews/book-1/page-28.webp","books/previews","NO_EXACT_SOURCE_REFERENCE; dynamic loading not excluded"
"books/previews/book-1/page-29.webp","https://pub-1967bc5812ee4164b19a806fb1427021.r2.dev/books/previews/book-1/page-29.webp","books/previews","NO_EXACT_SOURCE_REFERENCE; dynamic loading not excluded"
"books/previews/book-1/page-30.webp","https://pub-1967bc5812ee4164b19a806fb1427021.r2.dev/books/previews/book-1/page-30.webp","books/previews","NO_EXACT_SOURCE_REFERENCE; dynamic loading not excluded"
"books/previews/book-1/page-31.webp","https://pub-1967bc5812ee4164b19a806fb1427021.r2.dev/books/previews/book-1/page-31.webp","books/previews","NO_EXACT_SOURCE_REFERENCE; dynamic loading not excluded"
"books/previews/book-1/page-32.webp","https://pub-1967bc5812ee4164b19a806fb1427021.r2.dev/books/previews/book-1/page-32.webp","books/previews","NO_EXACT_SOURCE_REFERENCE; dynamic loading not excluded"
"books/previews/book-1/page-33.webp","https://pub-1967bc5812ee4164b19a806fb1427021.r2.dev/books/previews/book-1/page-33.webp","books/previews","NO_EXACT_SOURCE_REFERENCE; dynamic loading not excluded"
"books/previews/book-1/page-34.webp","https://pub-1967bc5812ee4164b19a806fb1427021.r2.dev/books/previews/book-1/page-34.webp","books/previews","NO_EXACT_SOURCE_REFERENCE; dynamic loading not excluded"
"books/previews/book-1/page-35.webp","https://pub-1967bc5812ee4164b19a806fb1427021.r2.dev/books/previews/book-1/page-35.webp","books/previews","NO_EXACT_SOURCE_REFERENCE; dynamic loading not excluded"
"books/previews/book-1/page-36.webp","https://pub-1967bc5812ee4164b19a806fb1427021.r2.dev/books/previews/book-1/page-36.webp","books/previews","NO_EXACT_SOURCE_REFERENCE; dynamic loading not excluded"
"books/previews/book-1/page-37.webp","https://pub-1967bc5812ee4164b19a806fb1427021.r2.dev/books/previews/book-1/page-37.webp","books/previews","NO_EXACT_SOURCE_REFERENCE; dynamic loading not excluded"
"books/previews/book-1/page-38.webp","https://pub-1967bc5812ee4164b19a806fb1427021.r2.dev/books/previews/book-1/page-38.webp","books/previews","NO_EXACT_SOURCE_REFERENCE; dynamic loading not excluded"
"books/previews/book-1/page-39.webp","https://pub-1967bc5812ee4164b19a806fb1427021.r2.dev/books/previews/book-1/page-39.webp","books/previews","NO_EXACT_SOURCE_REFERENCE; dynamic loading not excluded"
"books/previews/book-1/page-40.webp","https://pub-1967bc5812ee4164b19a806fb1427021.r2.dev/books/previews/book-1/page-40.webp","books/previews","NO_EXACT_SOURCE_REFERENCE; dynamic loading not excluded"
"books/previews/book-1/page-41.webp","https://pub-1967bc5812ee4164b19a806fb1427021.r2.dev/books/previews/book-1/page-41.webp","books/previews","NO_EXACT_SOURCE_REFERENCE; dynamic loading not excluded"
"books/previews/book-1/page-42.webp","https://pub-1967bc5812ee4164b19a806fb1427021.r2.dev/books/previews/book-1/page-42.webp","books/previews","NO_EXACT_SOURCE_REFERENCE; dynamic loading not excluded"
"books/previews/book-1/page-43.webp","https://pub-1967bc5812ee4164b19a806fb1427021.r2.dev/books/previews/book-1/page-43.webp","books/previews","NO_EXACT_SOURCE_REFERENCE; dynamic loading not excluded"
"books/previews/book-1/page-44.webp","https://pub-1967bc5812ee4164b19a806fb1427021.r2.dev/books/previews/book-1/page-44.webp","books/previews","NO_EXACT_SOURCE_REFERENCE; dynamic loading not excluded"
"books/previews/book-1/page-45.webp","https://pub-1967bc5812ee4164b19a806fb1427021.r2.dev/books/previews/book-1/page-45.webp","books/previews","NO_EXACT_SOURCE_REFERENCE; dynamic loading not excluded"
"books/previews/book-1/page-46.webp","https://pub-1967bc5812ee4164b19a806fb1427021.r2.dev/books/previews/book-1/page-46.webp","books/previews","NO_EXACT_SOURCE_REFERENCE; dynamic loading not excluded"
"books/previews/book-1/page-47.webp","https://pub-1967bc5812ee4164b19a806fb1427021.r2.dev/books/previews/book-1/page-47.webp","books/previews","NO_EXACT_SOURCE_REFERENCE; dynamic loading not excluded"
"books/previews/book-1/page-48.webp","https://pub-1967bc5812ee4164b19a806fb1427021.r2.dev/books/previews/book-1/page-48.webp","books/previews","NO_EXACT_SOURCE_REFERENCE; dynamic loading not excluded"
"books/previews/book-1/page-49.webp","https://pub-1967bc5812ee4164b19a806fb1427021.r2.dev/books/previews/book-1/page-49.webp","books/previews","NO_EXACT_SOURCE_REFERENCE; dynamic loading not excluded"
"books/previews/book-1/page-50.webp","https://pub-1967bc5812ee4164b19a806fb1427021.r2.dev/books/previews/book-1/page-50.webp","books/previews","NO_EXACT_SOURCE_REFERENCE; dynamic loading not excluded"
"books/previews/book-2/page-02.webp","https://pub-1967bc5812ee4164b19a806fb1427021.r2.dev/books/previews/book-2/page-02.webp","books/previews","NO_EXACT_SOURCE_REFERENCE; dynamic loading not excluded"
"books/previews/book-2/page-03.webp","https://pub-1967bc5812ee4164b19a806fb1427021.r2.dev/books/previews/book-2/page-03.webp","books/previews","NO_EXACT_SOURCE_REFERENCE; dynamic loading not excluded"
"books/previews/book-2/page-04.webp","https://pub-1967bc5812ee4164b19a806fb1427021.r2.dev/books/previews/book-2/page-04.webp","books/previews","NO_EXACT_SOURCE_REFERENCE; dynamic loading not excluded"
"books/previews/book-2/page-05.webp","https://pub-1967bc5812ee4164b19a806fb1427021.r2.dev/books/previews/book-2/page-05.webp","books/previews","NO_EXACT_SOURCE_REFERENCE; dynamic loading not excluded"
"books/previews/book-2/page-06.webp","https://pub-1967bc5812ee4164b19a806fb1427021.r2.dev/books/previews/book-2/page-06.webp","books/previews","NO_EXACT_SOURCE_REFERENCE; dynamic loading not excluded"
"books/previews/book-2/page-07.webp","https://pub-1967bc5812ee4164b19a806fb1427021.r2.dev/books/previews/book-2/page-07.webp","books/previews","NO_EXACT_SOURCE_REFERENCE; dynamic loading not excluded"
"books/previews/book-2/page-08.webp","https://pub-1967bc5812ee4164b19a806fb1427021.r2.dev/books/previews/book-2/page-08.webp","books/previews","NO_EXACT_SOURCE_REFERENCE; dynamic loading not excluded"
"books/previews/book-2/page-09.webp","https://pub-1967bc5812ee4164b19a806fb1427021.r2.dev/books/previews/book-2/page-09.webp","books/previews","NO_EXACT_SOURCE_REFERENCE; dynamic loading not excluded"
"books/previews/book-2/page-10.webp","https://pub-1967bc5812ee4164b19a806fb1427021.r2.dev/books/previews/book-2/page-10.webp","books/previews","NO_EXACT_SOURCE_REFERENCE; dynamic loading not excluded"
"books/previews/book-2/page-11.webp","https://pub-1967bc5812ee4164b19a806fb1427021.r2.dev/books/previews/book-2/page-11.webp","books/previews","NO_EXACT_SOURCE_REFERENCE; dynamic loading not excluded"
"books/previews/book-2/page-12.webp","https://pub-1967bc5812ee4164b19a806fb1427021.r2.dev/books/previews/book-2/page-12.webp","books/previews","NO_EXACT_SOURCE_REFERENCE; dynamic loading not excluded"
"books/previews/book-2/page-13.webp","https://pub-1967bc5812ee4164b19a806fb1427021.r2.dev/books/previews/book-2/page-13.webp","books/previews","NO_EXACT_SOURCE_REFERENCE; dynamic loading not excluded"
"books/previews/book-2/page-14.webp","https://pub-1967bc5812ee4164b19a806fb1427021.r2.dev/books/previews/book-2/page-14.webp","books/previews","NO_EXACT_SOURCE_REFERENCE; dynamic loading not excluded"
"books/previews/book-2/page-15.webp","https://pub-1967bc5812ee4164b19a806fb1427021.r2.dev/books/previews/book-2/page-15.webp","books/previews","NO_EXACT_SOURCE_REFERENCE; dynamic loading not excluded"
"books/previews/book-2/page-16.webp","https://pub-1967bc5812ee4164b19a806fb1427021.r2.dev/books/previews/book-2/page-16.webp","books/previews","NO_EXACT_SOURCE_REFERENCE; dynamic loading not excluded"
"books/previews/book-2/page-17.webp","https://pub-1967bc5812ee4164b19a806fb1427021.r2.dev/books/previews/book-2/page-17.webp","books/previews","NO_EXACT_SOURCE_REFERENCE; dynamic loading not excluded"
"books/previews/book-2/page-18.webp","https://pub-1967bc5812ee4164b19a806fb1427021.r2.dev/books/previews/book-2/page-18.webp","books/previews","NO_EXACT_SOURCE_REFERENCE; dynamic loading not excluded"
"books/previews/book-2/page-19.webp","https://pub-1967bc5812ee4164b19a806fb1427021.r2.dev/books/previews/book-2/page-19.webp","books/previews","NO_EXACT_SOURCE_REFERENCE; dynamic loading not excluded"
"books/previews/book-2/page-20.webp","https://pub-1967bc5812ee4164b19a806fb1427021.r2.dev/books/previews/book-2/page-20.webp","books/previews","NO_EXACT_SOURCE_REFERENCE; dynamic loading not excluded"
"books/previews/book-2/page-21.webp","https://pub-1967bc5812ee4164b19a806fb1427021.r2.dev/books/previews/book-2/page-21.webp","books/previews","NO_EXACT_SOURCE_REFERENCE; dynamic loading not excluded"
"books/previews/book-2/page-22.webp","https://pub-1967bc5812ee4164b19a806fb1427021.r2.dev/books/previews/book-2/page-22.webp","books/previews","NO_EXACT_SOURCE_REFERENCE; dynamic loading not excluded"
"books/previews/book-2/page-23.webp","https://pub-1967bc5812ee4164b19a806fb1427021.r2.dev/books/previews/book-2/page-23.webp","books/previews","NO_EXACT_SOURCE_REFERENCE; dynamic loading not excluded"
"books/previews/book-2/page-24.webp","https://pub-1967bc5812ee4164b19a806fb1427021.r2.dev/books/previews/book-2/page-24.webp","books/previews","NO_EXACT_SOURCE_REFERENCE; dynamic loading not excluded"
"books/previews/book-2/page-25.webp","https://pub-1967bc5812ee4164b19a806fb1427021.r2.dev/books/previews/book-2/page-25.webp","books/previews","NO_EXACT_SOURCE_REFERENCE; dynamic loading not excluded"
"books/previews/book-2/page-26.webp","https://pub-1967bc5812ee4164b19a806fb1427021.r2.dev/books/previews/book-2/page-26.webp","books/previews","NO_EXACT_SOURCE_REFERENCE; dynamic loading not excluded"
"books/previews/book-2/page-27.webp","https://pub-1967bc5812ee4164b19a806fb1427021.r2.dev/books/previews/book-2/page-27.webp","books/previews","NO_EXACT_SOURCE_REFERENCE; dynamic loading not excluded"
"books/previews/book-2/page-28.webp","https://pub-1967bc5812ee4164b19a806fb1427021.r2.dev/books/previews/book-2/page-28.webp","books/previews","NO_EXACT_SOURCE_REFERENCE; dynamic loading not excluded"
"books/previews/book-2/page-29.webp","https://pub-1967bc5812ee4164b19a806fb1427021.r2.dev/books/previews/book-2/page-29.webp","books/previews","NO_EXACT_SOURCE_REFERENCE; dynamic loading not excluded"
"books/previews/book-2/page-30.webp","https://pub-1967bc5812ee4164b19a806fb1427021.r2.dev/books/previews/book-2/page-30.webp","books/previews","NO_EXACT_SOURCE_REFERENCE; dynamic loading not excluded"
"books/previews/book-2/page-31.webp","https://pub-1967bc5812ee4164b19a806fb1427021.r2.dev/books/previews/book-2/page-31.webp","books/previews","NO_EXACT_SOURCE_REFERENCE; dynamic loading not excluded"
"books/previews/book-2/page-32.webp","https://pub-1967bc5812ee4164b19a806fb1427021.r2.dev/books/previews/book-2/page-32.webp","books/previews","NO_EXACT_SOURCE_REFERENCE; dynamic loading not excluded"
"books/previews/book-2/page-33.webp","https://pub-1967bc5812ee4164b19a806fb1427021.r2.dev/books/previews/book-2/page-33.webp","books/previews","NO_EXACT_SOURCE_REFERENCE; dynamic loading not excluded"
"books/previews/book-2/page-34.webp","https://pub-1967bc5812ee4164b19a806fb1427021.r2.dev/books/previews/book-2/page-34.webp","books/previews","NO_EXACT_SOURCE_REFERENCE; dynamic loading not excluded"
"books/previews/book-2/page-35.webp","https://pub-1967bc5812ee4164b19a806fb1427021.r2.dev/books/previews/book-2/page-35.webp","books/previews","NO_EXACT_SOURCE_REFERENCE; dynamic loading not excluded"
"books/previews/book-2/page-36.webp","https://pub-1967bc5812ee4164b19a806fb1427021.r2.dev/books/previews/book-2/page-36.webp","books/previews","NO_EXACT_SOURCE_REFERENCE; dynamic loading not excluded"
"books/previews/book-2/page-37.webp","https://pub-1967bc5812ee4164b19a806fb1427021.r2.dev/books/previews/book-2/page-37.webp","books/previews","NO_EXACT_SOURCE_REFERENCE; dynamic loading not excluded"
"books/previews/book-2/page-38.webp","https://pub-1967bc5812ee4164b19a806fb1427021.r2.dev/books/previews/book-2/page-38.webp","books/previews","NO_EXACT_SOURCE_REFERENCE; dynamic loading not excluded"
"books/previews/book-2/page-39.webp","https://pub-1967bc5812ee4164b19a806fb1427021.r2.dev/books/previews/book-2/page-39.webp","books/previews","NO_EXACT_SOURCE_REFERENCE; dynamic loading not excluded"
"books/previews/book-3/page-01.webp","https://pub-1967bc5812ee4164b19a806fb1427021.r2.dev/books/previews/book-3/page-01.webp","books/previews","NO_EXACT_SOURCE_REFERENCE; dynamic loading not excluded"
"books/previews/book-3/page-02.webp","https://pub-1967bc5812ee4164b19a806fb1427021.r2.dev/books/previews/book-3/page-02.webp","books/previews","NO_EXACT_SOURCE_REFERENCE; dynamic loading not excluded"
"books/previews/book-3/page-03.webp","https://pub-1967bc5812ee4164b19a806fb1427021.r2.dev/books/previews/book-3/page-03.webp","books/previews","NO_EXACT_SOURCE_REFERENCE; dynamic loading not excluded"
"books/previews/book-3/page-04.webp","https://pub-1967bc5812ee4164b19a806fb1427021.r2.dev/books/previews/book-3/page-04.webp","books/previews","NO_EXACT_SOURCE_REFERENCE; dynamic loading not excluded"
"books/previews/book-3/page-05.webp","https://pub-1967bc5812ee4164b19a806fb1427021.r2.dev/books/previews/book-3/page-05.webp","books/previews","NO_EXACT_SOURCE_REFERENCE; dynamic loading not excluded"
"books/previews/book-3/page-06.webp","https://pub-1967bc5812ee4164b19a806fb1427021.r2.dev/books/previews/book-3/page-06.webp","books/previews","NO_EXACT_SOURCE_REFERENCE; dynamic loading not excluded"
"books/previews/book-3/page-07.webp","https://pub-1967bc5812ee4164b19a806fb1427021.r2.dev/books/previews/book-3/page-07.webp","books/previews","NO_EXACT_SOURCE_REFERENCE; dynamic loading not excluded"
"books/previews/book-3/page-08.webp","https://pub-1967bc5812ee4164b19a806fb1427021.r2.dev/books/previews/book-3/page-08.webp","books/previews","NO_EXACT_SOURCE_REFERENCE; dynamic loading not excluded"
"books/previews/book-3/page-09.webp","https://pub-1967bc5812ee4164b19a806fb1427021.r2.dev/books/previews/book-3/page-09.webp","books/previews","NO_EXACT_SOURCE_REFERENCE; dynamic loading not excluded"
"books/previews/book-3/page-10.webp","https://pub-1967bc5812ee4164b19a806fb1427021.r2.dev/books/previews/book-3/page-10.webp","books/previews","NO_EXACT_SOURCE_REFERENCE; dynamic loading not excluded"
"books/previews/book-3/page-11.webp","https://pub-1967bc5812ee4164b19a806fb1427021.r2.dev/books/previews/book-3/page-11.webp","books/previews","NO_EXACT_SOURCE_REFERENCE; dynamic loading not excluded"
"books/previews/book-3/page-12.webp","https://pub-1967bc5812ee4164b19a806fb1427021.r2.dev/books/previews/book-3/page-12.webp","books/previews","NO_EXACT_SOURCE_REFERENCE; dynamic loading not excluded"
"books/previews/book-3/page-13.webp","https://pub-1967bc5812ee4164b19a806fb1427021.r2.dev/books/previews/book-3/page-13.webp","books/previews","NO_EXACT_SOURCE_REFERENCE; dynamic loading not excluded"
"books/previews/book-3/page-14.webp","https://pub-1967bc5812ee4164b19a806fb1427021.r2.dev/books/previews/book-3/page-14.webp","books/previews","NO_EXACT_SOURCE_REFERENCE; dynamic loading not excluded"
"books/previews/book-3/page-15.webp","https://pub-1967bc5812ee4164b19a806fb1427021.r2.dev/books/previews/book-3/page-15.webp","books/previews","NO_EXACT_SOURCE_REFERENCE; dynamic loading not excluded"
"books/previews/book-3/page-16.webp","https://pub-1967bc5812ee4164b19a806fb1427021.r2.dev/books/previews/book-3/page-16.webp","books/previews","NO_EXACT_SOURCE_REFERENCE; dynamic loading not excluded"
"books/previews/book-3/page-17.webp","https://pub-1967bc5812ee4164b19a806fb1427021.r2.dev/books/previews/book-3/page-17.webp","books/previews","NO_EXACT_SOURCE_REFERENCE; dynamic loading not excluded"
"books/previews/book-3/page-18.webp","https://pub-1967bc5812ee4164b19a806fb1427021.r2.dev/books/previews/book-3/page-18.webp","books/previews","NO_EXACT_SOURCE_REFERENCE; dynamic loading not excluded"
"books/previews/book-3/page-19.webp","https://pub-1967bc5812ee4164b19a806fb1427021.r2.dev/books/previews/book-3/page-19.webp","books/previews","NO_EXACT_SOURCE_REFERENCE; dynamic loading not excluded"
"books/previews/book-3/page-20.webp","https://pub-1967bc5812ee4164b19a806fb1427021.r2.dev/books/previews/book-3/page-20.webp","books/previews","NO_EXACT_SOURCE_REFERENCE; dynamic loading not excluded"
"books/previews/book-3/page-21.webp","https://pub-1967bc5812ee4164b19a806fb1427021.r2.dev/books/previews/book-3/page-21.webp","books/previews","NO_EXACT_SOURCE_REFERENCE; dynamic loading not excluded"
"books/previews/book-3/page-22.webp","https://pub-1967bc5812ee4164b19a806fb1427021.r2.dev/books/previews/book-3/page-22.webp","books/previews","NO_EXACT_SOURCE_REFERENCE; dynamic loading not excluded"
"books/previews/book-3/page-23.webp","https://pub-1967bc5812ee4164b19a806fb1427021.r2.dev/books/previews/book-3/page-23.webp","books/previews","NO_EXACT_SOURCE_REFERENCE; dynamic loading not excluded"
"books/previews/book-3/page-24.webp","https://pub-1967bc5812ee4164b19a806fb1427021.r2.dev/books/previews/book-3/page-24.webp","books/previews","NO_EXACT_SOURCE_REFERENCE; dynamic loading not excluded"
"books/previews/book-3/page-25.webp","https://pub-1967bc5812ee4164b19a806fb1427021.r2.dev/books/previews/book-3/page-25.webp","books/previews","NO_EXACT_SOURCE_REFERENCE; dynamic loading not excluded"
"books/previews/book-3/page-26.webp","https://pub-1967bc5812ee4164b19a806fb1427021.r2.dev/books/previews/book-3/page-26.webp","books/previews","NO_EXACT_SOURCE_REFERENCE; dynamic loading not excluded"
"books/previews/book-3/page-27.webp","https://pub-1967bc5812ee4164b19a806fb1427021.r2.dev/books/previews/book-3/page-27.webp","books/previews","NO_EXACT_SOURCE_REFERENCE; dynamic loading not excluded"
"books/previews/book-3/page-28.webp","https://pub-1967bc5812ee4164b19a806fb1427021.r2.dev/books/previews/book-3/page-28.webp","books/previews","NO_EXACT_SOURCE_REFERENCE; dynamic loading not excluded"
"books/previews/book-3/page-29.webp","https://pub-1967bc5812ee4164b19a806fb1427021.r2.dev/books/previews/book-3/page-29.webp","books/previews","NO_EXACT_SOURCE_REFERENCE; dynamic loading not excluded"
"books/previews/book-3/page-30.webp","https://pub-1967bc5812ee4164b19a806fb1427021.r2.dev/books/previews/book-3/page-30.webp","books/previews","NO_EXACT_SOURCE_REFERENCE; dynamic loading not excluded"
"books/previews/book-3/page-31.webp","https://pub-1967bc5812ee4164b19a806fb1427021.r2.dev/books/previews/book-3/page-31.webp","books/previews","NO_EXACT_SOURCE_REFERENCE; dynamic loading not excluded"
"books/previews/book-3/page-32.webp","https://pub-1967bc5812ee4164b19a806fb1427021.r2.dev/books/previews/book-3/page-32.webp","books/previews","NO_EXACT_SOURCE_REFERENCE; dynamic loading not excluded"
"books/previews/book-3/page-33.webp","https://pub-1967bc5812ee4164b19a806fb1427021.r2.dev/books/previews/book-3/page-33.webp","books/previews","NO_EXACT_SOURCE_REFERENCE; dynamic loading not excluded"
"books/previews/book-3/page-34.webp","https://pub-1967bc5812ee4164b19a806fb1427021.r2.dev/books/previews/book-3/page-34.webp","books/previews","NO_EXACT_SOURCE_REFERENCE; dynamic loading not excluded"
"books/previews/book-4/page-01.webp","https://pub-1967bc5812ee4164b19a806fb1427021.r2.dev/books/previews/book-4/page-01.webp","books/previews","NO_EXACT_SOURCE_REFERENCE; dynamic loading not excluded"
"books/previews/book-4/page-02.webp","https://pub-1967bc5812ee4164b19a806fb1427021.r2.dev/books/previews/book-4/page-02.webp","books/previews","NO_EXACT_SOURCE_REFERENCE; dynamic loading not excluded"
"books/previews/book-4/page-03.webp","https://pub-1967bc5812ee4164b19a806fb1427021.r2.dev/books/previews/book-4/page-03.webp","books/previews","NO_EXACT_SOURCE_REFERENCE; dynamic loading not excluded"
"books/previews/book-4/page-04.webp","https://pub-1967bc5812ee4164b19a806fb1427021.r2.dev/books/previews/book-4/page-04.webp","books/previews","NO_EXACT_SOURCE_REFERENCE; dynamic loading not excluded"
"books/previews/book-4/page-05.webp","https://pub-1967bc5812ee4164b19a806fb1427021.r2.dev/books/previews/book-4/page-05.webp","books/previews","NO_EXACT_SOURCE_REFERENCE; dynamic loading not excluded"
"books/previews/book-4/page-06.webp","https://pub-1967bc5812ee4164b19a806fb1427021.r2.dev/books/previews/book-4/page-06.webp","books/previews","NO_EXACT_SOURCE_REFERENCE; dynamic loading not excluded"
"books/previews/book-4/page-07.webp","https://pub-1967bc5812ee4164b19a806fb1427021.r2.dev/books/previews/book-4/page-07.webp","books/previews","NO_EXACT_SOURCE_REFERENCE; dynamic loading not excluded"
"books/previews/book-4/page-08.webp","https://pub-1967bc5812ee4164b19a806fb1427021.r2.dev/books/previews/book-4/page-08.webp","books/previews","NO_EXACT_SOURCE_REFERENCE; dynamic loading not excluded"
"books/previews/book-4/page-09.webp","https://pub-1967bc5812ee4164b19a806fb1427021.r2.dev/books/previews/book-4/page-09.webp","books/previews","NO_EXACT_SOURCE_REFERENCE; dynamic loading not excluded"
"books/previews/book-4/page-10.webp","https://pub-1967bc5812ee4164b19a806fb1427021.r2.dev/books/previews/book-4/page-10.webp","books/previews","NO_EXACT_SOURCE_REFERENCE; dynamic loading not excluded"
"books/previews/book-4/page-11.webp","https://pub-1967bc5812ee4164b19a806fb1427021.r2.dev/books/previews/book-4/page-11.webp","books/previews","NO_EXACT_SOURCE_REFERENCE; dynamic loading not excluded"
"books/previews/book-4/page-12.webp","https://pub-1967bc5812ee4164b19a806fb1427021.r2.dev/books/previews/book-4/page-12.webp","books/previews","NO_EXACT_SOURCE_REFERENCE; dynamic loading not excluded"
"books/previews/book-4/page-13.webp","https://pub-1967bc5812ee4164b19a806fb1427021.r2.dev/books/previews/book-4/page-13.webp","books/previews","NO_EXACT_SOURCE_REFERENCE; dynamic loading not excluded"
"books/previews/book-4/page-14.webp","https://pub-1967bc5812ee4164b19a806fb1427021.r2.dev/books/previews/book-4/page-14.webp","books/previews","NO_EXACT_SOURCE_REFERENCE; dynamic loading not excluded"
"books/previews/book-4/page-15.webp","https://pub-1967bc5812ee4164b19a806fb1427021.r2.dev/books/previews/book-4/page-15.webp","books/previews","NO_EXACT_SOURCE_REFERENCE; dynamic loading not excluded"
"books/previews/book-4/page-16.webp","https://pub-1967bc5812ee4164b19a806fb1427021.r2.dev/books/previews/book-4/page-16.webp","books/previews","NO_EXACT_SOURCE_REFERENCE; dynamic loading not excluded"
"books/previews/book-4/page-17.webp","https://pub-1967bc5812ee4164b19a806fb1427021.r2.dev/books/previews/book-4/page-17.webp","books/previews","NO_EXACT_SOURCE_REFERENCE; dynamic loading not excluded"
"books/previews/book-4/page-18.webp","https://pub-1967bc5812ee4164b19a806fb1427021.r2.dev/books/previews/book-4/page-18.webp","books/previews","NO_EXACT_SOURCE_REFERENCE; dynamic loading not excluded"
"books/previews/book-4/page-19.webp","https://pub-1967bc5812ee4164b19a806fb1427021.r2.dev/books/previews/book-4/page-19.webp","books/previews","NO_EXACT_SOURCE_REFERENCE; dynamic loading not excluded"
"books/previews/book-4/page-20.webp","https://pub-1967bc5812ee4164b19a806fb1427021.r2.dev/books/previews/book-4/page-20.webp","books/previews","NO_EXACT_SOURCE_REFERENCE; dynamic loading not excluded"
"books/previews/book-4/page-21.webp","https://pub-1967bc5812ee4164b19a806fb1427021.r2.dev/books/previews/book-4/page-21.webp","books/previews","NO_EXACT_SOURCE_REFERENCE; dynamic loading not excluded"
"books/previews/book-4/page-22.webp","https://pub-1967bc5812ee4164b19a806fb1427021.r2.dev/books/previews/book-4/page-22.webp","books/previews","NO_EXACT_SOURCE_REFERENCE; dynamic loading not excluded"
"books/previews/book-4/page-23.webp","https://pub-1967bc5812ee4164b19a806fb1427021.r2.dev/books/previews/book-4/page-23.webp","books/previews","NO_EXACT_SOURCE_REFERENCE; dynamic loading not excluded"
"books/previews/book-4/page-24.webp","https://pub-1967bc5812ee4164b19a806fb1427021.r2.dev/books/previews/book-4/page-24.webp","books/previews","NO_EXACT_SOURCE_REFERENCE; dynamic loading not excluded"
"books/previews/book-4/page-25.webp","https://pub-1967bc5812ee4164b19a806fb1427021.r2.dev/books/previews/book-4/page-25.webp","books/previews","NO_EXACT_SOURCE_REFERENCE; dynamic loading not excluded"
"books/previews/book-4/page-26.webp","https://pub-1967bc5812ee4164b19a806fb1427021.r2.dev/books/previews/book-4/page-26.webp","books/previews","NO_EXACT_SOURCE_REFERENCE; dynamic loading not excluded"
"books/previews/book-4/page-27.webp","https://pub-1967bc5812ee4164b19a806fb1427021.r2.dev/books/previews/book-4/page-27.webp","books/previews","NO_EXACT_SOURCE_REFERENCE; dynamic loading not excluded"
"books/previews/book-4/page-28.webp","https://pub-1967bc5812ee4164b19a806fb1427021.r2.dev/books/previews/book-4/page-28.webp","books/previews","NO_EXACT_SOURCE_REFERENCE; dynamic loading not excluded"
"books/previews/book-4/page-29.webp","https://pub-1967bc5812ee4164b19a806fb1427021.r2.dev/books/previews/book-4/page-29.webp","books/previews","NO_EXACT_SOURCE_REFERENCE; dynamic loading not excluded"
"books/previews/book-4/page-30.webp","https://pub-1967bc5812ee4164b19a806fb1427021.r2.dev/books/previews/book-4/page-30.webp","books/previews","NO_EXACT_SOURCE_REFERENCE; dynamic loading not excluded"
"books/previews/book-4/page-31.webp","https://pub-1967bc5812ee4164b19a806fb1427021.r2.dev/books/previews/book-4/page-31.webp","books/previews","NO_EXACT_SOURCE_REFERENCE; dynamic loading not excluded"
"books/previews/book-4/page-32.webp","https://pub-1967bc5812ee4164b19a806fb1427021.r2.dev/books/previews/book-4/page-32.webp","books/previews","NO_EXACT_SOURCE_REFERENCE; dynamic loading not excluded"
"books/previews/book-4/page-33.webp","https://pub-1967bc5812ee4164b19a806fb1427021.r2.dev/books/previews/book-4/page-33.webp","books/previews","NO_EXACT_SOURCE_REFERENCE; dynamic loading not excluded"
"books/previews/book-4/page-34.webp","https://pub-1967bc5812ee4164b19a806fb1427021.r2.dev/books/previews/book-4/page-34.webp","books/previews","NO_EXACT_SOURCE_REFERENCE; dynamic loading not excluded"
"books/previews/book-4/page-35.webp","https://pub-1967bc5812ee4164b19a806fb1427021.r2.dev/books/previews/book-4/page-35.webp","books/previews","NO_EXACT_SOURCE_REFERENCE; dynamic loading not excluded"
"books/previews/book-4/page-36.webp","https://pub-1967bc5812ee4164b19a806fb1427021.r2.dev/books/previews/book-4/page-36.webp","books/previews","NO_EXACT_SOURCE_REFERENCE; dynamic loading not excluded"
"books/previews/book-4/page-37.webp","https://pub-1967bc5812ee4164b19a806fb1427021.r2.dev/books/previews/book-4/page-37.webp","books/previews","NO_EXACT_SOURCE_REFERENCE; dynamic loading not excluded"
"books/previews/book-4/page-38.webp","https://pub-1967bc5812ee4164b19a806fb1427021.r2.dev/books/previews/book-4/page-38.webp","books/previews","NO_EXACT_SOURCE_REFERENCE; dynamic loading not excluded"
"books/previews/book-4/page-39.webp","https://pub-1967bc5812ee4164b19a806fb1427021.r2.dev/books/previews/book-4/page-39.webp","books/previews","NO_EXACT_SOURCE_REFERENCE; dynamic loading not excluded"
"books/previews/book-4/page-40.webp","https://pub-1967bc5812ee4164b19a806fb1427021.r2.dev/books/previews/book-4/page-40.webp","books/previews","NO_EXACT_SOURCE_REFERENCE; dynamic loading not excluded"
"books/previews/book-4/page-41.webp","https://pub-1967bc5812ee4164b19a806fb1427021.r2.dev/books/previews/book-4/page-41.webp","books/previews","NO_EXACT_SOURCE_REFERENCE; dynamic loading not excluded"
"books/previews/book-4/page-42.webp","https://pub-1967bc5812ee4164b19a806fb1427021.r2.dev/books/previews/book-4/page-42.webp","books/previews","NO_EXACT_SOURCE_REFERENCE; dynamic loading not excluded"
"books/previews/book-4/page-43.webp","https://pub-1967bc5812ee4164b19a806fb1427021.r2.dev/books/previews/book-4/page-43.webp","books/previews","NO_EXACT_SOURCE_REFERENCE; dynamic loading not excluded"
"books/previews/book-4/page-44.webp","https://pub-1967bc5812ee4164b19a806fb1427021.r2.dev/books/previews/book-4/page-44.webp","books/previews","NO_EXACT_SOURCE_REFERENCE; dynamic loading not excluded"
"books/previews/book-4/page-45.webp","https://pub-1967bc5812ee4164b19a806fb1427021.r2.dev/books/previews/book-4/page-45.webp","books/previews","NO_EXACT_SOURCE_REFERENCE; dynamic loading not excluded"
"books/previews/book-4/page-46.webp","https://pub-1967bc5812ee4164b19a806fb1427021.r2.dev/books/previews/book-4/page-46.webp","books/previews","NO_EXACT_SOURCE_REFERENCE; dynamic loading not excluded"
"books/previews/book-4/page-47.webp","https://pub-1967bc5812ee4164b19a806fb1427021.r2.dev/books/previews/book-4/page-47.webp","books/previews","NO_EXACT_SOURCE_REFERENCE; dynamic loading not excluded"
"books/previews/book-4/page-48.webp","https://pub-1967bc5812ee4164b19a806fb1427021.r2.dev/books/previews/book-4/page-48.webp","books/previews","NO_EXACT_SOURCE_REFERENCE; dynamic loading not excluded"
"books/previews/book-4/page-49.webp","https://pub-1967bc5812ee4164b19a806fb1427021.r2.dev/books/previews/book-4/page-49.webp","books/previews","NO_EXACT_SOURCE_REFERENCE; dynamic loading not excluded"
"books/previews/book-4/page-50.webp","https://pub-1967bc5812ee4164b19a806fb1427021.r2.dev/books/previews/book-4/page-50.webp","books/previews","NO_EXACT_SOURCE_REFERENCE; dynamic loading not excluded"
"images/branding/books/thesis/from-intelligence-to-reality-navigation-v1.webp","https://pub-1967bc5812ee4164b19a806fb1427021.r2.dev/images/branding/books/thesis/from-intelligence-to-reality-navigation-v1.webp","images/branding","NO_EXACT_SOURCE_REFERENCE; dynamic loading not excluded"
"images/branding/books/thesis/phios-runtime-architecture-v1.webp","https://pub-1967bc5812ee4164b19a806fb1427021.r2.dev/images/branding/books/thesis/phios-runtime-architecture-v1.webp","images/branding","NO_EXACT_SOURCE_REFERENCE; dynamic loading not excluded"
"images/branding/books/thesis/reality-ecosystem-v1.webp","https://pub-1967bc5812ee4164b19a806fb1427021.r2.dev/images/branding/books/thesis/reality-ecosystem-v1.webp","images/branding","NO_EXACT_SOURCE_REFERENCE; dynamic loading not excluded"
"images/branding/books/thesis/reality-navigation-economy-v1.webp","https://pub-1967bc5812ee4164b19a806fb1427021.r2.dev/images/branding/books/thesis/reality-navigation-economy-v1.webp","images/branding","NO_EXACT_SOURCE_REFERENCE; dynamic loading not excluded"
"images/branding/books/thesis/reality-navigation-infrastructure-v1.webp","https://pub-1967bc5812ee4164b19a806fb1427021.r2.dev/images/branding/books/thesis/reality-navigation-infrastructure-v1.webp","images/branding","NO_EXACT_SOURCE_REFERENCE; dynamic loading not excluded"
"images/branding/books/thesis/reality-navigation-thesis-overview-en-v1.webp","https://pub-1967bc5812ee4164b19a806fb1427021.r2.dev/images/branding/books/thesis/reality-navigation-thesis-overview-en-v1.webp","images/branding","NO_EXACT_SOURCE_REFERENCE; dynamic loading not excluded"
"images/branding/books/thesis/reality-navigation-thesis-overview-zh-hans-v1.webp","https://pub-1967bc5812ee4164b19a806fb1427021.r2.dev/images/branding/books/thesis/reality-navigation-thesis-overview-zh-hans-v1.webp","images/branding","NO_EXACT_SOURCE_REFERENCE; dynamic loading not excluded"
"images/branding/logo/PHIOS-LOGO-MARK-FLAT-v1.svg","https://pub-1967bc5812ee4164b19a806fb1427021.r2.dev/images/branding/logo/PHIOS-LOGO-MARK-FLAT-v1.svg","images/branding","NO_EXACT_SOURCE_REFERENCE; dynamic loading not excluded"
"images/civilization-atlas/cases/VIS-CIV-CA-T00-01-HERO.webp","https://pub-1967bc5812ee4164b19a806fb1427021.r2.dev/images/civilization-atlas/cases/VIS-CIV-CA-T00-01-HERO.webp","images/civilization-atlas","NO_EXACT_SOURCE_REFERENCE; dynamic loading not excluded"
"images/civilization-atlas/cases/VIS-CIV-CA-T00-02-HERO.webp","https://pub-1967bc5812ee4164b19a806fb1427021.r2.dev/images/civilization-atlas/cases/VIS-CIV-CA-T00-02-HERO.webp","images/civilization-atlas","NO_EXACT_SOURCE_REFERENCE; dynamic loading not excluded"
"images/civilization-atlas/cases/VIS-CIV-CA-T00-03-HERO.webp","https://pub-1967bc5812ee4164b19a806fb1427021.r2.dev/images/civilization-atlas/cases/VIS-CIV-CA-T00-03-HERO.webp","images/civilization-atlas","NO_EXACT_SOURCE_REFERENCE; dynamic loading not excluded"
"images/civilization-atlas/cases/VIS-CIV-CA-T00-03-SECONDARY.webp","https://pub-1967bc5812ee4164b19a806fb1427021.r2.dev/images/civilization-atlas/cases/VIS-CIV-CA-T00-03-SECONDARY.webp","images/civilization-atlas","NO_EXACT_SOURCE_REFERENCE; dynamic loading not excluded"
"images/civilization-atlas/cases/VIS-CIV-CA-T00-04-HERO.webp","https://pub-1967bc5812ee4164b19a806fb1427021.r2.dev/images/civilization-atlas/cases/VIS-CIV-CA-T00-04-HERO.webp","images/civilization-atlas","NO_EXACT_SOURCE_REFERENCE; dynamic loading not excluded"
"images/civilization-atlas/cases/VIS-CIV-CA-T00-05-HERO.webp","https://pub-1967bc5812ee4164b19a806fb1427021.r2.dev/images/civilization-atlas/cases/VIS-CIV-CA-T00-05-HERO.webp","images/civilization-atlas","NO_EXACT_SOURCE_REFERENCE; dynamic loading not excluded"
"images/civilization-atlas/cases/VIS-CIV-CA-T00-06-HERO.webp","https://pub-1967bc5812ee4164b19a806fb1427021.r2.dev/images/civilization-atlas/cases/VIS-CIV-CA-T00-06-HERO.webp","images/civilization-atlas","NO_EXACT_SOURCE_REFERENCE; dynamic loading not excluded"
"images/civilization-atlas/cases/VIS-CIV-CA-T01-01-HERO.webp","https://pub-1967bc5812ee4164b19a806fb1427021.r2.dev/images/civilization-atlas/cases/VIS-CIV-CA-T01-01-HERO.webp","images/civilization-atlas","NO_EXACT_SOURCE_REFERENCE; dynamic loading not excluded"
"images/civilization-atlas/cases/VIS-CIV-CA-T01-01-SECONDARY.webp","https://pub-1967bc5812ee4164b19a806fb1427021.r2.dev/images/civilization-atlas/cases/VIS-CIV-CA-T01-01-SECONDARY.webp","images/civilization-atlas","NO_EXACT_SOURCE_REFERENCE; dynamic loading not excluded"
"images/civilization-atlas/cases/VIS-CIV-CA-T01-02-HERO.webp","https://pub-1967bc5812ee4164b19a806fb1427021.r2.dev/images/civilization-atlas/cases/VIS-CIV-CA-T01-02-HERO.webp","images/civilization-atlas","NO_EXACT_SOURCE_REFERENCE; dynamic loading not excluded"
"images/civilization-atlas/cases/VIS-CIV-CA-T01-03-HERO.webp","https://pub-1967bc5812ee4164b19a806fb1427021.r2.dev/images/civilization-atlas/cases/VIS-CIV-CA-T01-03-HERO.webp","images/civilization-atlas","NO_EXACT_SOURCE_REFERENCE; dynamic loading not excluded"
"images/civilization-atlas/cases/VIS-CIV-CA-T01-03-SECONDARY.webp","https://pub-1967bc5812ee4164b19a806fb1427021.r2.dev/images/civilization-atlas/cases/VIS-CIV-CA-T01-03-SECONDARY.webp","images/civilization-atlas","NO_EXACT_SOURCE_REFERENCE; dynamic loading not excluded"
"images/civilization-atlas/cases/VIS-CIV-CA-T01-04-HERO.webp","https://pub-1967bc5812ee4164b19a806fb1427021.r2.dev/images/civilization-atlas/cases/VIS-CIV-CA-T01-04-HERO.webp","images/civilization-atlas","NO_EXACT_SOURCE_REFERENCE; dynamic loading not excluded"
"images/civilization-atlas/cases/VIS-CIV-CA-T01-05-HERO.webp","https://pub-1967bc5812ee4164b19a806fb1427021.r2.dev/images/civilization-atlas/cases/VIS-CIV-CA-T01-05-HERO.webp","images/civilization-atlas","NO_EXACT_SOURCE_REFERENCE; dynamic loading not excluded"
"images/civilization-atlas/cases/VIS-CIV-CA-T01-06-HERO.webp","https://pub-1967bc5812ee4164b19a806fb1427021.r2.dev/images/civilization-atlas/cases/VIS-CIV-CA-T01-06-HERO.webp","images/civilization-atlas","NO_EXACT_SOURCE_REFERENCE; dynamic loading not excluded"
"images/civilization-atlas/cases/VIS-CIV-CA-T02-01-HERO.webp","https://pub-1967bc5812ee4164b19a806fb1427021.r2.dev/images/civilization-atlas/cases/VIS-CIV-CA-T02-01-HERO.webp","images/civilization-atlas","NO_EXACT_SOURCE_REFERENCE; dynamic loading not excluded"
"images/civilization-atlas/cases/VIS-CIV-CA-T02-01-SECONDARY.webp","https://pub-1967bc5812ee4164b19a806fb1427021.r2.dev/images/civilization-atlas/cases/VIS-CIV-CA-T02-01-SECONDARY.webp","images/civilization-atlas","NO_EXACT_SOURCE_REFERENCE; dynamic loading not excluded"
"images/civilization-atlas/cases/VIS-CIV-CA-T02-02-HERO.webp","https://pub-1967bc5812ee4164b19a806fb1427021.r2.dev/images/civilization-atlas/cases/VIS-CIV-CA-T02-02-HERO.webp","images/civilization-atlas","NO_EXACT_SOURCE_REFERENCE; dynamic loading not excluded"
"images/civilization-atlas/cases/VIS-CIV-CA-T02-03-HERO.webp","https://pub-1967bc5812ee4164b19a806fb1427021.r2.dev/images/civilization-atlas/cases/VIS-CIV-CA-T02-03-HERO.webp","images/civilization-atlas","NO_EXACT_SOURCE_REFERENCE; dynamic loading not excluded"
"images/civilization-atlas/cases/VIS-CIV-CA-T02-03-SECONDARY.webp","https://pub-1967bc5812ee4164b19a806fb1427021.r2.dev/images/civilization-atlas/cases/VIS-CIV-CA-T02-03-SECONDARY.webp","images/civilization-atlas","NO_EXACT_SOURCE_REFERENCE; dynamic loading not excluded"
"images/civilization-atlas/cases/VIS-CIV-CA-T02-04-HERO.webp","https://pub-1967bc5812ee4164b19a806fb1427021.r2.dev/images/civilization-atlas/cases/VIS-CIV-CA-T02-04-HERO.webp","images/civilization-atlas","NO_EXACT_SOURCE_REFERENCE; dynamic loading not excluded"
"images/civilization-atlas/cases/VIS-CIV-CA-T02-04-SECONDARY.webp","https://pub-1967bc5812ee4164b19a806fb1427021.r2.dev/images/civilization-atlas/cases/VIS-CIV-CA-T02-04-SECONDARY.webp","images/civilization-atlas","NO_EXACT_SOURCE_REFERENCE; dynamic loading not excluded"
"images/civilization-atlas/cases/VIS-CIV-CA-T02-05-HERO.webp","https://pub-1967bc5812ee4164b19a806fb1427021.r2.dev/images/civilization-atlas/cases/VIS-CIV-CA-T02-05-HERO.webp","images/civilization-atlas","NO_EXACT_SOURCE_REFERENCE; dynamic loading not excluded"
"images/civilization-atlas/cases/VIS-CIV-CA-T02-06-HERO.webp","https://pub-1967bc5812ee4164b19a806fb1427021.r2.dev/images/civilization-atlas/cases/VIS-CIV-CA-T02-06-HERO.webp","images/civilization-atlas","NO_EXACT_SOURCE_REFERENCE; dynamic loading not excluded"
"images/civilization-atlas/cases/VIS-CIV-CA-T02-06-SECONDARY.webp","https://pub-1967bc5812ee4164b19a806fb1427021.r2.dev/images/civilization-atlas/cases/VIS-CIV-CA-T02-06-SECONDARY.webp","images/civilization-atlas","NO_EXACT_SOURCE_REFERENCE; dynamic loading not excluded"
"images/civilization-atlas/cases/VIS-CIV-CA-T03-01-HERO.webp","https://pub-1967bc5812ee4164b19a806fb1427021.r2.dev/images/civilization-atlas/cases/VIS-CIV-CA-T03-01-HERO.webp","images/civilization-atlas","NO_EXACT_SOURCE_REFERENCE; dynamic loading not excluded"
"images/civilization-atlas/cases/VIS-CIV-CA-T03-01-SECONDARY.webp","https://pub-1967bc5812ee4164b19a806fb1427021.r2.dev/images/civilization-atlas/cases/VIS-CIV-CA-T03-01-SECONDARY.webp","images/civilization-atlas","NO_EXACT_SOURCE_REFERENCE; dynamic loading not excluded"
"images/civilization-atlas/cases/VIS-CIV-CA-T03-02-HERO.webp","https://pub-1967bc5812ee4164b19a806fb1427021.r2.dev/images/civilization-atlas/cases/VIS-CIV-CA-T03-02-HERO.webp","images/civilization-atlas","NO_EXACT_SOURCE_REFERENCE; dynamic loading not excluded"
"images/civilization-atlas/cases/VIS-CIV-CA-T03-02-SECONDARY.webp","https://pub-1967bc5812ee4164b19a806fb1427021.r2.dev/images/civilization-atlas/cases/VIS-CIV-CA-T03-02-SECONDARY.webp","images/civilization-atlas","NO_EXACT_SOURCE_REFERENCE; dynamic loading not excluded"
"images/civilization-atlas/cases/VIS-CIV-CA-T03-03-HERO.webp","https://pub-1967bc5812ee4164b19a806fb1427021.r2.dev/images/civilization-atlas/cases/VIS-CIV-CA-T03-03-HERO.webp","images/civilization-atlas","NO_EXACT_SOURCE_REFERENCE; dynamic loading not excluded"
"images/civilization-atlas/cases/VIS-CIV-CA-T03-03-SECONDARY.webp","https://pub-1967bc5812ee4164b19a806fb1427021.r2.dev/images/civilization-atlas/cases/VIS-CIV-CA-T03-03-SECONDARY.webp","images/civilization-atlas","NO_EXACT_SOURCE_REFERENCE; dynamic loading not excluded"
"images/civilization-atlas/cases/VIS-CIV-CA-T03-04-HERO.webp","https://pub-1967bc5812ee4164b19a806fb1427021.r2.dev/images/civilization-atlas/cases/VIS-CIV-CA-T03-04-HERO.webp","images/civilization-atlas","NO_EXACT_SOURCE_REFERENCE; dynamic loading not excluded"
"images/civilization-atlas/cases/VIS-CIV-CA-T03-04-SECONDARY.webp","https://pub-1967bc5812ee4164b19a806fb1427021.r2.dev/images/civilization-atlas/cases/VIS-CIV-CA-T03-04-SECONDARY.webp","images/civilization-atlas","NO_EXACT_SOURCE_REFERENCE; dynamic loading not excluded"
"images/civilization-atlas/cases/VIS-CIV-CA-T03-05-HERO.webp","https://pub-1967bc5812ee4164b19a806fb1427021.r2.dev/images/civilization-atlas/cases/VIS-CIV-CA-T03-05-HERO.webp","images/civilization-atlas","NO_EXACT_SOURCE_REFERENCE; dynamic loading not excluded"
"images/civilization-atlas/cases/VIS-CIV-CA-T03-05-SECONDARY.webp","https://pub-1967bc5812ee4164b19a806fb1427021.r2.dev/images/civilization-atlas/cases/VIS-CIV-CA-T03-05-SECONDARY.webp","images/civilization-atlas","NO_EXACT_SOURCE_REFERENCE; dynamic loading not excluded"
"images/civilization-atlas/cases/VIS-CIV-CA-T03-06-HERO.webp","https://pub-1967bc5812ee4164b19a806fb1427021.r2.dev/images/civilization-atlas/cases/VIS-CIV-CA-T03-06-HERO.webp","images/civilization-atlas","NO_EXACT_SOURCE_REFERENCE; dynamic loading not excluded"
"images/civilization-atlas/cases/VIS-CIV-CA-T03-06-SECONDARY.webp","https://pub-1967bc5812ee4164b19a806fb1427021.r2.dev/images/civilization-atlas/cases/VIS-CIV-CA-T03-06-SECONDARY.webp","images/civilization-atlas","NO_EXACT_SOURCE_REFERENCE; dynamic loading not excluded"
"images/civilization-atlas/cases/VIS-CIV-CA-T04-01-HERO.webp","https://pub-1967bc5812ee4164b19a806fb1427021.r2.dev/images/civilization-atlas/cases/VIS-CIV-CA-T04-01-HERO.webp","images/civilization-atlas","NO_EXACT_SOURCE_REFERENCE; dynamic loading not excluded"
"images/civilization-atlas/cases/VIS-CIV-CA-T04-01-SECONDARY.webp","https://pub-1967bc5812ee4164b19a806fb1427021.r2.dev/images/civilization-atlas/cases/VIS-CIV-CA-T04-01-SECONDARY.webp","images/civilization-atlas","NO_EXACT_SOURCE_REFERENCE; dynamic loading not excluded"
"images/civilization-atlas/cases/VIS-CIV-CA-T04-02-HERO.webp","https://pub-1967bc5812ee4164b19a806fb1427021.r2.dev/images/civilization-atlas/cases/VIS-CIV-CA-T04-02-HERO.webp","images/civilization-atlas","NO_EXACT_SOURCE_REFERENCE; dynamic loading not excluded"
"images/civilization-atlas/cases/VIS-CIV-CA-T04-02-SECONDARY.webp","https://pub-1967bc5812ee4164b19a806fb1427021.r2.dev/images/civilization-atlas/cases/VIS-CIV-CA-T04-02-SECONDARY.webp","images/civilization-atlas","NO_EXACT_SOURCE_REFERENCE; dynamic loading not excluded"
"images/civilization-atlas/cases/VIS-CIV-CA-T04-03-HERO.webp","https://pub-1967bc5812ee4164b19a806fb1427021.r2.dev/images/civilization-atlas/cases/VIS-CIV-CA-T04-03-HERO.webp","images/civilization-atlas","NO_EXACT_SOURCE_REFERENCE; dynamic loading not excluded"
"images/civilization-atlas/cases/VIS-CIV-CA-T04-03-SECONDARY.webp","https://pub-1967bc5812ee4164b19a806fb1427021.r2.dev/images/civilization-atlas/cases/VIS-CIV-CA-T04-03-SECONDARY.webp","images/civilization-atlas","NO_EXACT_SOURCE_REFERENCE; dynamic loading not excluded"
"images/civilization-atlas/cases/VIS-CIV-CA-T04-04-HERO.webp","https://pub-1967bc5812ee4164b19a806fb1427021.r2.dev/images/civilization-atlas/cases/VIS-CIV-CA-T04-04-HERO.webp","images/civilization-atlas","NO_EXACT_SOURCE_REFERENCE; dynamic loading not excluded"
"images/civilization-atlas/cases/VIS-CIV-CA-T04-05-HERO.webp","https://pub-1967bc5812ee4164b19a806fb1427021.r2.dev/images/civilization-atlas/cases/VIS-CIV-CA-T04-05-HERO.webp","images/civilization-atlas","NO_EXACT_SOURCE_REFERENCE; dynamic loading not excluded"
"images/civilization-atlas/cases/VIS-CIV-CA-T04-06-HERO.webp","https://pub-1967bc5812ee4164b19a806fb1427021.r2.dev/images/civilization-atlas/cases/VIS-CIV-CA-T04-06-HERO.webp","images/civilization-atlas","NO_EXACT_SOURCE_REFERENCE; dynamic loading not excluded"
"images/civilization-atlas/cases/VIS-CIV-CA-T05-01-HERO.webp","https://pub-1967bc5812ee4164b19a806fb1427021.r2.dev/images/civilization-atlas/cases/VIS-CIV-CA-T05-01-HERO.webp","images/civilization-atlas","NO_EXACT_SOURCE_REFERENCE; dynamic loading not excluded"
"images/civilization-atlas/cases/VIS-CIV-CA-T05-01-SECONDARY.webp","https://pub-1967bc5812ee4164b19a806fb1427021.r2.dev/images/civilization-atlas/cases/VIS-CIV-CA-T05-01-SECONDARY.webp","images/civilization-atlas","NO_EXACT_SOURCE_REFERENCE; dynamic loading not excluded"
"images/civilization-atlas/cases/VIS-CIV-CA-T05-02-HERO.webp","https://pub-1967bc5812ee4164b19a806fb1427021.r2.dev/images/civilization-atlas/cases/VIS-CIV-CA-T05-02-HERO.webp","images/civilization-atlas","NO_EXACT_SOURCE_REFERENCE; dynamic loading not excluded"
"images/civilization-atlas/cases/VIS-CIV-CA-T05-03-HERO.webp","https://pub-1967bc5812ee4164b19a806fb1427021.r2.dev/images/civilization-atlas/cases/VIS-CIV-CA-T05-03-HERO.webp","images/civilization-atlas","NO_EXACT_SOURCE_REFERENCE; dynamic loading not excluded"
"images/civilization-atlas/cases/VIS-CIV-CA-T05-04-HERO.webp","https://pub-1967bc5812ee4164b19a806fb1427021.r2.dev/images/civilization-atlas/cases/VIS-CIV-CA-T05-04-HERO.webp","images/civilization-atlas","NO_EXACT_SOURCE_REFERENCE; dynamic loading not excluded"
"images/civilization-atlas/cases/VIS-CIV-CA-T05-04-SECONDARY.webp","https://pub-1967bc5812ee4164b19a806fb1427021.r2.dev/images/civilization-atlas/cases/VIS-CIV-CA-T05-04-SECONDARY.webp","images/civilization-atlas","NO_EXACT_SOURCE_REFERENCE; dynamic loading not excluded"
"images/civilization-atlas/cases/VIS-CIV-CA-T05-05-HERO.webp","https://pub-1967bc5812ee4164b19a806fb1427021.r2.dev/images/civilization-atlas/cases/VIS-CIV-CA-T05-05-HERO.webp","images/civilization-atlas","NO_EXACT_SOURCE_REFERENCE; dynamic loading not excluded"
"images/civilization-atlas/cases/VIS-CIV-CA-T05-06-HERO.webp","https://pub-1967bc5812ee4164b19a806fb1427021.r2.dev/images/civilization-atlas/cases/VIS-CIV-CA-T05-06-HERO.webp","images/civilization-atlas","NO_EXACT_SOURCE_REFERENCE; dynamic loading not excluded"
"images/civilization-atlas/cases/VIS-CIV-CA-T05-06-SECONDARY.webp","https://pub-1967bc5812ee4164b19a806fb1427021.r2.dev/images/civilization-atlas/cases/VIS-CIV-CA-T05-06-SECONDARY.webp","images/civilization-atlas","NO_EXACT_SOURCE_REFERENCE; dynamic loading not excluded"
"images/civilization-atlas/cases/VIS-CIV-CA-T06-01-HERO.webp","https://pub-1967bc5812ee4164b19a806fb1427021.r2.dev/images/civilization-atlas/cases/VIS-CIV-CA-T06-01-HERO.webp","images/civilization-atlas","NO_EXACT_SOURCE_REFERENCE; dynamic loading not excluded"
"images/civilization-atlas/cases/VIS-CIV-CA-T06-01-SECONDARY.webp","https://pub-1967bc5812ee4164b19a806fb1427021.r2.dev/images/civilization-atlas/cases/VIS-CIV-CA-T06-01-SECONDARY.webp","images/civilization-atlas","NO_EXACT_SOURCE_REFERENCE; dynamic loading not excluded"
"images/civilization-atlas/cases/VIS-CIV-CA-T06-02-HERO.webp","https://pub-1967bc5812ee4164b19a806fb1427021.r2.dev/images/civilization-atlas/cases/VIS-CIV-CA-T06-02-HERO.webp","images/civilization-atlas","NO_EXACT_SOURCE_REFERENCE; dynamic loading not excluded"
"images/civilization-atlas/cases/VIS-CIV-CA-T06-03-HERO.webp","https://pub-1967bc5812ee4164b19a806fb1427021.r2.dev/images/civilization-atlas/cases/VIS-CIV-CA-T06-03-HERO.webp","images/civilization-atlas","NO_EXACT_SOURCE_REFERENCE; dynamic loading not excluded"
"images/civilization-atlas/cases/VIS-CIV-CA-T06-04-HERO.webp","https://pub-1967bc5812ee4164b19a806fb1427021.r2.dev/images/civilization-atlas/cases/VIS-CIV-CA-T06-04-HERO.webp","images/civilization-atlas","NO_EXACT_SOURCE_REFERENCE; dynamic loading not excluded"
"images/civilization-atlas/cases/VIS-CIV-CA-T06-05-HERO.webp","https://pub-1967bc5812ee4164b19a806fb1427021.r2.dev/images/civilization-atlas/cases/VIS-CIV-CA-T06-05-HERO.webp","images/civilization-atlas","NO_EXACT_SOURCE_REFERENCE; dynamic loading not excluded"
"images/civilization-atlas/cases/VIS-CIV-CA-T06-06-HERO.webp","https://pub-1967bc5812ee4164b19a806fb1427021.r2.dev/images/civilization-atlas/cases/VIS-CIV-CA-T06-06-HERO.webp","images/civilization-atlas","NO_EXACT_SOURCE_REFERENCE; dynamic loading not excluded"
"images/civilization-atlas/cases/VIS-CIV-CA-T07-03-HERO.webp","https://pub-1967bc5812ee4164b19a806fb1427021.r2.dev/images/civilization-atlas/cases/VIS-CIV-CA-T07-03-HERO.webp","images/civilization-atlas","NO_EXACT_SOURCE_REFERENCE; dynamic loading not excluded"
"images/civilization-atlas/cases/VIS-CIV-CA-T07-04-HERO.webp","https://pub-1967bc5812ee4164b19a806fb1427021.r2.dev/images/civilization-atlas/cases/VIS-CIV-CA-T07-04-HERO.webp","images/civilization-atlas","NO_EXACT_SOURCE_REFERENCE; dynamic loading not excluded"
"images/civilization-atlas/cases/VIS-CIV-CA-T07-05-HERO.webp","https://pub-1967bc5812ee4164b19a806fb1427021.r2.dev/images/civilization-atlas/cases/VIS-CIV-CA-T07-05-HERO.webp","images/civilization-atlas","NO_EXACT_SOURCE_REFERENCE; dynamic loading not excluded"
"images/civilization-atlas/cases/VIS-CIV-CA-T07-06-HERO.webp","https://pub-1967bc5812ee4164b19a806fb1427021.r2.dev/images/civilization-atlas/cases/VIS-CIV-CA-T07-06-HERO.webp","images/civilization-atlas","NO_EXACT_SOURCE_REFERENCE; dynamic loading not excluded"
"images/civilization-atlas/cases/VIS-CIV-CA-T08-01-HERO.webp","https://pub-1967bc5812ee4164b19a806fb1427021.r2.dev/images/civilization-atlas/cases/VIS-CIV-CA-T08-01-HERO.webp","images/civilization-atlas","NO_EXACT_SOURCE_REFERENCE; dynamic loading not excluded"
"images/civilization-atlas/cases/VIS-CIV-CA-T08-02-HERO.webp","https://pub-1967bc5812ee4164b19a806fb1427021.r2.dev/images/civilization-atlas/cases/VIS-CIV-CA-T08-02-HERO.webp","images/civilization-atlas","NO_EXACT_SOURCE_REFERENCE; dynamic loading not excluded"
"images/civilization-atlas/cases/VIS-CIV-CA-T08-03-HERO.webp","https://pub-1967bc5812ee4164b19a806fb1427021.r2.dev/images/civilization-atlas/cases/VIS-CIV-CA-T08-03-HERO.webp","images/civilization-atlas","NO_EXACT_SOURCE_REFERENCE; dynamic loading not excluded"
"images/civilization-atlas/cases/VIS-CIV-CA-T08-04-HERO.webp","https://pub-1967bc5812ee4164b19a806fb1427021.r2.dev/images/civilization-atlas/cases/VIS-CIV-CA-T08-04-HERO.webp","images/civilization-atlas","NO_EXACT_SOURCE_REFERENCE; dynamic loading not excluded"
"images/civilization-atlas/cases/VIS-CIV-CA-T08-05-HERO.webp","https://pub-1967bc5812ee4164b19a806fb1427021.r2.dev/images/civilization-atlas/cases/VIS-CIV-CA-T08-05-HERO.webp","images/civilization-atlas","NO_EXACT_SOURCE_REFERENCE; dynamic loading not excluded"
"images/civilization-atlas/cases/VIS-CIV-CA-T08-06-HERO.webp","https://pub-1967bc5812ee4164b19a806fb1427021.r2.dev/images/civilization-atlas/cases/VIS-CIV-CA-T08-06-HERO.webp","images/civilization-atlas","NO_EXACT_SOURCE_REFERENCE; dynamic loading not excluded"
"images/civilization-atlas/cases/VIS-CIV-CA-T09-01-HERO.webp","https://pub-1967bc5812ee4164b19a806fb1427021.r2.dev/images/civilization-atlas/cases/VIS-CIV-CA-T09-01-HERO.webp","images/civilization-atlas","NO_EXACT_SOURCE_REFERENCE; dynamic loading not excluded"
"images/civilization-atlas/cases/VIS-CIV-CA-T09-02-HERO.webp","https://pub-1967bc5812ee4164b19a806fb1427021.r2.dev/images/civilization-atlas/cases/VIS-CIV-CA-T09-02-HERO.webp","images/civilization-atlas","NO_EXACT_SOURCE_REFERENCE; dynamic loading not excluded"
"images/civilization-atlas/cases/VIS-CIV-CA-T09-03-HERO.webp","https://pub-1967bc5812ee4164b19a806fb1427021.r2.dev/images/civilization-atlas/cases/VIS-CIV-CA-T09-03-HERO.webp","images/civilization-atlas","NO_EXACT_SOURCE_REFERENCE; dynamic loading not excluded"
"images/civilization-atlas/cases/VIS-CIV-CA-T09-04-HERO.webp","https://pub-1967bc5812ee4164b19a806fb1427021.r2.dev/images/civilization-atlas/cases/VIS-CIV-CA-T09-04-HERO.webp","images/civilization-atlas","NO_EXACT_SOURCE_REFERENCE; dynamic loading not excluded"
"images/civilization-atlas/cases/VIS-CIV-CA-T09-05-HERO.webp","https://pub-1967bc5812ee4164b19a806fb1427021.r2.dev/images/civilization-atlas/cases/VIS-CIV-CA-T09-05-HERO.webp","images/civilization-atlas","NO_EXACT_SOURCE_REFERENCE; dynamic loading not excluded"
"images/civilization-atlas/cases/VIS-CIV-CA-T09-06-HERO.webp","https://pub-1967bc5812ee4164b19a806fb1427021.r2.dev/images/civilization-atlas/cases/VIS-CIV-CA-T09-06-HERO.webp","images/civilization-atlas","NO_EXACT_SOURCE_REFERENCE; dynamic loading not excluded"
"images/civilization-atlas/cases/VIS-CIV-CA-T10-01-HERO.webp","https://pub-1967bc5812ee4164b19a806fb1427021.r2.dev/images/civilization-atlas/cases/VIS-CIV-CA-T10-01-HERO.webp","images/civilization-atlas","NO_EXACT_SOURCE_REFERENCE; dynamic loading not excluded"
"images/civilization-atlas/cases/VIS-CIV-CA-T10-02-HERO.webp","https://pub-1967bc5812ee4164b19a806fb1427021.r2.dev/images/civilization-atlas/cases/VIS-CIV-CA-T10-02-HERO.webp","images/civilization-atlas","NO_EXACT_SOURCE_REFERENCE; dynamic loading not excluded"
"images/civilization-atlas/cases/VIS-CIV-CA-T10-03-HERO.webp","https://pub-1967bc5812ee4164b19a806fb1427021.r2.dev/images/civilization-atlas/cases/VIS-CIV-CA-T10-03-HERO.webp","images/civilization-atlas","NO_EXACT_SOURCE_REFERENCE; dynamic loading not excluded"
"images/civilization-atlas/cases/VIS-CIV-CA-T10-04-HERO.webp","https://pub-1967bc5812ee4164b19a806fb1427021.r2.dev/images/civilization-atlas/cases/VIS-CIV-CA-T10-04-HERO.webp","images/civilization-atlas","NO_EXACT_SOURCE_REFERENCE; dynamic loading not excluded"
"images/civilization-atlas/cases/VIS-CIV-CA-T10-05-HERO.webp","https://pub-1967bc5812ee4164b19a806fb1427021.r2.dev/images/civilization-atlas/cases/VIS-CIV-CA-T10-05-HERO.webp","images/civilization-atlas","NO_EXACT_SOURCE_REFERENCE; dynamic loading not excluded"
"images/civilization-atlas/cases/VIS-CIV-CA-T10-06-HERO.webp","https://pub-1967bc5812ee4164b19a806fb1427021.r2.dev/images/civilization-atlas/cases/VIS-CIV-CA-T10-06-HERO.webp","images/civilization-atlas","NO_EXACT_SOURCE_REFERENCE; dynamic loading not excluded"
"images/civilization-atlas/cases/VIS-CIV-CA-T11-01-HERO.webp","https://pub-1967bc5812ee4164b19a806fb1427021.r2.dev/images/civilization-atlas/cases/VIS-CIV-CA-T11-01-HERO.webp","images/civilization-atlas","NO_EXACT_SOURCE_REFERENCE; dynamic loading not excluded"
"images/civilization-atlas/cases/VIS-CIV-CA-T11-02-HERO.webp","https://pub-1967bc5812ee4164b19a806fb1427021.r2.dev/images/civilization-atlas/cases/VIS-CIV-CA-T11-02-HERO.webp","images/civilization-atlas","NO_EXACT_SOURCE_REFERENCE; dynamic loading not excluded"
"images/civilization-atlas/cases/VIS-CIV-CA-T11-03-HERO.webp","https://pub-1967bc5812ee4164b19a806fb1427021.r2.dev/images/civilization-atlas/cases/VIS-CIV-CA-T11-03-HERO.webp","images/civilization-atlas","NO_EXACT_SOURCE_REFERENCE; dynamic loading not excluded"
"images/civilization-atlas/cases/VIS-CIV-CA-T11-04-HERO.webp","https://pub-1967bc5812ee4164b19a806fb1427021.r2.dev/images/civilization-atlas/cases/VIS-CIV-CA-T11-04-HERO.webp","images/civilization-atlas","NO_EXACT_SOURCE_REFERENCE; dynamic loading not excluded"
"images/civilization-atlas/cases/VIS-CIV-CA-T11-04-SECONDARY.webp","https://pub-1967bc5812ee4164b19a806fb1427021.r2.dev/images/civilization-atlas/cases/VIS-CIV-CA-T11-04-SECONDARY.webp","images/civilization-atlas","NO_EXACT_SOURCE_REFERENCE; dynamic loading not excluded"
"images/civilization-atlas/cases/VIS-CIV-CA-T11-05-HERO.webp","https://pub-1967bc5812ee4164b19a806fb1427021.r2.dev/images/civilization-atlas/cases/VIS-CIV-CA-T11-05-HERO.webp","images/civilization-atlas","NO_EXACT_SOURCE_REFERENCE; dynamic loading not excluded"
"images/civilization-atlas/cases/VIS-CIV-CA-T11-05-SECONDARY.webp","https://pub-1967bc5812ee4164b19a806fb1427021.r2.dev/images/civilization-atlas/cases/VIS-CIV-CA-T11-05-SECONDARY.webp","images/civilization-atlas","NO_EXACT_SOURCE_REFERENCE; dynamic loading not excluded"
"images/civilization-atlas/cases/VIS-CIV-CA-T11-06-HERO.webp","https://pub-1967bc5812ee4164b19a806fb1427021.r2.dev/images/civilization-atlas/cases/VIS-CIV-CA-T11-06-HERO.webp","images/civilization-atlas","NO_EXACT_SOURCE_REFERENCE; dynamic loading not excluded"
"images/civilization-atlas/cases/VIS-CIV-CA-T11-06-SECONDARY.webp","https://pub-1967bc5812ee4164b19a806fb1427021.r2.dev/images/civilization-atlas/cases/VIS-CIV-CA-T11-06-SECONDARY.webp","images/civilization-atlas","NO_EXACT_SOURCE_REFERENCE; dynamic loading not excluded"
"images/civilization-atlas/cases/VIS-CIV-CA-T12-01-HERO.webp","https://pub-1967bc5812ee4164b19a806fb1427021.r2.dev/images/civilization-atlas/cases/VIS-CIV-CA-T12-01-HERO.webp","images/civilization-atlas","NO_EXACT_SOURCE_REFERENCE; dynamic loading not excluded"
"images/civilization-atlas/cases/VIS-CIV-CA-T12-01-SECONDARY.webp","https://pub-1967bc5812ee4164b19a806fb1427021.r2.dev/images/civilization-atlas/cases/VIS-CIV-CA-T12-01-SECONDARY.webp","images/civilization-atlas","NO_EXACT_SOURCE_REFERENCE; dynamic loading not excluded"
"images/civilization-atlas/cases/VIS-CIV-CA-T12-02-HERO.webp","https://pub-1967bc5812ee4164b19a806fb1427021.r2.dev/images/civilization-atlas/cases/VIS-CIV-CA-T12-02-HERO.webp","images/civilization-atlas","NO_EXACT_SOURCE_REFERENCE; dynamic loading not excluded"
"images/civilization-atlas/cases/VIS-CIV-CA-T12-02-SECONDARY.webp","https://pub-1967bc5812ee4164b19a806fb1427021.r2.dev/images/civilization-atlas/cases/VIS-CIV-CA-T12-02-SECONDARY.webp","images/civilization-atlas","NO_EXACT_SOURCE_REFERENCE; dynamic loading not excluded"
"images/civilization-atlas/cases/VIS-CIV-CA-T12-03-HERO.webp","https://pub-1967bc5812ee4164b19a806fb1427021.r2.dev/images/civilization-atlas/cases/VIS-CIV-CA-T12-03-HERO.webp","images/civilization-atlas","NO_EXACT_SOURCE_REFERENCE; dynamic loading not excluded"
"images/civilization-atlas/cases/VIS-CIV-CA-T12-03-SECONDARY.webp","https://pub-1967bc5812ee4164b19a806fb1427021.r2.dev/images/civilization-atlas/cases/VIS-CIV-CA-T12-03-SECONDARY.webp","images/civilization-atlas","NO_EXACT_SOURCE_REFERENCE; dynamic loading not excluded"
"images/civilization-atlas/cases/VIS-CIV-CA-T12-04-HERO.webp","https://pub-1967bc5812ee4164b19a806fb1427021.r2.dev/images/civilization-atlas/cases/VIS-CIV-CA-T12-04-HERO.webp","images/civilization-atlas","NO_EXACT_SOURCE_REFERENCE; dynamic loading not excluded"
"images/civilization-atlas/cases/VIS-CIV-CA-T12-05-HERO.webp","https://pub-1967bc5812ee4164b19a806fb1427021.r2.dev/images/civilization-atlas/cases/VIS-CIV-CA-T12-05-HERO.webp","images/civilization-atlas","NO_EXACT_SOURCE_REFERENCE; dynamic loading not excluded"
"images/civilization-atlas/cases/VIS-CIV-CA-T12-06-HERO.webp","https://pub-1967bc5812ee4164b19a806fb1427021.r2.dev/images/civilization-atlas/cases/VIS-CIV-CA-T12-06-HERO.webp","images/civilization-atlas","NO_EXACT_SOURCE_REFERENCE; dynamic loading not excluded"
"images/civilization-atlas/cases/VIS-CIV-CA-T12-06-SECONDARY.webp","https://pub-1967bc5812ee4164b19a806fb1427021.r2.dev/images/civilization-atlas/cases/VIS-CIV-CA-T12-06-SECONDARY.webp","images/civilization-atlas","NO_EXACT_SOURCE_REFERENCE; dynamic loading not excluded"
"images/civilization-atlas/cases/VIS-CIV-CA-T13-01-HERO.webp","https://pub-1967bc5812ee4164b19a806fb1427021.r2.dev/images/civilization-atlas/cases/VIS-CIV-CA-T13-01-HERO.webp","images/civilization-atlas","NO_EXACT_SOURCE_REFERENCE; dynamic loading not excluded"
"images/civilization-atlas/cases/VIS-CIV-CA-T13-01-SECONDARY.webp","https://pub-1967bc5812ee4164b19a806fb1427021.r2.dev/images/civilization-atlas/cases/VIS-CIV-CA-T13-01-SECONDARY.webp","images/civilization-atlas","NO_EXACT_SOURCE_REFERENCE; dynamic loading not excluded"
"images/civilization-atlas/cases/VIS-CIV-CA-T13-02-HERO.webp","https://pub-1967bc5812ee4164b19a806fb1427021.r2.dev/images/civilization-atlas/cases/VIS-CIV-CA-T13-02-HERO.webp","images/civilization-atlas","NO_EXACT_SOURCE_REFERENCE; dynamic loading not excluded"
"images/civilization-atlas/cases/VIS-CIV-CA-T13-03-SECONDARY.webp","https://pub-1967bc5812ee4164b19a806fb1427021.r2.dev/images/civilization-atlas/cases/VIS-CIV-CA-T13-03-SECONDARY.webp","images/civilization-atlas","NO_EXACT_SOURCE_REFERENCE; dynamic loading not excluded"
"images/civilization-atlas/cases/VIS-CIV-CA-T14-01-SECONDARY.webp","https://pub-1967bc5812ee4164b19a806fb1427021.r2.dev/images/civilization-atlas/cases/VIS-CIV-CA-T14-01-SECONDARY.webp","images/civilization-atlas","NO_EXACT_SOURCE_REFERENCE; dynamic loading not excluded"
"images/civilization-atlas/cases/VIS-CIV-CA-T14-03-SECONDARY.webp","https://pub-1967bc5812ee4164b19a806fb1427021.r2.dev/images/civilization-atlas/cases/VIS-CIV-CA-T14-03-SECONDARY.webp","images/civilization-atlas","NO_EXACT_SOURCE_REFERENCE; dynamic loading not excluded"
"images/civilization-atlas/cases/VIS-CIV-CA-T15-01-SECONDARY.webp","https://pub-1967bc5812ee4164b19a806fb1427021.r2.dev/images/civilization-atlas/cases/VIS-CIV-CA-T15-01-SECONDARY.webp","images/civilization-atlas","NO_EXACT_SOURCE_REFERENCE; dynamic loading not excluded"
"images/civilization-atlas/cases/VIS-CIV-CA-T15-02-SECONDARY.webp","https://pub-1967bc5812ee4164b19a806fb1427021.r2.dev/images/civilization-atlas/cases/VIS-CIV-CA-T15-02-SECONDARY.webp","images/civilization-atlas","NO_EXACT_SOURCE_REFERENCE; dynamic loading not excluded"
"images/civilization-atlas/cases/VIS-CIV-CA-T16-05-SECONDARY.webp","https://pub-1967bc5812ee4164b19a806fb1427021.r2.dev/images/civilization-atlas/cases/VIS-CIV-CA-T16-05-SECONDARY.webp","images/civilization-atlas","NO_EXACT_SOURCE_REFERENCE; dynamic loading not excluded"
"images/civilization-atlas/cases/VIS-CIV-CA-T17-02-SECONDARY.webp","https://pub-1967bc5812ee4164b19a806fb1427021.r2.dev/images/civilization-atlas/cases/VIS-CIV-CA-T17-02-SECONDARY.webp","images/civilization-atlas","NO_EXACT_SOURCE_REFERENCE; dynamic loading not excluded"
"images/civilization-atlas/cases/VIS-CIV-CA-T17-03-SECONDARY.webp","https://pub-1967bc5812ee4164b19a806fb1427021.r2.dev/images/civilization-atlas/cases/VIS-CIV-CA-T17-03-SECONDARY.webp","images/civilization-atlas","NO_EXACT_SOURCE_REFERENCE; dynamic loading not excluded"
"images/civilization-atlas/cases/VIS-CIV-CA-T17-05-SECONDARY.webp","https://pub-1967bc5812ee4164b19a806fb1427021.r2.dev/images/civilization-atlas/cases/VIS-CIV-CA-T17-05-SECONDARY.webp","images/civilization-atlas","NO_EXACT_SOURCE_REFERENCE; dynamic loading not excluded"
"images/civilization-atlas/cases/VIS-CIV-CA-T18-01-SECONDARY.webp","https://pub-1967bc5812ee4164b19a806fb1427021.r2.dev/images/civilization-atlas/cases/VIS-CIV-CA-T18-01-SECONDARY.webp","images/civilization-atlas","NO_EXACT_SOURCE_REFERENCE; dynamic loading not excluded"
"images/civilization-atlas/cases/VIS-CIV-CA-T18-04-SECONDARY.webp","https://pub-1967bc5812ee4164b19a806fb1427021.r2.dev/images/civilization-atlas/cases/VIS-CIV-CA-T18-04-SECONDARY.webp","images/civilization-atlas","NO_EXACT_SOURCE_REFERENCE; dynamic loading not excluded"
"images/civilization-atlas/cases/VIS-CIV-CA-T18-06-SECONDARY.webp","https://pub-1967bc5812ee4164b19a806fb1427021.r2.dev/images/civilization-atlas/cases/VIS-CIV-CA-T18-06-SECONDARY.webp","images/civilization-atlas","NO_EXACT_SOURCE_REFERENCE; dynamic loading not excluded"
"images/civilization-atlas/cases/VIS-CIV-CA-T19-02-SECONDARY.webp","https://pub-1967bc5812ee4164b19a806fb1427021.r2.dev/images/civilization-atlas/cases/VIS-CIV-CA-T19-02-SECONDARY.webp","images/civilization-atlas","NO_EXACT_SOURCE_REFERENCE; dynamic loading not excluded"
"images/civilization-atlas/cases/VIS-CIV-CA-T19-04-SECONDARY.webp","https://pub-1967bc5812ee4164b19a806fb1427021.r2.dev/images/civilization-atlas/cases/VIS-CIV-CA-T19-04-SECONDARY.webp","images/civilization-atlas","NO_EXACT_SOURCE_REFERENCE; dynamic loading not excluded"
"images/civilization-atlas/cases/VIS-CIV-CA-T19-05-SECONDARY.webp","https://pub-1967bc5812ee4164b19a806fb1427021.r2.dev/images/civilization-atlas/cases/VIS-CIV-CA-T19-05-SECONDARY.webp","images/civilization-atlas","NO_EXACT_SOURCE_REFERENCE; dynamic loading not excluded"
"images/civilization-atlas/cases/VIS-CIV-CA-T19-06-SECONDARY.webp","https://pub-1967bc5812ee4164b19a806fb1427021.r2.dev/images/civilization-atlas/cases/VIS-CIV-CA-T19-06-SECONDARY.webp","images/civilization-atlas","NO_EXACT_SOURCE_REFERENCE; dynamic loading not excluded"
"images/civilization-atlas/timeline/VIS-CIV-T00-HERO.webp","https://pub-1967bc5812ee4164b19a806fb1427021.r2.dev/images/civilization-atlas/timeline/VIS-CIV-T00-HERO.webp","images/civilization-atlas","NO_EXACT_SOURCE_REFERENCE; dynamic loading not excluded"
"images/civilization-atlas/timeline/VIS-CIV-T01-HERO.webp","https://pub-1967bc5812ee4164b19a806fb1427021.r2.dev/images/civilization-atlas/timeline/VIS-CIV-T01-HERO.webp","images/civilization-atlas","NO_EXACT_SOURCE_REFERENCE; dynamic loading not excluded"
"images/civilization-atlas/timeline/VIS-CIV-T02-HERO.webp","https://pub-1967bc5812ee4164b19a806fb1427021.r2.dev/images/civilization-atlas/timeline/VIS-CIV-T02-HERO.webp","images/civilization-atlas","NO_EXACT_SOURCE_REFERENCE; dynamic loading not excluded"
"images/civilization-atlas/timeline/VIS-CIV-T03-HERO.webp","https://pub-1967bc5812ee4164b19a806fb1427021.r2.dev/images/civilization-atlas/timeline/VIS-CIV-T03-HERO.webp","images/civilization-atlas","NO_EXACT_SOURCE_REFERENCE; dynamic loading not excluded"
"images/civilization-atlas/timeline/VIS-CIV-T04-HERO.webp","https://pub-1967bc5812ee4164b19a806fb1427021.r2.dev/images/civilization-atlas/timeline/VIS-CIV-T04-HERO.webp","images/civilization-atlas","NO_EXACT_SOURCE_REFERENCE; dynamic loading not excluded"
"images/civilization-atlas/timeline/VIS-CIV-T05-HERO.webp","https://pub-1967bc5812ee4164b19a806fb1427021.r2.dev/images/civilization-atlas/timeline/VIS-CIV-T05-HERO.webp","images/civilization-atlas","NO_EXACT_SOURCE_REFERENCE; dynamic loading not excluded"
"images/civilization-atlas/timeline/VIS-CIV-T06-HERO.webp","https://pub-1967bc5812ee4164b19a806fb1427021.r2.dev/images/civilization-atlas/timeline/VIS-CIV-T06-HERO.webp","images/civilization-atlas","NO_EXACT_SOURCE_REFERENCE; dynamic loading not excluded"
"images/civilization-atlas/timeline/VIS-CIV-T07-HERO.webp","https://pub-1967bc5812ee4164b19a806fb1427021.r2.dev/images/civilization-atlas/timeline/VIS-CIV-T07-HERO.webp","images/civilization-atlas","NO_EXACT_SOURCE_REFERENCE; dynamic loading not excluded"
"images/civilization-atlas/timeline/VIS-CIV-T08-HERO.webp","https://pub-1967bc5812ee4164b19a806fb1427021.r2.dev/images/civilization-atlas/timeline/VIS-CIV-T08-HERO.webp","images/civilization-atlas","NO_EXACT_SOURCE_REFERENCE; dynamic loading not excluded"
"images/civilization-atlas/timeline/VIS-CIV-T09-HERO.webp","https://pub-1967bc5812ee4164b19a806fb1427021.r2.dev/images/civilization-atlas/timeline/VIS-CIV-T09-HERO.webp","images/civilization-atlas","NO_EXACT_SOURCE_REFERENCE; dynamic loading not excluded"
"images/civilization-atlas/timeline/VIS-CIV-T10-HERO.webp","https://pub-1967bc5812ee4164b19a806fb1427021.r2.dev/images/civilization-atlas/timeline/VIS-CIV-T10-HERO.webp","images/civilization-atlas","NO_EXACT_SOURCE_REFERENCE; dynamic loading not excluded"
"images/civilization-atlas/timeline/VIS-CIV-T11-HERO.webp","https://pub-1967bc5812ee4164b19a806fb1427021.r2.dev/images/civilization-atlas/timeline/VIS-CIV-T11-HERO.webp","images/civilization-atlas","NO_EXACT_SOURCE_REFERENCE; dynamic loading not excluded"
"images/civilization-atlas/timeline/VIS-CIV-T12-HERO.webp","https://pub-1967bc5812ee4164b19a806fb1427021.r2.dev/images/civilization-atlas/timeline/VIS-CIV-T12-HERO.webp","images/civilization-atlas","NO_EXACT_SOURCE_REFERENCE; dynamic loading not excluded"
"images/civilization-atlas/timeline/VIS-CIV-T13-HERO.webp","https://pub-1967bc5812ee4164b19a806fb1427021.r2.dev/images/civilization-atlas/timeline/VIS-CIV-T13-HERO.webp","images/civilization-atlas","NO_EXACT_SOURCE_REFERENCE; dynamic loading not excluded"
"images/civilization-atlas/timeline/VIS-CIV-T14-HERO.webp","https://pub-1967bc5812ee4164b19a806fb1427021.r2.dev/images/civilization-atlas/timeline/VIS-CIV-T14-HERO.webp","images/civilization-atlas","NO_EXACT_SOURCE_REFERENCE; dynamic loading not excluded"
"images/civilization-atlas/timeline/VIS-CIV-T15-HERO.webp","https://pub-1967bc5812ee4164b19a806fb1427021.r2.dev/images/civilization-atlas/timeline/VIS-CIV-T15-HERO.webp","images/civilization-atlas","NO_EXACT_SOURCE_REFERENCE; dynamic loading not excluded"
"images/civilization-atlas/timeline/VIS-CIV-T16-HERO.webp","https://pub-1967bc5812ee4164b19a806fb1427021.r2.dev/images/civilization-atlas/timeline/VIS-CIV-T16-HERO.webp","images/civilization-atlas","NO_EXACT_SOURCE_REFERENCE; dynamic loading not excluded"
"images/civilization-atlas/timeline/VIS-CIV-T17-HERO.webp","https://pub-1967bc5812ee4164b19a806fb1427021.r2.dev/images/civilization-atlas/timeline/VIS-CIV-T17-HERO.webp","images/civilization-atlas","NO_EXACT_SOURCE_REFERENCE; dynamic loading not excluded"
"images/civilization-atlas/timeline/VIS-CIV-T18-HERO.webp","https://pub-1967bc5812ee4164b19a806fb1427021.r2.dev/images/civilization-atlas/timeline/VIS-CIV-T18-HERO.webp","images/civilization-atlas","NO_EXACT_SOURCE_REFERENCE; dynamic loading not excluded"
"images/civilization-atlas/timeline/VIS-CIV-T19-HERO.webp","https://pub-1967bc5812ee4164b19a806fb1427021.r2.dev/images/civilization-atlas/timeline/VIS-CIV-T19-HERO.webp","images/civilization-atlas","NO_EXACT_SOURCE_REFERENCE; dynamic loading not excluded"
"images/figures/books/book-1/0A.webp","https://pub-1967bc5812ee4164b19a806fb1427021.r2.dev/images/figures/books/book-1/0A.webp","images/figures","NO_EXACT_SOURCE_REFERENCE; dynamic loading not excluded"
"images/figures/books/book-1/1A.webp","https://pub-1967bc5812ee4164b19a806fb1427021.r2.dev/images/figures/books/book-1/1A.webp","images/figures","NO_EXACT_SOURCE_REFERENCE; dynamic loading not excluded"
"images/figures/books/book-1/1B.webp","https://pub-1967bc5812ee4164b19a806fb1427021.r2.dev/images/figures/books/book-1/1B.webp","images/figures","NO_EXACT_SOURCE_REFERENCE; dynamic loading not excluded"
"images/figures/books/book-1/2A.webp","https://pub-1967bc5812ee4164b19a806fb1427021.r2.dev/images/figures/books/book-1/2A.webp","images/figures","NO_EXACT_SOURCE_REFERENCE; dynamic loading not excluded"
"images/figures/books/book-1/3A.webp","https://pub-1967bc5812ee4164b19a806fb1427021.r2.dev/images/figures/books/book-1/3A.webp","images/figures","NO_EXACT_SOURCE_REFERENCE; dynamic loading not excluded"
"images/figures/books/book-1/3B.webp","https://pub-1967bc5812ee4164b19a806fb1427021.r2.dev/images/figures/books/book-1/3B.webp","images/figures","NO_EXACT_SOURCE_REFERENCE; dynamic loading not excluded"
"images/figures/books/book-1/3C.webp","https://pub-1967bc5812ee4164b19a806fb1427021.r2.dev/images/figures/books/book-1/3C.webp","images/figures","NO_EXACT_SOURCE_REFERENCE; dynamic loading not excluded"
"images/figures/books/book-1/4A.webp","https://pub-1967bc5812ee4164b19a806fb1427021.r2.dev/images/figures/books/book-1/4A.webp","images/figures","NO_EXACT_SOURCE_REFERENCE; dynamic loading not excluded"
"images/figures/books/book-1/4B.webp","https://pub-1967bc5812ee4164b19a806fb1427021.r2.dev/images/figures/books/book-1/4B.webp","images/figures","NO_EXACT_SOURCE_REFERENCE; dynamic loading not excluded"
"images/figures/books/book-1/4C.webp","https://pub-1967bc5812ee4164b19a806fb1427021.r2.dev/images/figures/books/book-1/4C.webp","images/figures","NO_EXACT_SOURCE_REFERENCE; dynamic loading not excluded"
"images/figures/books/book-1/4D.webp","https://pub-1967bc5812ee4164b19a806fb1427021.r2.dev/images/figures/books/book-1/4D.webp","images/figures","NO_EXACT_SOURCE_REFERENCE; dynamic loading not excluded"
"images/figures/books/book-1/4E.webp","https://pub-1967bc5812ee4164b19a806fb1427021.r2.dev/images/figures/books/book-1/4E.webp","images/figures","NO_EXACT_SOURCE_REFERENCE; dynamic loading not excluded"
"images/figures/books/book-2/5A.webp","https://pub-1967bc5812ee4164b19a806fb1427021.r2.dev/images/figures/books/book-2/5A.webp","images/figures","NO_EXACT_SOURCE_REFERENCE; dynamic loading not excluded"
"images/figures/books/book-2/5B.webp","https://pub-1967bc5812ee4164b19a806fb1427021.r2.dev/images/figures/books/book-2/5B.webp","images/figures","NO_EXACT_SOURCE_REFERENCE; dynamic loading not excluded"
"images/figures/books/book-2/5C.webp","https://pub-1967bc5812ee4164b19a806fb1427021.r2.dev/images/figures/books/book-2/5C.webp","images/figures","NO_EXACT_SOURCE_REFERENCE; dynamic loading not excluded"
"images/figures/books/book-2/5D.webp","https://pub-1967bc5812ee4164b19a806fb1427021.r2.dev/images/figures/books/book-2/5D.webp","images/figures","NO_EXACT_SOURCE_REFERENCE; dynamic loading not excluded"
"images/figures/books/book-2/5E.webp","https://pub-1967bc5812ee4164b19a806fb1427021.r2.dev/images/figures/books/book-2/5E.webp","images/figures","NO_EXACT_SOURCE_REFERENCE; dynamic loading not excluded"
"images/figures/books/book-2/6A.webp","https://pub-1967bc5812ee4164b19a806fb1427021.r2.dev/images/figures/books/book-2/6A.webp","images/figures","NO_EXACT_SOURCE_REFERENCE; dynamic loading not excluded"
"images/figures/books/book-2/6B.webp","https://pub-1967bc5812ee4164b19a806fb1427021.r2.dev/images/figures/books/book-2/6B.webp","images/figures","NO_EXACT_SOURCE_REFERENCE; dynamic loading not excluded"
"images/figures/books/book-2/6C.webp","https://pub-1967bc5812ee4164b19a806fb1427021.r2.dev/images/figures/books/book-2/6C.webp","images/figures","NO_EXACT_SOURCE_REFERENCE; dynamic loading not excluded"
"images/figures/books/book-2/6D.webp","https://pub-1967bc5812ee4164b19a806fb1427021.r2.dev/images/figures/books/book-2/6D.webp","images/figures","NO_EXACT_SOURCE_REFERENCE; dynamic loading not excluded"
"images/figures/books/book-2/7A.webp","https://pub-1967bc5812ee4164b19a806fb1427021.r2.dev/images/figures/books/book-2/7A.webp","images/figures","NO_EXACT_SOURCE_REFERENCE; dynamic loading not excluded"
"images/figures/books/book-2/7B.webp","https://pub-1967bc5812ee4164b19a806fb1427021.r2.dev/images/figures/books/book-2/7B.webp","images/figures","NO_EXACT_SOURCE_REFERENCE; dynamic loading not excluded"
"images/figures/books/book-2/7C.webp","https://pub-1967bc5812ee4164b19a806fb1427021.r2.dev/images/figures/books/book-2/7C.webp","images/figures","NO_EXACT_SOURCE_REFERENCE; dynamic loading not excluded"
"images/figures/books/book-2/7D.webp","https://pub-1967bc5812ee4164b19a806fb1427021.r2.dev/images/figures/books/book-2/7D.webp","images/figures","NO_EXACT_SOURCE_REFERENCE; dynamic loading not excluded"
"images/figures/books/book-3/8A.webp","https://pub-1967bc5812ee4164b19a806fb1427021.r2.dev/images/figures/books/book-3/8A.webp","images/figures","NO_EXACT_SOURCE_REFERENCE; dynamic loading not excluded"
"images/figures/books/book-3/8B.webp","https://pub-1967bc5812ee4164b19a806fb1427021.r2.dev/images/figures/books/book-3/8B.webp","images/figures","NO_EXACT_SOURCE_REFERENCE; dynamic loading not excluded"
"images/figures/books/book-3/8C.webp","https://pub-1967bc5812ee4164b19a806fb1427021.r2.dev/images/figures/books/book-3/8C.webp","images/figures","NO_EXACT_SOURCE_REFERENCE; dynamic loading not excluded"
"images/figures/books/book-3/8D.webp","https://pub-1967bc5812ee4164b19a806fb1427021.r2.dev/images/figures/books/book-3/8D.webp","images/figures","NO_EXACT_SOURCE_REFERENCE; dynamic loading not excluded"
"images/figures/books/book-3/9A.webp","https://pub-1967bc5812ee4164b19a806fb1427021.r2.dev/images/figures/books/book-3/9A.webp","images/figures","NO_EXACT_SOURCE_REFERENCE; dynamic loading not excluded"
"images/figures/books/book-3/9B.webp","https://pub-1967bc5812ee4164b19a806fb1427021.r2.dev/images/figures/books/book-3/9B.webp","images/figures","NO_EXACT_SOURCE_REFERENCE; dynamic loading not excluded"
"images/figures/books/book-3/9C.webp","https://pub-1967bc5812ee4164b19a806fb1427021.r2.dev/images/figures/books/book-3/9C.webp","images/figures","NO_EXACT_SOURCE_REFERENCE; dynamic loading not excluded"
"images/figures/books/book-3/9D.webp","https://pub-1967bc5812ee4164b19a806fb1427021.r2.dev/images/figures/books/book-3/9D.webp","images/figures","NO_EXACT_SOURCE_REFERENCE; dynamic loading not excluded"
"images/figures/books/book-3/9E.webp","https://pub-1967bc5812ee4164b19a806fb1427021.r2.dev/images/figures/books/book-3/9E.webp","images/figures","NO_EXACT_SOURCE_REFERENCE; dynamic loading not excluded"
"images/figures/books/book-4/10A.webp","https://pub-1967bc5812ee4164b19a806fb1427021.r2.dev/images/figures/books/book-4/10A.webp","images/figures","NO_EXACT_SOURCE_REFERENCE; dynamic loading not excluded"
"images/figures/books/book-4/10B.webp","https://pub-1967bc5812ee4164b19a806fb1427021.r2.dev/images/figures/books/book-4/10B.webp","images/figures","NO_EXACT_SOURCE_REFERENCE; dynamic loading not excluded"
"images/figures/books/book-4/10C.webp","https://pub-1967bc5812ee4164b19a806fb1427021.r2.dev/images/figures/books/book-4/10C.webp","images/figures","NO_EXACT_SOURCE_REFERENCE; dynamic loading not excluded"
"images/figures/books/book-4/10D.webp","https://pub-1967bc5812ee4164b19a806fb1427021.r2.dev/images/figures/books/book-4/10D.webp","images/figures","NO_EXACT_SOURCE_REFERENCE; dynamic loading not excluded"
"images/figures/books/book-4/10E.webp","https://pub-1967bc5812ee4164b19a806fb1427021.r2.dev/images/figures/books/book-4/10E.webp","images/figures","NO_EXACT_SOURCE_REFERENCE; dynamic loading not excluded"
"images/figures/books/book-4/11A.webp","https://pub-1967bc5812ee4164b19a806fb1427021.r2.dev/images/figures/books/book-4/11A.webp","images/figures","NO_EXACT_SOURCE_REFERENCE; dynamic loading not excluded"
"images/figures/books/book-4/11B.webp","https://pub-1967bc5812ee4164b19a806fb1427021.r2.dev/images/figures/books/book-4/11B.webp","images/figures","NO_EXACT_SOURCE_REFERENCE; dynamic loading not excluded"
"images/figures/books/book-4/11C.webp","https://pub-1967bc5812ee4164b19a806fb1427021.r2.dev/images/figures/books/book-4/11C.webp","images/figures","NO_EXACT_SOURCE_REFERENCE; dynamic loading not excluded"
"images/figures/books/book-4/11D.webp","https://pub-1967bc5812ee4164b19a806fb1427021.r2.dev/images/figures/books/book-4/11D.webp","images/figures","NO_EXACT_SOURCE_REFERENCE; dynamic loading not excluded"
"images/figures/books/book-4/11E.webp","https://pub-1967bc5812ee4164b19a806fb1427021.r2.dev/images/figures/books/book-4/11E.webp","images/figures","NO_EXACT_SOURCE_REFERENCE; dynamic loading not excluded"
"images/figures/books/book-4/11F.webp","https://pub-1967bc5812ee4164b19a806fb1427021.r2.dev/images/figures/books/book-4/11F.webp","images/figures","NO_EXACT_SOURCE_REFERENCE; dynamic loading not excluded"
"images/figures/books/book-5/12A.webp","https://pub-1967bc5812ee4164b19a806fb1427021.r2.dev/images/figures/books/book-5/12A.webp","images/figures","NO_EXACT_SOURCE_REFERENCE; dynamic loading not excluded"
"images/figures/books/book-5/12B.webp","https://pub-1967bc5812ee4164b19a806fb1427021.r2.dev/images/figures/books/book-5/12B.webp","images/figures","NO_EXACT_SOURCE_REFERENCE; dynamic loading not excluded"
"images/figures/books/book-5/12C.webp","https://pub-1967bc5812ee4164b19a806fb1427021.r2.dev/images/figures/books/book-5/12C.webp","images/figures","NO_EXACT_SOURCE_REFERENCE; dynamic loading not excluded"
"images/figures/books/book-5/12D.webp","https://pub-1967bc5812ee4164b19a806fb1427021.r2.dev/images/figures/books/book-5/12D.webp","images/figures","NO_EXACT_SOURCE_REFERENCE; dynamic loading not excluded"
"images/figures/thesis/from-intelligence-to-reality-navigation-v1.webp","https://pub-1967bc5812ee4164b19a806fb1427021.r2.dev/images/figures/thesis/from-intelligence-to-reality-navigation-v1.webp","images/figures","NO_EXACT_SOURCE_REFERENCE; dynamic loading not excluded"
"images/figures/thesis/phios-runtime-architecture-v1.webp","https://pub-1967bc5812ee4164b19a806fb1427021.r2.dev/images/figures/thesis/phios-runtime-architecture-v1.webp","images/figures","NO_EXACT_SOURCE_REFERENCE; dynamic loading not excluded"
"images/figures/thesis/reality-ecosystem-v1.webp","https://pub-1967bc5812ee4164b19a806fb1427021.r2.dev/images/figures/thesis/reality-ecosystem-v1.webp","images/figures","NO_EXACT_SOURCE_REFERENCE; dynamic loading not excluded"
"images/figures/thesis/reality-navigation-economy-v1.webp","https://pub-1967bc5812ee4164b19a806fb1427021.r2.dev/images/figures/thesis/reality-navigation-economy-v1.webp","images/figures","NO_EXACT_SOURCE_REFERENCE; dynamic loading not excluded"
"images/figures/thesis/reality-navigation-infrastructure-v1.webp","https://pub-1967bc5812ee4164b19a806fb1427021.r2.dev/images/figures/thesis/reality-navigation-infrastructure-v1.webp","images/figures","NO_EXACT_SOURCE_REFERENCE; dynamic loading not excluded"
"images/figures/thesis/reality-navigation-thesis-overview-en-v1.webp","https://pub-1967bc5812ee4164b19a806fb1427021.r2.dev/images/figures/thesis/reality-navigation-thesis-overview-en-v1.webp","images/figures","NO_EXACT_SOURCE_REFERENCE; dynamic loading not excluded"
"images/figures/thesis/reality-navigation-thesis-overview-zh-hans-v1.webp","https://pub-1967bc5812ee4164b19a806fb1427021.r2.dev/images/figures/thesis/reality-navigation-thesis-overview-zh-hans-v1.webp","images/figures","NO_EXACT_SOURCE_REFERENCE; dynamic loading not excluded"
"images/hero/PHIOS-HERO-PERSONAL-REALITY-v2.webp","https://pub-1967bc5812ee4164b19a806fb1427021.r2.dev/images/hero/PHIOS-HERO-PERSONAL-REALITY-v2.webp","images/hero","NO_EXACT_SOURCE_REFERENCE; dynamic loading not excluded"
"images/icons/global/PHIOS-ICON-GOVERNANCE-v1.svg","https://pub-1967bc5812ee4164b19a806fb1427021.r2.dev/images/icons/global/PHIOS-ICON-GOVERNANCE-v1.svg","images/icons","NO_EXACT_SOURCE_REFERENCE; dynamic loading not excluded"
"images/icons/global/PHIOS-ICON-INTERPRETATION-v1.svg","https://pub-1967bc5812ee4164b19a806fb1427021.r2.dev/images/icons/global/PHIOS-ICON-INTERPRETATION-v1.svg","images/icons","NO_EXACT_SOURCE_REFERENCE; dynamic loading not excluded"
"images/icons/global/PHIOS-ICON-NAVIGATION-THRESHOLD-v1.svg","https://pub-1967bc5812ee4164b19a806fb1427021.r2.dev/images/icons/global/PHIOS-ICON-NAVIGATION-THRESHOLD-v1.svg","images/icons","NO_EXACT_SOURCE_REFERENCE; dynamic loading not excluded"
"images/icons/global/PHIOS-ICON-PROJECTION-v1.svg","https://pub-1967bc5812ee4164b19a806fb1427021.r2.dev/images/icons/global/PHIOS-ICON-PROJECTION-v1.svg","images/icons","NO_EXACT_SOURCE_REFERENCE; dynamic loading not excluded"
"images/icons/global/PHIOS-ICON-UNKNOWN-v1.svg","https://pub-1967bc5812ee4164b19a806fb1427021.r2.dev/images/icons/global/PHIOS-ICON-UNKNOWN-v1.svg","images/icons","NO_EXACT_SOURCE_REFERENCE; dynamic loading not excluded"
"images/icons/methods/PHIOS-ICON-METHOD-ASTROLOGY-v1.svg","https://pub-1967bc5812ee4164b19a806fb1427021.r2.dev/images/icons/methods/PHIOS-ICON-METHOD-ASTROLOGY-v1.svg","images/icons","NO_EXACT_SOURCE_REFERENCE; dynamic loading not excluded"
"images/icons/methods/PHIOS-ICON-METHOD-BAZI-v1.svg","https://pub-1967bc5812ee4164b19a806fb1427021.r2.dev/images/icons/methods/PHIOS-ICON-METHOD-BAZI-v1.svg","images/icons","NO_EXACT_SOURCE_REFERENCE; dynamic loading not excluded"
"images/icons/methods/PHIOS-ICON-METHOD-HUMAN-DESIGN-v1.svg","https://pub-1967bc5812ee4164b19a806fb1427021.r2.dev/images/icons/methods/PHIOS-ICON-METHOD-HUMAN-DESIGN-v1.svg","images/icons","NO_EXACT_SOURCE_REFERENCE; dynamic loading not excluded"
"images/icons/methods/PHIOS-ICON-METHOD-I-CHING-v1.svg","https://pub-1967bc5812ee4164b19a806fb1427021.r2.dev/images/icons/methods/PHIOS-ICON-METHOD-I-CHING-v1.svg","images/icons","NO_EXACT_SOURCE_REFERENCE; dynamic loading not excluded"
"images/icons/methods/PHIOS-ICON-METHOD-NUMEROLOGY-v1.svg","https://pub-1967bc5812ee4164b19a806fb1427021.r2.dev/images/icons/methods/PHIOS-ICON-METHOD-NUMEROLOGY-v1.svg","images/icons","NO_EXACT_SOURCE_REFERENCE; dynamic loading not excluded"
"images/icons/methods/PHIOS-ICON-METHOD-TAROT-v1.svg","https://pub-1967bc5812ee4164b19a806fb1427021.r2.dev/images/icons/methods/PHIOS-ICON-METHOD-TAROT-v1.svg","images/icons","NO_EXACT_SOURCE_REFERENCE; dynamic loading not excluded"
"images/icons/methods/PHIOS-ICON-METHOD-ZIWEI-v1.svg","https://pub-1967bc5812ee4164b19a806fb1427021.r2.dev/images/icons/methods/PHIOS-ICON-METHOD-ZIWEI-v1.svg","images/icons","NO_EXACT_SOURCE_REFERENCE; dynamic loading not excluded"
"images/icons/status/PHIOS-ICON-STATUS-AVAILABLE-v1.svg","https://pub-1967bc5812ee4164b19a806fb1427021.r2.dev/images/icons/status/PHIOS-ICON-STATUS-AVAILABLE-v1.svg","images/icons","NO_EXACT_SOURCE_REFERENCE; dynamic loading not excluded"
"images/icons/status/PHIOS-ICON-STATUS-PARTIAL-v1.svg","https://pub-1967bc5812ee4164b19a806fb1427021.r2.dev/images/icons/status/PHIOS-ICON-STATUS-PARTIAL-v1.svg","images/icons","NO_EXACT_SOURCE_REFERENCE; dynamic loading not excluded"
"images/icons/status/PHIOS-ICON-STATUS-SEPARATE-v1.svg","https://pub-1967bc5812ee4164b19a806fb1427021.r2.dev/images/icons/status/PHIOS-ICON-STATUS-SEPARATE-v1.svg","images/icons","NO_EXACT_SOURCE_REFERENCE; dynamic loading not excluded"
"images/icons/status/PHIOS-ICON-STATUS-TEMPORARY-v1.svg","https://pub-1967bc5812ee4164b19a806fb1427021.r2.dev/images/icons/status/PHIOS-ICON-STATUS-TEMPORARY-v1.svg","images/icons","NO_EXACT_SOURCE_REFERENCE; dynamic loading not excluded"
"images/icons/status/PHIOS-ICON-STATUS-UNAVAILABLE-v1.svg","https://pub-1967bc5812ee4164b19a806fb1427021.r2.dev/images/icons/status/PHIOS-ICON-STATUS-UNAVAILABLE-v1.svg","images/icons","NO_EXACT_SOURCE_REFERENCE; dynamic loading not excluded"
"images/illustrations/`PHIOS-ILLUSTRATION-PERSONAL-REALITY-SCENE-v1.webp","https://pub-1967bc5812ee4164b19a806fb1427021.r2.dev/images/illustrations/%60PHIOS-ILLUSTRATION-PERSONAL-REALITY-SCENE-v1.webp","images/illustrations","NO_EXACT_SOURCE_REFERENCE; dynamic loading not excluded"
"images/illustrations/`PHIOS-ILLUSTRATION-PROFESSIONAL-WORKSPACE-SCENE-v1.webp","https://pub-1967bc5812ee4164b19a806fb1427021.r2.dev/images/illustrations/%60PHIOS-ILLUSTRATION-PROFESSIONAL-WORKSPACE-SCENE-v1.webp","images/illustrations","NO_EXACT_SOURCE_REFERENCE; dynamic loading not excluded"
"images/illustrations/PHIOS-ILLUSTRATION-ACADEMY-LEARNING-SCENE-v1.webp","https://pub-1967bc5812ee4164b19a806fb1427021.r2.dev/images/illustrations/PHIOS-ILLUSTRATION-ACADEMY-LEARNING-SCENE-v1.webp","images/illustrations","NO_EXACT_SOURCE_REFERENCE; dynamic loading not excluded"
"images/illustrations/PHIOS-ILLUSTRATION-FINANCIAL-REALITY-SCENE-v1.webp","https://pub-1967bc5812ee4164b19a806fb1427021.r2.dev/images/illustrations/PHIOS-ILLUSTRATION-FINANCIAL-REALITY-SCENE-v1.webp","images/illustrations","NO_EXACT_SOURCE_REFERENCE; dynamic loading not excluded"
"images/illustrations/PHIOS-ILLUSTRATION-MEMBERSHIP-EXPERIENCE-LANDSCAPE-v1.webp","https://pub-1967bc5812ee4164b19a806fb1427021.r2.dev/images/illustrations/PHIOS-ILLUSTRATION-MEMBERSHIP-EXPERIENCE-LANDSCAPE-v1.webp","images/illustrations","NO_EXACT_SOURCE_REFERENCE; dynamic loading not excluded"
"images/illustrations/PHIOS-ILLUSTRATION-READING-PATH-LANDSCAPE-v1.webp","https://pub-1967bc5812ee4164b19a806fb1427021.r2.dev/images/illustrations/PHIOS-ILLUSTRATION-READING-PATH-LANDSCAPE-v1.webp","images/illustrations","NO_EXACT_SOURCE_REFERENCE; dynamic loading not excluded"
"images/illustrations/PHIOS-ILLUSTRATION-REALITY-WORKSPACE-CONTINUITY-v1.webp","https://pub-1967bc5812ee4164b19a806fb1427021.r2.dev/images/illustrations/PHIOS-ILLUSTRATION-REALITY-WORKSPACE-CONTINUITY-v1.webp","images/illustrations","NO_EXACT_SOURCE_REFERENCE; dynamic loading not excluded"
"images/illustrations/PHIOS-ILLUSTRATION-VISUAL-KNOWLEDGE-DISCOVERY-v1.webp","https://pub-1967bc5812ee4164b19a806fb1427021.r2.dev/images/illustrations/PHIOS-ILLUSTRATION-VISUAL-KNOWLEDGE-DISCOVERY-v1.webp","images/illustrations","NO_EXACT_SOURCE_REFERENCE; dynamic loading not excluded"
