batchCode,batchIndex,bookCode,partCode,canonicalProductionIndex,nodeCode,titleZhHans,mappingState,publicationState
BATCH-003,1,BOOK-1,P0,2,KN-PREFACE-002,为什么计算能力不能自动产生方向？,SUCCESSOR_BINDING_PROPOSAL_REQUIRES_TL,UNPUBLISHED
BATCH-003,2,BOOK-1,P0,3,KN-PREFACE-003,为什么知识专业化会削弱整体理解？,SUCCESSOR_BINDING_PROPOSAL_REQUIRES_TL,UNPUBLISHED
BATCH-003,3,BOOK-1,P0,5,KN-PREFACE-005,为什么能力增长不等于系统稳定？,KAU_R3_HUMAN_APPROVED,UNPUBLISHED
BATCH-003,4,BOOK-1,P0,6,KN-PREFACE-006,为什么连接与放大也会传播失稳？,KAU_R3_HUMAN_APPROVED,UNPUBLISHED
BATCH-003,5,BOOK-1,P0,7,KN-PREFACE-007,为什么工具越先进，人却可能越疲惫？,SUCCESSOR_BINDING_PROPOSAL_REQUIRES_TL,UNPUBLISHED
BATCH-003,6,BOOK-1,P0,8,KN-PREFACE-008,系统速度失配如何形成现实压力？,KAU_R3_HUMAN_APPROVED,UNPUBLISHED
BATCH-003,7,BOOK-1,P0,9,KN-PREFACE-009,现实运行究竟需要承担哪些成本？,KAU_R3_HUMAN_APPROVED,UNPUBLISHED
BATCH-003,8,BOOK-1,P0,11,KN-PREFACE-011,为什么需要描述现实形成的新语言？,KAU_R3_HUMAN_APPROVED,UNPUBLISHED
BATCH-003,9,BOOK-1,P0,12,KN-PREFACE-012,什么是现实语法？,KAU_R3_HUMAN_APPROVED,UNPUBLISHED
BATCH-003,10,BOOK-1,P1,14,KN-B1-P1-001,差异如何打开现实形成的可能,KAU_R3_HUMAN_APPROVED,UNPUBLISHED
BATCH-003,11,BOOK-1,P1,15,KN-B1-P1-002,约束如何裁剪可能并保存差异,KAU_R3_HUMAN_APPROVED,UNPUBLISHED
BATCH-003,12,BOOK-1,P1,17,KN-B1-P1-004,结构如何形成配置、连续性与压缩,KAU_R3_HUMAN_APPROVED,UNPUBLISHED
BATCH-003,13,BOOK-1,P1,18,KN-B1-P1-005,结构差异如何形成可连接的区域与网络,KAU_R3_HUMAN_APPROVED,UNPUBLISHED
BATCH-003,14,BOOK-1,P1,20,KN-B1-P1-007,导航如何在结构中获得精度,KAU_R3_HUMAN_APPROVED,UNPUBLISHED
BATCH-003,15,BOOK-1,P1,21,KN-B1-P1-008,持续结构如何形成场及其梯度与边界,KAU_R3_HUMAN_APPROVED,UNPUBLISHED
BATCH-003,16,BOOK-1,P1,22,KN-B1-P1-009,多个场如何传播、重叠并共同作用,KAU_R3_HUMAN_APPROVED,UNPUBLISHED
BATCH-003,17,BOOK-1,P1,23,KN-B1-P1-010,人类如何建立人工结构与制度现实,KAU_R3_HUMAN_APPROVED,UNPUBLISHED
BATCH-003,18,BOOK-1,P1,24,KN-B1-P1-011,算法与合成场如何重新组织现代现实,KAU_R3_HUMAN_APPROVED,UNPUBLISHED
BATCH-003,19,BOOK-1,P1,25,KN-B1-P1-012,运行表面与观察接口如何形成,KAU_R3_HUMAN_APPROVED,UNPUBLISHED
BATCH-003,20,BOOK-1,P2,27,KN-B1-P2-002,投影表面如何成为经验界面,KAU_R3_HUMAN_APPROVED,UNPUBLISHED
BATCH-003,21,BOOK-1,P2,28,KN-B1-P2-003,投影压缩与分辨率如何选择可经验现实,KAU_R3_HUMAN_APPROVED,UNPUBLISHED
BATCH-003,22,BOOK-1,P2,29,KN-B1-P2-004,投影如何形成个人、组织与文明世界,KAU_R3_HUMAN_APPROVED,UNPUBLISHED
BATCH-003,23,BOOK-1,P2,30,KN-B1-P2-005,意义如何形成叙事、解释、信念与身份,KAU_R3_HUMAN_APPROVED,UNPUBLISHED
BATCH-003,24,BOOK-1,P2,31,KN-B1-P2-006,符号、原型与共同意义如何形成文明叙事,KAU_R3_HUMAN_APPROVED,UNPUBLISHED
BATCH-004,1,BOOK-1,P2,32,KN-B1-P2-007,结构、功能、关系与网络如何产生不同投影,KAU_R3_HUMAN_APPROVED,UNPUBLISHED
BATCH-004,2,BOOK-1,P2,33,KN-B1-P2-008,位置、感知、行为、角色与方向如何塑造现实版本,KAU_R3_HUMAN_APPROVED,UNPUBLISHED
BATCH-004,3,BOOK-1,P2,35,KN-B1-P2-010,多个投影如何协调并形成共同现实,KAU_R3_HUMAN_APPROVED,UNPUBLISHED
BATCH-004,4,BOOK-1,P2,36,KN-B1-P2-011,社会、制度、经济、历史与文明如何稳定投影,KAU_R3_HUMAN_APPROVED,UNPUBLISHED
BATCH-004,5,BOOK-1,P2,37,KN-B1-P2-012,人工智能如何参与合成投影、意义与叙事,KAU_R3_HUMAN_APPROVED,UNPUBLISHED
BATCH-004,6,BOOK-1,P2,38,KN-B1-P2-013,人机共投影如何加速、整合并暴露投影边界,KAU_R3_HUMAN_APPROVED,UNPUBLISHED
BATCH-004,7,BOOK-1,P3,39,KN-B1-P3-001,时间如何成为运行媒介并形成窗口,KAU_R3_HUMAN_APPROVED,UNPUBLISHED
BATCH-004,8,BOOK-1,P3,40,KN-B1-P3-002,现实如何获得进入时间的运行接口,KAU_R3_HUMAN_APPROVED,UNPUBLISHED
BATCH-004,9,BOOK-1,P3,41,KN-B1-P3-003,长期方向与发展重心如何形成,KAU_R3_HUMAN_APPROVED,UNPUBLISHED
BATCH-004,10,BOOK-1,P3,42,KN-B1-P3-004,现实语法如何组织形成、激活、内化与重组,KAU_R3_HUMAN_APPROVED,UNPUBLISHED
BATCH-004,11,BOOK-1,P3,44,KN-B1-P3-006,十六个基础问题如何组织辨认、建立、共存与延续,KAU_R3_HUMAN_APPROVED,UNPUBLISHED
BATCH-004,12,BOOK-1,P3,45,KN-B1-P3-007,运行需求如何选择九种基础能力,KAU_R3_HUMAN_APPROVED,UNPUBLISHED
BATCH-004,13,BOOK-1,P3,46,KN-B1-P3-008,方向、理解、表达、位置与资源能力如何协同,KAU_R3_HUMAN_APPROVED,UNPUBLISHED
BATCH-004,14,BOOK-1,P3,47,KN-B1-P3-009,执行、关系、生存与驱动能力如何协同,KAU_R3_HUMAN_APPROVED,UNPUBLISHED
BATCH-004,15,BOOK-1,P3,48,KN-B1-P3-010,运行驱动如何形成优先级与变化偏向,KAU_R3_HUMAN_APPROVED,UNPUBLISHED
BATCH-004,16,BOOK-1,P3,49,KN-B1-P3-011,坐标与运动语法如何组织现实变化,KAU_R3_HUMAN_APPROVED,UNPUBLISHED
BATCH-004,17,BOOK-1,P3,50,KN-B1-P3-012,八种基础运动如何转换、闭环与稳定,KAU_R3_HUMAN_APPROVED,UNPUBLISHED
BATCH-004,18,BOOK-1,P3,51,KN-B1-P3-013,运动如何形成回路、网络与不同尺度,KAU_R3_HUMAN_APPROVED,UNPUBLISHED
BATCH-004,19,BOOK-1,P3,52,KN-B1-P3-014,激活窗口、权重、场与时间如何共同放大或结束运动,KAU_R3_HUMAN_APPROVED,UNPUBLISHED
BATCH-004,20,BOOK-1,P4,54,KN-B1-P4-001,持续运行如何通过压缩成为生命组织,KAU_R3_HUMAN_APPROVED,UNPUBLISHED
BATCH-004,21,BOOK-1,P4,55,KN-B1-P4-002,生物压缩如何形成稳定运行配置,KAU_R3_HUMAN_APPROVED,UNPUBLISHED
BATCH-004,22,BOOK-1,P4,58,KN-B1-P4-005,载体能力、约束、完整性与适应如何共同运行,KAU_R3_HUMAN_APPROVED,UNPUBLISHED
BATCH-004,23,BOOK-1,P4,60,KN-B1-P4-007,感官、环境与摄取条件如何调制现实输入,KAU_R3_HUMAN_APPROVED,UNPUBLISHED
BATCH-004,24,BOOK-1,P4,61,KN-B1-P4-008,过滤、注意、优先级与解析度如何形成认知入口,KAU_R3_HUMAN_APPROVED,UNPUBLISHED
BATCH-005,1,BOOK-1,P4,62,KN-B1-P4-009,神经、激素、节律与代谢如何把现实转成身体状态,KAU_R3_HUMAN_APPROVED,UNPUBLISHED
BATCH-005,2,BOOK-1,P4,63,KN-B1-P4-010,生物噪声、缓冲与适应如何改变载体运行,KAU_R3_HUMAN_APPROVED,UNPUBLISHED
BATCH-005,3,BOOK-1,P4,64,KN-B1-P4-011,光、空气、水、食物、声音、温度与空间如何成为运行介质,KAU_R3_HUMAN_APPROVED,UNPUBLISHED
BATCH-005,4,BOOK-1,P4,65,KN-B1-P4-012,载体如何形成稳定组织，并在维护、漂移、失败与恢复之间运行,KAU_R3_HUMAN_APPROVED,UNPUBLISHED
BATCH-006,1,BOOK-2,P5,66,KN-B1-P5-001,为什么某些 Reality 会进入意识,KAU_R3_HUMAN_APPROVED,UNPUBLISHED
BATCH-006,2,BOOK-2,P5,67,KN-B1-P5-002,Reality 如何形成体验,KAU_R3_HUMAN_APPROVED,UNPUBLISHED
BATCH-006,3,BOOK-2,P5,68,KN-B1-P5-003,现实如何在觉察之外继续运行,KAU_R3_HUMAN_APPROVED,UNPUBLISHED
BATCH-006,4,BOOK-2,P5,69,KN-B1-P5-004,为什么意识误以为自己创造 Reality,KAU_R3_HUMAN_APPROVED,UNPUBLISHED
BATCH-006,5,BOOK-2,P5,70,KN-B1-P5-005,为什么持续的运行中心会逐渐形成稳定的自我模型,KAU_R3_HUMAN_APPROVED,UNPUBLISHED
BATCH-006,6,BOOK-2,P5,71,KN-B1-P5-006,情绪为何出现,KAU_R3_HUMAN_APPROVED,UNPUBLISHED
BATCH-006,7,BOOK-2,P5,72,KN-B1-P5-007,现实如何留下适应痕迹,KAU_R3_HUMAN_APPROVED,UNPUBLISHED
BATCH-006,8,BOOK-2,P5,73,KN-B1-P5-008,体验配置系统如何形成,KAU_R3_HUMAN_APPROVED,UNPUBLISHED
BATCH-006,9,BOOK-2,P5,74,KN-B1-P5-009,Reality 如何被观察,KAU_R3_HUMAN_APPROVED,UNPUBLISHED
BATCH-006,10,BOOK-2,P5,75,KN-B1-P5-010,复杂 Experience 如何被压缩,KAU_R3_HUMAN_APPROVED,UNPUBLISHED
BATCH-006,11,BOOK-2,P5,76,KN-B1-P5-011,意图为何形成,KAU_R3_HUMAN_APPROVED,UNPUBLISHED
BATCH-006,12,BOOK-2,P5,77,KN-B1-P5-012,身份如何被维持,KAU_R3_HUMAN_APPROVED,UNPUBLISHED
BATCH-006,13,BOOK-2,P5,78,KN-B1-P5-013,人工智能是否能够形成自我模型,KAU_R3_HUMAN_APPROVED,UNPUBLISHED
BATCH-006,14,BOOK-2,P5,79,KN-B1-P5-014,体验如何进入觉察,KAU_R3_HUMAN_APPROVED,UNPUBLISHED
BATCH-006,15,BOOK-2,P5,80,KN-B1-P5-015,为什么 Consciousness 是过程而不是对象,KAU_R3_HUMAN_APPROVED,UNPUBLISHED
BATCH-006,16,BOOK-2,P5,81,KN-B1-P5-016,为什么不同人体验不同 Reality,KAU_R3_HUMAN_APPROVED,UNPUBLISHED
BATCH-006,17,BOOK-2,P5,82,KN-B1-P5-017,自我如何开始观察自己,KAU_R3_HUMAN_APPROVED,UNPUBLISHED
BATCH-006,18,BOOK-2,P5,83,KN-B1-P5-018,为什么自我会不断维持自己的存在,KAU_R3_HUMAN_APPROVED,UNPUBLISHED
BATCH-006,19,BOOK-2,P5,84,KN-B1-P5-019,为什么同一个生命会形成彼此冲突的多个自我状态,KAU_R3_HUMAN_APPROVED,UNPUBLISHED
BATCH-006,20,BOOK-2,P5,85,KN-B1-P5-020,自我如何重新整合,KAU_R3_HUMAN_APPROVED,UNPUBLISHED
BATCH-006,21,BOOK-2,P5,86,KN-B1-P5-021,情绪如何预测未来,KAU_R3_HUMAN_APPROVED,UNPUBLISHED
BATCH-006,22,BOOK-2,P5,87,KN-B1-P5-022,情绪如何参与未来模拟,KAU_R3_HUMAN_APPROVED,UNPUBLISHED
BATCH-006,23,BOOK-2,P5,88,KN-B1-P5-023,情绪如何被调节,KAU_R3_HUMAN_APPROVED,UNPUBLISHED
BATCH-006,24,BOOK-2,P5,89,KN-B1-P5-024,情绪如何扭曲 Reality,KAU_R3_HUMAN_APPROVED,UNPUBLISHED
BATCH-007,1,BOOK-2,P5,90,KN-B1-P5-025,适应如何改变运行方式,KAU_R3_HUMAN_APPROVED,UNPUBLISHED
BATCH-007,2,BOOK-2,P5,91,KN-B1-P5-026,适应结构如何重新整合,KAU_R3_HUMAN_APPROVED,UNPUBLISHED
BATCH-007,3,BOOK-2,P5,92,KN-B1-P5-027,为什么进入系统的 Reality 只有部分形成体验,KAU_R3_HUMAN_APPROVED,UNPUBLISHED
BATCH-007,4,BOOK-2,P5,93,KN-B1-P5-028,体验如何获得稳定性,KAU_R3_HUMAN_APPROVED,UNPUBLISHED
BATCH-007,5,BOOK-2,P5,94,KN-B1-P5-029,Reality 为什么变得重要,KAU_R3_HUMAN_APPROVED,UNPUBLISHED
BATCH-007,6,BOOK-2,P5,95,KN-B1-P5-030,不同 Experience 如何被组织为整体,KAU_R3_HUMAN_APPROVED,UNPUBLISHED
BATCH-007,7,BOOK-2,P5,96,KN-B1-P5-031,分散时刻如何形成连续时间,KAU_R3_HUMAN_APPROVED,UNPUBLISHED
BATCH-007,8,BOOK-2,P5,97,KN-B1-P5-032,不同感觉如何形成同一个 Reality,KAU_R3_HUMAN_APPROVED,UNPUBLISHED
BATCH-007,9,BOOK-2,P5,98,KN-B1-P5-033,Experience 如何形成内部表征,KAU_R3_HUMAN_APPROVED,UNPUBLISHED
BATCH-007,10,BOOK-2,P5,99,KN-B1-P5-034,经验如何成为可调用的过去,KAU_R3_HUMAN_APPROVED,UNPUBLISHED
BATCH-007,11,BOOK-2,P5,100,KN-B1-P5-035,Runtime 如何在内部预演 Reality,KAU_R3_HUMAN_APPROVED,UNPUBLISHED
BATCH-007,12,BOOK-2,P5,101,KN-B1-P5-036,内部世界如何保持连续,KAU_R3_HUMAN_APPROVED,UNPUBLISHED
BATCH-007,13,BOOK-2,P5,102,KN-B1-P5-037,表达为何出现,KAU_R3_HUMAN_APPROVED,UNPUBLISHED
BATCH-007,14,BOOK-2,P5,103,KN-B1-P5-038,思考如何形成可表达结构,KAU_R3_HUMAN_APPROVED,UNPUBLISHED
BATCH-007,15,BOOK-2,P5,104,KN-B1-P5-039,Reality 如何形成不同表达路径,KAU_R3_HUMAN_APPROVED,UNPUBLISHED
BATCH-007,16,BOOK-2,P5,105,KN-B1-P5-040,为什么有些 Experience 能够表达而有些不能,KAU_R3_HUMAN_APPROVED,UNPUBLISHED
BATCH-007,17,BOOK-2,P5,106,KN-B1-P5-041,表达能力如何发展,KAU_R3_HUMAN_APPROVED,UNPUBLISHED
BATCH-007,18,BOOK-2,P5,107,KN-B1-P5-042,为什么不同 Runtime 使用不同表达方式,KAU_R3_HUMAN_APPROVED,UNPUBLISHED
BATCH-007,19,BOOK-2,P5,108,KN-B1-P5-043,媒介如何改变表达,KAU_R3_HUMAN_APPROVED,UNPUBLISHED
BATCH-007,20,BOOK-2,P5,109,KN-B1-P5-044,表达如何改变其他 Runtime,KAU_R3_HUMAN_APPROVED,UNPUBLISHED
BATCH-007,21,BOOK-2,P5,110,KN-B1-P5-045,为什么表达会偏离 Experience,KAU_R3_HUMAN_APPROVED,UNPUBLISHED
BATCH-007,22,BOOK-2,P5,111,KN-B1-P5-046,为什么某些 Reality 无法被表达,KAU_R3_HUMAN_APPROVED,UNPUBLISHED
BATCH-007,23,BOOK-2,P5,112,KN-B1-P5-047,决策为何出现,KAU_R3_HUMAN_APPROVED,UNPUBLISHED
BATCH-007,24,BOOK-2,P5,113,KN-B1-P5-048,Reality 如何形成不同决策路径,KAU_R3_HUMAN_APPROVED,UNPUBLISHED
BATCH-008,1,BOOK-2,P5,114,KN-B1-P5-049,现实如何形成选择,KAU_R3_HUMAN_APPROVED,UNPUBLISHED
BATCH-008,2,BOOK-2,P5,115,KN-B1-P5-050,内部冲突为何出现,KAU_R3_HUMAN_APPROVED,UNPUBLISHED
BATCH-008,3,BOOK-2,P5,116,KN-B1-P5-051,责任为何形成,KAU_R3_HUMAN_APPROVED,UNPUBLISHED
BATCH-008,4,BOOK-2,P5,117,KN-B1-P5-052,承诺为何能够持续,KAU_R3_HUMAN_APPROVED,UNPUBLISHED
BATCH-008,5,BOOK-2,P5,118,KN-B1-P5-053,行动力为何瓦解,KAU_R3_HUMAN_APPROVED,UNPUBLISHED
BATCH-008,6,BOOK-2,P5,119,KN-B1-P5-054,身份如何被压缩,KAU_R3_HUMAN_APPROVED,UNPUBLISHED
BATCH-008,7,BOOK-2,P5,120,KN-B1-P5-055,身份为何偏离,KAU_R3_HUMAN_APPROVED,UNPUBLISHED
BATCH-008,8,BOOK-2,P5,121,KN-B1-P5-056,身份如何重组,KAU_R3_HUMAN_APPROVED,UNPUBLISHED
BATCH-008,9,BOOK-2,P5,122,KN-B1-P5-057,身份如何瓦解,KAU_R3_HUMAN_APPROVED,UNPUBLISHED
BATCH-008,10,BOOK-2,P5,123,KN-B1-P5-058,行动结果如何重新进入 Experience,KAU_R3_HUMAN_APPROVED,UNPUBLISHED
BATCH-008,11,BOOK-2,P5,124,KN-B1-P5-059,Runtime 如何修正自己,KAU_R3_HUMAN_APPROVED,UNPUBLISHED
BATCH-008,12,BOOK-2,P5,125,KN-B1-P5-060,经验如何改变下一次意识运行,KAU_R3_HUMAN_APPROVED,UNPUBLISHED
BATCH-008,13,BOOK-2,P5,126,KN-B1-P5-061,自我模型如何停止维持自身,KAU_R3_HUMAN_APPROVED,UNPUBLISHED
BATCH-008,14,BOOK-2,P5,127,KN-B1-P5-062,叙事如何在当前 Runtime 结束以后继续存在,KAU_R3_HUMAN_APPROVED,UNPUBLISHED
BATCH-008,15,BOOK-2,P5,128,KN-B1-P5-063,意义为何留下残留,KAU_R3_HUMAN_APPROVED,UNPUBLISHED
BATCH-008,16,BOOK-2,P5,129,KN-B1-P5-064,Conscious Runtime 如何完成一次运行,KAU_R3_HUMAN_APPROVED,UNPUBLISHED
BATCH-008,17,BOOK-2,P5,130,KN-B1-P5-065,人工智能是否能够形成 Conscious Runtime,KAU_R3_HUMAN_APPROVED,UNPUBLISHED
BATCH-008,18,BOOK-2,P6,131,KN-B2-P6-001,为什么共同 Reality 会出现,KAU_R3_HUMAN_APPROVED,UNPUBLISHED
BATCH-008,19,BOOK-2,P6,132,KN-B2-P6-002,多个 Runtime 如何开始同步,KAU_R3_HUMAN_APPROVED,UNPUBLISHED
BATCH-008,20,BOOK-2,P6,133,KN-B2-P6-003,Runtime 如何形成连接,KAU_R3_HUMAN_APPROVED,UNPUBLISHED
BATCH-008,21,BOOK-2,P6,134,KN-B2-P6-004,为什么共同场开始形成,KAU_R3_HUMAN_APPROVED,UNPUBLISHED
BATCH-008,22,BOOK-2,P6,135,KN-B2-P6-005,多个 Runtime 如何同步同一个 Field,MAPPING_NOT_ESTABLISHED,UNPUBLISHED
BATCH-008,23,BOOK-2,P6,136,KN-B2-P6-006,为什么开始共振,KAU_R3_HUMAN_APPROVED,UNPUBLISHED
BATCH-008,24,BOOK-2,P6,137,KN-B2-P6-007,为什么开始互相干扰,KAU_R3_HUMAN_APPROVED,UNPUBLISHED
BATCH-009,1,BOOK-2,P6,138,KN-B2-P6-008,生命为何能够共同运行,KAU_R3_HUMAN_APPROVED,UNPUBLISHED
BATCH-009,2,BOOK-2,P6,139,KN-B2-P6-009,Reality 如何形成多人系统,KAU_R3_HUMAN_APPROVED,UNPUBLISHED
BATCH-009,3,BOOK-2,P6,140,KN-B2-P6-010,为什么共同 Runtime 会开始出现稳定中心,KAU_R3_HUMAN_APPROVED,UNPUBLISHED
BATCH-009,4,BOOK-2,P6,141,KN-B2-P6-011,为什么共同 Runtime 必须开始分配运行成本,KAU_R3_HUMAN_APPROVED,UNPUBLISHED
BATCH-009,5,BOOK-2,P6,142,KN-B2-P6-012,为什么长期系统一定开始出现结构冲突,MAPPING_NOT_ESTABLISHED,UNPUBLISHED
BATCH-009,6,BOOK-2,P6,143,KN-B2-P6-013,共同 Reality 为什么需要形成边界,KAU_R3_HUMAN_APPROVED,UNPUBLISHED
BATCH-009,7,BOOK-2,P6,144,KN-B2-P6-014,为什么边界一直改变,KAU_R3_HUMAN_APPROVED,UNPUBLISHED
BATCH-009,8,BOOK-2,P6,145,KN-B2-P6-015,为什么边界最终瓦解,KAU_R3_HUMAN_APPROVED,UNPUBLISHED
BATCH-009,9,BOOK-2,P6,146,KN-B2-P6-016,为什么 Runtime 会开始降低独立性,KAU_R3_HUMAN_APPROVED,UNPUBLISHED
BATCH-009,10,BOOK-2,P6,147,KN-B2-P6-017,为什么 Runtime 会开始固定连接,KAU_R3_HUMAN_APPROVED,UNPUBLISHED
BATCH-009,11,BOOK-2,P6,148,KN-B2-P6-018,整个共同 Runtime 如何持续改变,KAU_R3_HUMAN_APPROVED,UNPUBLISHED
BATCH-009,12,BOOK-2,P6,149,KN-B2-P6-019,为什么多个共同现实开始彼此连接,KAU_R3_HUMAN_APPROVED,UNPUBLISHED
BATCH-009,13,BOOK-2,P6,150,KN-B2-P6-020,为什么不同共同现实维持参与平衡,KAU_R3_HUMAN_APPROVED,UNPUBLISHED
BATCH-009,14,BOOK-2,P6,151,KN-B2-P6-021,为什么不同共同现实开始承担不同责任,KAU_R3_HUMAN_APPROVED,UNPUBLISHED
BATCH-009,15,BOOK-2,P6,152,KN-B2-P6-022,为什么运行负荷开始跨共同现实重新分配,KAU_R3_HUMAN_APPROVED,UNPUBLISHED
BATCH-009,16,BOOK-2,P6,153,KN-B2-P6-023,为什么现实生态必须承担整体成本,KAU_R3_HUMAN_APPROVED,UNPUBLISHED
BATCH-009,17,BOOK-2,P6,154,KN-B2-P6-024,为什么多个共同现实能够长期稳定共存,KAU_R3_HUMAN_APPROVED,UNPUBLISHED
BATCH-009,18,BOOK-2,P6,155,KN-B2-P6-025,生命为什么需要共同形成下一代,KAU_R3_HUMAN_APPROVED,UNPUBLISHED
BATCH-009,19,BOOK-2,P6,156,KN-B2-P6-026,为什么长期关系能够稳定形成,KAU_R3_HUMAN_APPROVED,UNPUBLISHED
BATCH-009,20,BOOK-2,P6,157,KN-B2-P6-027,为什么共同养育会形成新的 Runtime,KAU_R3_HUMAN_APPROVED,UNPUBLISHED
BATCH-009,21,BOOK-2,P6,158,KN-B2-P6-028,为什么孩子会成为新的 Runtime,KAU_R3_HUMAN_APPROVED,UNPUBLISHED
BATCH-009,22,BOOK-2,P6,159,KN-B2-P6-029,为什么 Runtime 会跨世代延续,KAU_R3_HUMAN_APPROVED,UNPUBLISHED
BATCH-009,23,BOOK-2,P6,160,KN-B2-P6-030,家庭模式为什么不断复制,KAU_R3_HUMAN_APPROVED,UNPUBLISHED
BATCH-009,24,BOOK-2,P6,161,KN-B2-P6-031,Runtime 如何在世代之间改变,KAU_R3_HUMAN_APPROVED,UNPUBLISHED
BATCH-010,1,BOOK-2,P6,162,KN-B2-P6-032,Family 如何形成长期稳定系统,KAU_R3_HUMAN_APPROVED,UNPUBLISHED
BATCH-010,2,BOOK-2,P6,163,KN-B2-P6-033,情绪如何在家庭 Runtime 中流动,KAU_R3_HUMAN_APPROVED,UNPUBLISHED
BATCH-010,3,BOOK-2,P6,164,KN-B2-P6-034,家庭成员如何形成共同节奏,KAU_R3_HUMAN_APPROVED,UNPUBLISHED
BATCH-010,4,BOOK-2,P6,165,KN-B2-P6-035,家庭 Runtime 如何重新配置,KAU_R3_HUMAN_APPROVED,UNPUBLISHED
BATCH-010,5,BOOK-2,P6,166,KN-B2-P6-036,家庭 Runtime 为什么会瓦解,KAU_R3_HUMAN_APPROVED,UNPUBLISHED
BATCH-010,6,BOOK-2,P6,167,KN-B2-P6-037,为什么多个家庭会形成群体,KAU_R3_HUMAN_APPROVED,UNPUBLISHED
BATCH-010,7,BOOK-2,P6,168,KN-B2-P6-038,群体如何形成社区运行,KAU_R3_HUMAN_APPROVED,UNPUBLISHED
BATCH-010,8,BOOK-2,P6,169,KN-B2-P6-039,群体如何形成共享身份,KAU_R3_HUMAN_APPROVED,UNPUBLISHED
BATCH-010,9,BOOK-2,P6,170,KN-B2-P6-040,为什么共同现实会不断彼此强化,KAU_R3_HUMAN_APPROVED,UNPUBLISHED
BATCH-010,10,BOOK-2,P6,171,KN-B2-P6-041,群体为什么走向两极化,KAU_R3_HUMAN_APPROVED,UNPUBLISHED
BATCH-010,11,BOOK-2,P6,172,KN-B2-P6-042,现实影响如何形成,KAU_R3_HUMAN_APPROVED,UNPUBLISHED
BATCH-010,12,BOOK-2,P6,173,KN-B2-P6-043,注意力如何在多个 Runtime 之间耦合,KAU_R3_HUMAN_APPROVED,UNPUBLISHED
BATCH-010,13,BOOK-2,P6,174,KN-B2-P6-044,信念如何在多个 Runtime 之间耦合,KAU_R3_HUMAN_APPROVED,UNPUBLISHED
BATCH-010,14,BOOK-2,P6,175,KN-B2-P6-045,为什么共同运行会不断重复同一个故事,KAU_R3_HUMAN_APPROVED,UNPUBLISHED
BATCH-010,15,BOOK-2,P6,176,KN-B2-P6-046,群体暗示如何改变 Reality,KAU_R3_HUMAN_APPROVED,UNPUBLISHED
BATCH-010,16,BOOK-2,P6,177,KN-B2-P6-047,符号如何形成关系影响,KAU_R3_HUMAN_APPROVED,UNPUBLISHED
BATCH-010,17,BOOK-2,P6,178,KN-B2-P6-048,为什么共同运行会逐渐限制生命的运行方向,KAU_R3_HUMAN_APPROVED,UNPUBLISHED
BATCH-010,18,BOOK-2,P6,179,KN-B2-P6-049,一个 Runtime 如何劫持另一个 Runtime,KAU_R3_HUMAN_APPROVED,UNPUBLISHED
BATCH-010,19,BOOK-2,P6,180,KN-B2-P6-050,Runtime 如何从关系影响中恢复,KAU_R3_HUMAN_APPROVED,UNPUBLISHED
BATCH-010,20,BOOK-2,P6,181,KN-B2-P6-056,Runtime 如何离开共同 Reality,KAU_R3_HUMAN_APPROVED,UNPUBLISHED
BATCH-010,21,BOOK-2,P6,182,KN-B2-P6-057,共同 Reality 如何留下共享记忆,KAU_R3_HUMAN_APPROVED,UNPUBLISHED
BATCH-010,22,BOOK-2,P6,183,KN-B2-P6-058,共同 Reality 如何完成一次运行,KAU_R3_HUMAN_APPROVED,UNPUBLISHED
BATCH-010,23,BOOK-2,P7,184,KN-B2-P7-001,集体场为何出现,KAU_R3_HUMAN_APPROVED,UNPUBLISHED
BATCH-010,24,BOOK-2,P7,185,KN-B2-P7-002,为何多人会相信同一个现实,KAU_R3_HUMAN_APPROVED,UNPUBLISHED
BATCH-011,1,BOOK-2,P7,186,KN-B2-P7-003,为何故事能够形成共同现实,KAU_R3_HUMAN_APPROVED,UNPUBLISHED
BATCH-011,2,BOOK-2,P7,187,KN-B2-P7-004,情绪如何跨个体传播,KAU_R3_HUMAN_APPROVED,UNPUBLISHED
BATCH-011,3,BOOK-2,P7,188,KN-B2-P7-005,群体如何形成我们,KAU_R3_HUMAN_APPROVED,UNPUBLISHED
BATCH-011,4,BOOK-2,P7,189,KN-B2-P7-006,集体为什么开始约束个体,KAU_R3_HUMAN_APPROVED,UNPUBLISHED
BATCH-011,5,BOOK-2,P7,190,KN-B2-P7-007,价值为何出现,KAU_R3_HUMAN_APPROVED,UNPUBLISHED
BATCH-011,6,BOOK-2,P7,191,KN-B2-P7-008,价值如何形成排序,KAU_R3_HUMAN_APPROVED,UNPUBLISHED
BATCH-011,7,BOOK-2,P7,192,KN-B2-P7-009,资源为何被压缩,KAU_R3_HUMAN_APPROVED,UNPUBLISHED
BATCH-011,8,BOOK-2,P7,193,KN-B2-P7-010,稀缺性如何形成,KAU_R3_HUMAN_APPROVED,UNPUBLISHED
BATCH-011,9,BOOK-2,P7,194,KN-B2-P7-011,社会奖励机制如何形成,KAU_R3_HUMAN_APPROVED,UNPUBLISHED
BATCH-011,10,BOOK-2,P7,195,KN-B2-P7-012,为什么集体会通过未来回报组织现在的行动,KAU_R3_HUMAN_APPROVED,UNPUBLISHED
BATCH-011,11,BOOK-2,P7,196,KN-B2-P7-013,模因如何运行,KAU_R3_HUMAN_APPROVED,UNPUBLISHED
BATCH-011,12,BOOK-2,P7,197,KN-B2-P7-014,文化如何运行,KAU_R3_HUMAN_APPROVED,UNPUBLISHED
BATCH-011,13,BOOK-2,P7,198,KN-B2-P7-015,资源如何流动,KAU_R3_HUMAN_APPROVED,UNPUBLISHED
BATCH-011,14,BOOK-2,P7,199,KN-B2-P7-016,价值如何储存,KAU_R3_HUMAN_APPROVED,UNPUBLISHED
BATCH-011,15,BOOK-2,P7,200,KN-B2-P7-017,信用如何创造现实,KAU_R3_HUMAN_APPROVED,UNPUBLISHED
BATCH-011,16,BOOK-2,P7,201,KN-B2-P7-018,债务如何扩张,KAU_R3_HUMAN_APPROVED,UNPUBLISHED
BATCH-011,17,BOOK-2,P7,202,KN-B2-P7-019,资本如何被配置,KAU_R3_HUMAN_APPROVED,UNPUBLISHED
BATCH-011,18,BOOK-2,P7,203,KN-B2-P7-020,金融叙事如何形成,KAU_R3_HUMAN_APPROVED,UNPUBLISHED
BATCH-011,19,BOOK-2,P7,204,KN-B2-P7-021,投机周期如何形成,KAU_R3_HUMAN_APPROVED,UNPUBLISHED
BATCH-011,20,BOOK-2,P7,205,KN-B2-P7-022,金融如何压缩未来,KAU_R3_HUMAN_APPROVED,UNPUBLISHED
BATCH-011,21,BOOK-2,P7,206,KN-B2-P7-023,未来为何被提前提取,KAU_R3_HUMAN_APPROVED,UNPUBLISHED
BATCH-011,22,BOOK-2,P7,207,KN-B2-P7-024,制度如何稳定现实,KAU_R3_HUMAN_APPROVED,UNPUBLISHED
BATCH-011,23,BOOK-2,P7,208,KN-B2-P7-025,信息如何成为文明运行结构,KAU_R3_HUMAN_APPROVED,UNPUBLISHED
BATCH-011,24,BOOK-2,P7,209,KN-B2-P7-026,媒体如何组织集体现实,KAU_R3_HUMAN_APPROVED,UNPUBLISHED
BATCH-012,1,BOOK-2,P7,210,KN-B2-P7-027,平台如何组织集体现实,KAU_R3_HUMAN_APPROVED,UNPUBLISHED
BATCH-012,2,BOOK-2,P7,211,KN-B2-P7-028,网络如何形成文明连接,KAU_R3_HUMAN_APPROVED,UNPUBLISHED
BATCH-012,3,BOOK-2,P7,212,KN-B2-P7-029,基础设施如何承载文明,KAU_R3_HUMAN_APPROVED,UNPUBLISHED
BATCH-012,4,BOOK-2,P7,213,KN-B2-P7-030,文明如何形成集体神经网络,KAU_R3_HUMAN_APPROVED,UNPUBLISHED
BATCH-012,5,BOOK-2,P7,214,KN-B2-P7-031,注意力如何成为经济资源,KAU_R3_HUMAN_APPROVED,UNPUBLISHED
BATCH-012,6,BOOK-2,P7,215,KN-B2-P7-032,注意力如何被竞争,KAU_R3_HUMAN_APPROVED,UNPUBLISHED
BATCH-012,7,BOOK-2,P7,216,KN-B2-P7-033,叙事如何形成市场,KAU_R3_HUMAN_APPROVED,UNPUBLISHED
BATCH-012,8,BOOK-2,P7,217,KN-B2-P7-034,集体注意力回路如何形成,KAU_R3_HUMAN_APPROVED,UNPUBLISHED
BATCH-012,9,BOOK-2,P7,218,KN-B2-P7-035,注意力如何被捕获,KAU_R3_HUMAN_APPROVED,UNPUBLISHED
BATCH-012,10,BOOK-2,P7,219,KN-B2-P7-036,算法如何放大集体现实,KAU_R3_HUMAN_APPROVED,UNPUBLISHED
BATCH-012,11,BOOK-2,P7,220,KN-B2-P7-037,病毒式传播如何运行,KAU_R3_HUMAN_APPROVED,UNPUBLISHED
BATCH-012,12,BOOK-2,P7,221,KN-B2-P7-038,AI 如何重构注意力架构,KAU_R3_HUMAN_APPROVED,UNPUBLISHED
BATCH-012,13,BOOK-2,P7,222,KN-B2-P7-039,文明如何压缩时间,KAU_R3_HUMAN_APPROVED,UNPUBLISHED
BATCH-012,14,BOOK-2,P7,223,KN-B2-P7-040,加速如何成为文明运行方式,KAU_R3_HUMAN_APPROVED,UNPUBLISHED
BATCH-012,15,BOOK-2,P7,224,KN-B2-P7-041,生产力如何组织时间,KAU_R3_HUMAN_APPROVED,UNPUBLISHED
BATCH-012,16,BOOK-2,P7,225,KN-B2-P7-042,文明为何持续面向未来,KAU_R3_HUMAN_APPROVED,UNPUBLISHED
BATCH-012,17,BOOK-2,P7,226,KN-B2-P7-043,世代如何形成不同时间尺度,KAU_R3_HUMAN_APPROVED,UNPUBLISHED
BATCH-012,18,BOOK-2,P7,227,KN-B2-P7-044,历史如何成为集体记忆,KAU_R3_HUMAN_APPROVED,UNPUBLISHED
BATCH-012,19,BOOK-2,P7,228,KN-B2-P7-045,文明为何形成期限,KAU_R3_HUMAN_APPROVED,UNPUBLISHED
BATCH-012,20,BOOK-2,P7,229,KN-B2-P7-046,时间债务如何形成,KAU_R3_HUMAN_APPROVED,UNPUBLISHED
BATCH-012,21,BOOK-2,P7,230,KN-B2-P7-047,人工集体如何运行,KAU_R3_HUMAN_APPROVED,UNPUBLISHED
BATCH-012,22,BOOK-2,P7,231,KN-B2-P7-048,人机集体如何形成,KAU_R3_HUMAN_APPROVED,UNPUBLISHED
BATCH-012,23,BOOK-2,P7,232,KN-B2-P7-049,AI 文化如何形成,KAU_R3_HUMAN_APPROVED,UNPUBLISHED
BATCH-012,24,BOOK-2,P7,233,KN-B2-P7-050,AI 价值系统如何形成,KAU_R3_HUMAN_APPROVED,UNPUBLISHED
BATCH-013,1,BOOK-2,P7,234,KN-B2-P7-051,AI 如何形成协调机制,KAU_R3_HUMAN_APPROVED,UNPUBLISHED
BATCH-013,2,BOOK-2,P7,236,KN-B2-P7-053,集体现实如何达到饱和,KAU_R3_HUMAN_APPROVED,UNPUBLISHED
BATCH-013,3,BOOK-2,P7,237,KN-B2-P7-054,集体现实如何碎裂,KAU_R3_HUMAN_APPROVED,UNPUBLISHED
BATCH-013,4,BOOK-2,P7,238,KN-B2-P7-055,集体现实如何崩塌,KAU_R3_HUMAN_APPROVED,UNPUBLISHED
BATCH-013,5,BOOK-2,P7,239,KN-B2-P7-056,为什么旧的集体结构失效之后，现实会重新形成新的连接、边界与组织方式,KAU_R3_HUMAN_APPROVED,UNPUBLISHED
BATCH-013,6,BOOK-2,P7,699,KN-B2-P7-058,人工运行何时跨过工具集合与集体结构之间的边界,KAU_R3_HUMAN_APPROVED,UNPUBLISHED
BATCH-013,7,BOOK-2,P7,700,KN-B2-P7-059,为什么集体运行达到一定规模之后必须开始维护自身,KAU_R3_HUMAN_APPROVED,UNPUBLISHED
BATCH-014,1,BOOK-3,P8,241,KN-B2-P8-001,运行为何留下残留,MANUSCRIPT_CORPUS_NOT_AVAILABLE_IN_CURRENT_INPUT,UNPUBLISHED
BATCH-014,2,BOOK-3,P8,242,KN-B2-P8-002,Reality 为什么不会自动归零,MANUSCRIPT_CORPUS_NOT_AVAILABLE_IN_CURRENT_INPUT,UNPUBLISHED
BATCH-014,3,BOOK-3,P8,243,KN-B2-P8-003,过去为何持续存在,MANUSCRIPT_CORPUS_NOT_AVAILABLE_IN_CURRENT_INPUT,UNPUBLISHED
BATCH-014,4,BOOK-3,P8,244,KN-B2-P8-004,Reality 如何偏离原有轨道,MANUSCRIPT_CORPUS_NOT_AVAILABLE_IN_CURRENT_INPUT,UNPUBLISHED
BATCH-014,5,BOOK-3,P8,245,KN-B2-P8-005,Reality 如何逐渐变形,MANUSCRIPT_CORPUS_NOT_AVAILABLE_IN_CURRENT_INPUT,UNPUBLISHED
BATCH-014,6,BOOK-3,P8,246,KN-B2-P8-006,为何问题长期存在,MANUSCRIPT_CORPUS_NOT_AVAILABLE_IN_CURRENT_INPUT,UNPUBLISHED
BATCH-014,7,BOOK-3,P8,247,KN-B2-P8-007,Reality 如何失去整体性,MANUSCRIPT_CORPUS_NOT_AVAILABLE_IN_CURRENT_INPUT,UNPUBLISHED
BATCH-014,8,BOOK-3,P8,248,KN-B2-P8-008,为何系统无法继续承载,MANUSCRIPT_CORPUS_NOT_AVAILABLE_IN_CURRENT_INPUT,UNPUBLISHED
BATCH-014,9,BOOK-3,P8,249,KN-B2-P8-009,摩擦如何成为警告信号,MANUSCRIPT_CORPUS_NOT_AVAILABLE_IN_CURRENT_INPUT,UNPUBLISHED
BATCH-014,10,BOOK-3,P8,250,KN-B2-P8-010,重复模式如何成为警告,MANUSCRIPT_CORPUS_NOT_AVAILABLE_IN_CURRENT_INPUT,UNPUBLISHED
BATCH-014,11,BOOK-3,P8,251,KN-B2-P8-011,慢性噪音如何形成,MANUSCRIPT_CORPUS_NOT_AVAILABLE_IN_CURRENT_INPUT,UNPUBLISHED
BATCH-014,12,BOOK-3,P8,252,KN-B2-P8-012,失稳如何逐步升级,MANUSCRIPT_CORPUS_NOT_AVAILABLE_IN_CURRENT_INPUT,UNPUBLISHED
BATCH-014,13,BOOK-3,P8,253,KN-B2-P8-013,系统如何跨越失稳阈值,MANUSCRIPT_CORPUS_NOT_AVAILABLE_IN_CURRENT_INPUT,UNPUBLISHED
BATCH-014,14,BOOK-3,P8,254,KN-B2-P8-014,为何系统持续警告却无人察觉,MANUSCRIPT_CORPUS_NOT_AVAILABLE_IN_CURRENT_INPUT,UNPUBLISHED
BATCH-014,15,BOOK-3,P8,255,KN-B2-P8-015,Reality 如何持续占用资源,MANUSCRIPT_CORPUS_NOT_AVAILABLE_IN_CURRENT_INPUT,UNPUBLISHED
BATCH-014,16,BOOK-3,P8,256,KN-B2-P8-016,为何系统无法退出运行,MANUSCRIPT_CORPUS_NOT_AVAILABLE_IN_CURRENT_INPUT,UNPUBLISHED
BATCH-014,17,BOOK-3,P8,257,KN-B2-P8-017,为何成本最终进入载体,MANUSCRIPT_CORPUS_NOT_AVAILABLE_IN_CURRENT_INPUT,UNPUBLISHED
BATCH-014,18,BOOK-3,P8,258,KN-B2-P8-018,载体限制如何约束运行,MANUSCRIPT_CORPUS_NOT_AVAILABLE_IN_CURRENT_INPUT,UNPUBLISHED
BATCH-014,19,BOOK-3,P8,259,KN-B2-P8-019,为何没有崩溃却无法顺畅运行,MANUSCRIPT_CORPUS_NOT_AVAILABLE_IN_CURRENT_INPUT,UNPUBLISHED
BATCH-014,20,BOOK-3,P8,260,KN-B2-P8-020,慢性运行状态如何形成,MANUSCRIPT_CORPUS_NOT_AVAILABLE_IN_CURRENT_INPUT,UNPUBLISHED
BATCH-014,21,BOOK-3,P8,261,KN-B2-P8-021,责任如何转化为运行成本,MANUSCRIPT_CORPUS_NOT_AVAILABLE_IN_CURRENT_INPUT,UNPUBLISHED
BATCH-014,22,BOOK-3,P8,262,KN-B2-P8-022,运行接口如何组织,MANUSCRIPT_CORPUS_NOT_AVAILABLE_IN_CURRENT_INPUT,UNPUBLISHED
BATCH-014,23,BOOK-3,P8,263,KN-B2-P8-023,Medical OS 如何成为 Runtime Maintenance Layer,MANUSCRIPT_CORPUS_NOT_AVAILABLE_IN_CURRENT_INPUT,UNPUBLISHED
BATCH-014,24,BOOK-3,P8,264,KN-B2-P8-024,系统如何检测安全,MANUSCRIPT_CORPUS_NOT_AVAILABLE_IN_CURRENT_INPUT,UNPUBLISHED
BATCH-015,1,BOOK-3,P8,265,KN-B2-P8-025,恢复许可如何形成,MANUSCRIPT_CORPUS_NOT_AVAILABLE_IN_CURRENT_INPUT,UNPUBLISHED
BATCH-015,2,BOOK-3,P8,266,KN-B2-P8-026,为何系统拒绝恢复,MANUSCRIPT_CORPUS_NOT_AVAILABLE_IN_CURRENT_INPUT,UNPUBLISHED
BATCH-015,3,BOOK-3,P8,267,KN-B2-P8-027,恢复窗口如何出现,MANUSCRIPT_CORPUS_NOT_AVAILABLE_IN_CURRENT_INPUT,UNPUBLISHED
BATCH-015,4,BOOK-3,P8,268,KN-B2-P8-028,系统如何重新整合,MANUSCRIPT_CORPUS_NOT_AVAILABLE_IN_CURRENT_INPUT,UNPUBLISHED
BATCH-015,5,BOOK-3,P8,269,KN-B2-P8-029,系统如何重新进入运行,MANUSCRIPT_CORPUS_NOT_AVAILABLE_IN_CURRENT_INPUT,UNPUBLISHED
BATCH-015,6,BOOK-3,P8,270,KN-B2-P8-030,恢复如何被排程,MANUSCRIPT_CORPUS_NOT_AVAILABLE_IN_CURRENT_INPUT,UNPUBLISHED
BATCH-015,7,BOOK-3,P8,271,KN-B2-P8-031,恢复债务如何形成,MANUSCRIPT_CORPUS_NOT_AVAILABLE_IN_CURRENT_INPUT,UNPUBLISHED
BATCH-015,8,BOOK-3,P8,272,KN-B2-P8-032,结构如何被修复,MANUSCRIPT_CORPUS_NOT_AVAILABLE_IN_CURRENT_INPUT,UNPUBLISHED
BATCH-015,9,BOOK-3,P8,273,KN-B2-P8-033,运行如何重新平衡,MANUSCRIPT_CORPUS_NOT_AVAILABLE_IN_CURRENT_INPUT,UNPUBLISHED
BATCH-015,10,BOOK-3,P8,274,KN-B2-P8-034,恢复架构如何形成,MANUSCRIPT_CORPUS_NOT_AVAILABLE_IN_CURRENT_INPUT,UNPUBLISHED
BATCH-015,11,BOOK-3,P8,275,KN-B2-P8-035,神经系统如何恢复,MANUSCRIPT_CORPUS_NOT_AVAILABLE_IN_CURRENT_INPUT,UNPUBLISHED
BATCH-015,12,BOOK-3,P8,276,KN-B2-P8-036,内分泌系统如何恢复,MANUSCRIPT_CORPUS_NOT_AVAILABLE_IN_CURRENT_INPUT,UNPUBLISHED
BATCH-015,13,BOOK-3,P8,277,KN-B2-P8-037,免疫系统如何恢复,MANUSCRIPT_CORPUS_NOT_AVAILABLE_IN_CURRENT_INPUT,UNPUBLISHED
BATCH-015,14,BOOK-3,P8,278,KN-B2-P8-038,代谢系统如何恢复,MANUSCRIPT_CORPUS_NOT_AVAILABLE_IN_CURRENT_INPUT,UNPUBLISHED
BATCH-015,15,BOOK-3,P8,279,KN-B2-P8-039,心理运行如何恢复,MANUSCRIPT_CORPUS_NOT_AVAILABLE_IN_CURRENT_INPUT,UNPUBLISHED
BATCH-015,16,BOOK-3,P8,280,KN-B2-P8-040,AI 如何辅助恢复,MANUSCRIPT_CORPUS_NOT_AVAILABLE_IN_CURRENT_INPUT,UNPUBLISHED
BATCH-015,17,BOOK-3,P8,281,KN-B2-P8-041,可持续运行如何形成,MANUSCRIPT_CORPUS_NOT_AVAILABLE_IN_CURRENT_INPUT,UNPUBLISHED
BATCH-015,18,BOOK-3,P8,282,KN-B2-P8-042,运行韧性如何形成,MANUSCRIPT_CORPUS_NOT_AVAILABLE_IN_CURRENT_INPUT,UNPUBLISHED
BATCH-015,19,BOOK-3,P8,283,KN-B2-P8-043,维护如何适应变化,MANUSCRIPT_CORPUS_NOT_AVAILABLE_IN_CURRENT_INPUT,UNPUBLISHED
BATCH-015,20,BOOK-3,P8,284,KN-B2-P8-044,Reality 如何形成长期连续性,MANUSCRIPT_CORPUS_NOT_AVAILABLE_IN_CURRENT_INPUT,UNPUBLISHED
BATCH-015,21,BOOK-3,P8,285,KN-B2-P8-045,系统如何形成自维护能力,MANUSCRIPT_CORPUS_NOT_AVAILABLE_IN_CURRENT_INPUT,UNPUBLISHED
BATCH-015,22,BOOK-3,P8,286,KN-B2-P8-046,恢复之后如何进入长期稳定,MANUSCRIPT_CORPUS_NOT_AVAILABLE_IN_CURRENT_INPUT,UNPUBLISHED
BATCH-015,23,BOOK-3,P8,287,KN-B2-P8-047,维护如何升级为治理,MANUSCRIPT_CORPUS_NOT_AVAILABLE_IN_CURRENT_INPUT,UNPUBLISHED
BATCH-015,24,BOOK-3,P9,288,KN-B2-P9-001,治理为何出现,MANUSCRIPT_CORPUS_NOT_AVAILABLE_IN_CURRENT_INPUT,UNPUBLISHED
BATCH-016,1,BOOK-3,P9,289,KN-B2-P9-002,为什么复杂系统需要治理,MANUSCRIPT_CORPUS_NOT_AVAILABLE_IN_CURRENT_INPUT,UNPUBLISHED
BATCH-016,2,BOOK-3,P9,290,KN-B2-P9-003,资源如何被分配,MANUSCRIPT_CORPUS_NOT_AVAILABLE_IN_CURRENT_INPUT,UNPUBLISHED
BATCH-016,3,BOOK-3,P9,291,KN-B2-P9-005,治理为何产生不同形式,MANUSCRIPT_CORPUS_NOT_AVAILABLE_IN_CURRENT_INPUT,UNPUBLISHED
BATCH-016,4,BOOK-3,P9,292,KN-B2-P9-006,为什么人们接受治理,MANUSCRIPT_CORPUS_NOT_AVAILABLE_IN_CURRENT_INPUT,UNPUBLISHED
BATCH-016,5,BOOK-3,P9,293,KN-B2-P9-007,治理如何通过服从机制持续存在,MANUSCRIPT_CORPUS_NOT_AVAILABLE_IN_CURRENT_INPUT,UNPUBLISHED
BATCH-016,6,BOOK-3,P9,294,KN-B2-P9-008,市场治理如何运行,MANUSCRIPT_CORPUS_NOT_AVAILABLE_IN_CURRENT_INPUT,UNPUBLISHED
BATCH-016,7,BOOK-3,P9,295,KN-B2-P9-009,计划治理如何运行,MANUSCRIPT_CORPUS_NOT_AVAILABLE_IN_CURRENT_INPUT,UNPUBLISHED
BATCH-016,8,BOOK-3,P9,296,KN-B2-P9-010,宗教治理如何运行,MANUSCRIPT_CORPUS_NOT_AVAILABLE_IN_CURRENT_INPUT,UNPUBLISHED
BATCH-016,9,BOOK-3,P9,297,KN-B2-P9-011,世俗治理如何运行,MANUSCRIPT_CORPUS_NOT_AVAILABLE_IN_CURRENT_INPUT,UNPUBLISHED
BATCH-016,10,BOOK-3,P9,298,KN-B2-P9-012,制度治理如何运行,MANUSCRIPT_CORPUS_NOT_AVAILABLE_IN_CURRENT_INPUT,UNPUBLISHED
BATCH-016,11,BOOK-3,P9,299,KN-B2-P9-013,混合治理如何运行,MANUSCRIPT_CORPUS_NOT_AVAILABLE_IN_CURRENT_INPUT,UNPUBLISHED
BATCH-016,12,BOOK-3,P9,300,KN-B2-P9-014,网络与平台治理如何运行,MANUSCRIPT_CORPUS_NOT_AVAILABLE_IN_CURRENT_INPUT,UNPUBLISHED
BATCH-016,13,BOOK-3,P9,301,KN-B2-P9-015,资源如何被治理,MANUSCRIPT_CORPUS_NOT_AVAILABLE_IN_CURRENT_INPUT,UNPUBLISHED
BATCH-016,14,BOOK-3,P9,302,KN-B2-P9-016,意义如何被治理,MANUSCRIPT_CORPUS_NOT_AVAILABLE_IN_CURRENT_INPUT,UNPUBLISHED
BATCH-016,15,BOOK-3,P9,303,KN-B2-P9-017,信息如何被治理,MANUSCRIPT_CORPUS_NOT_AVAILABLE_IN_CURRENT_INPUT,UNPUBLISHED
BATCH-016,16,BOOK-3,P9,304,KN-B2-P9-018,注意力如何被治理,MANUSCRIPT_CORPUS_NOT_AVAILABLE_IN_CURRENT_INPUT,UNPUBLISHED
BATCH-016,17,BOOK-3,P9,305,KN-B2-P9-019,权力如何被治理,MANUSCRIPT_CORPUS_NOT_AVAILABLE_IN_CURRENT_INPUT,UNPUBLISHED
BATCH-016,18,BOOK-3,P9,306,KN-B2-P9-020,激励如何被治理,MANUSCRIPT_CORPUS_NOT_AVAILABLE_IN_CURRENT_INPUT,UNPUBLISHED
BATCH-016,19,BOOK-3,P9,307,KN-B2-P9-021,风险如何被治理,MANUSCRIPT_CORPUS_NOT_AVAILABLE_IN_CURRENT_INPUT,UNPUBLISHED
BATCH-016,20,BOOK-3,P9,308,KN-B2-P9-022,复杂度如何被治理,MANUSCRIPT_CORPUS_NOT_AVAILABLE_IN_CURRENT_INPUT,UNPUBLISHED
BATCH-016,21,BOOK-3,P9,309,KN-B2-P9-023,治理如何发生漂移,MANUSCRIPT_CORPUS_NOT_AVAILABLE_IN_CURRENT_INPUT,UNPUBLISHED
BATCH-016,22,BOOK-3,P9,310,KN-B2-P9-024,治理如何达到饱和,MANUSCRIPT_CORPUS_NOT_AVAILABLE_IN_CURRENT_INPUT,UNPUBLISHED
BATCH-016,23,BOOK-3,P9,311,KN-B2-P9-025,治理如何碎裂,MANUSCRIPT_CORPUS_NOT_AVAILABLE_IN_CURRENT_INPUT,UNPUBLISHED
BATCH-016,24,BOOK-3,P9,312,KN-B2-P9-026,合法性如何崩塌,MANUSCRIPT_CORPUS_NOT_AVAILABLE_IN_CURRENT_INPUT,UNPUBLISHED
BATCH-017,1,BOOK-3,P9,313,KN-B2-P9-027,治理如何被利益结构俘获,MANUSCRIPT_CORPUS_NOT_AVAILABLE_IN_CURRENT_INPUT,UNPUBLISHED
BATCH-017,2,BOOK-3,P9,314,KN-B2-P9-028,治理如何崩塌,MANUSCRIPT_CORPUS_NOT_AVAILABLE_IN_CURRENT_INPUT,UNPUBLISHED
BATCH-017,3,BOOK-3,P9,315,KN-B2-P9-029,算法治理如何运行,MANUSCRIPT_CORPUS_NOT_AVAILABLE_IN_CURRENT_INPUT,UNPUBLISHED
BATCH-017,4,BOOK-3,P9,316,KN-B2-P9-030,人工协调如何运行,MANUSCRIPT_CORPUS_NOT_AVAILABLE_IN_CURRENT_INPUT,UNPUBLISHED
BATCH-017,5,BOOK-3,P9,317,KN-B2-P9-031,AI 如何辅助治理,MANUSCRIPT_CORPUS_NOT_AVAILABLE_IN_CURRENT_INPUT,UNPUBLISHED
BATCH-017,6,BOOK-3,P9,318,KN-B2-P9-032,人机共治如何形成,MANUSCRIPT_CORPUS_NOT_AVAILABLE_IN_CURRENT_INPUT,UNPUBLISHED
BATCH-017,7,BOOK-3,P9,319,KN-B2-P9-033,自主治理系统如何形成,MANUSCRIPT_CORPUS_NOT_AVAILABLE_IN_CURRENT_INPUT,UNPUBLISHED
BATCH-017,8,BOOK-3,P9,320,KN-B2-P9-034,没有人类的治理是否可能,MANUSCRIPT_CORPUS_NOT_AVAILABLE_IN_CURRENT_INPUT,UNPUBLISHED
BATCH-017,9,BOOK-3,P9,321,KN-B2-P9-035,治理韧性如何形成,MANUSCRIPT_CORPUS_NOT_AVAILABLE_IN_CURRENT_INPUT,UNPUBLISHED
BATCH-017,10,BOOK-3,P9,322,KN-B2-P9-036,治理如何适应变化,MANUSCRIPT_CORPUS_NOT_AVAILABLE_IN_CURRENT_INPUT,UNPUBLISHED
BATCH-017,11,BOOK-3,P9,323,KN-B2-P9-037,治理如何演化,MANUSCRIPT_CORPUS_NOT_AVAILABLE_IN_CURRENT_INPUT,UNPUBLISHED
BATCH-017,12,BOOK-3,P9,324,KN-B2-P9-038,文明级协调如何形成,MANUSCRIPT_CORPUS_NOT_AVAILABLE_IN_CURRENT_INPUT,UNPUBLISHED
BATCH-017,13,BOOK-3,P9,325,KN-B2-P9-039,治理如何迁移,MANUSCRIPT_CORPUS_NOT_AVAILABLE_IN_CURRENT_INPUT,UNPUBLISHED
BATCH-017,14,BOOK-3,P8,701,KN-B3-P8-048,维持边界,MANUSCRIPT_CORPUS_NOT_AVAILABLE_IN_CURRENT_INPUT,UNPUBLISHED
BATCH-017,15,BOOK-3,P8,702,KN-B3-P8-049,阈值穿越,MANUSCRIPT_CORPUS_NOT_AVAILABLE_IN_CURRENT_INPUT,UNPUBLISHED
BATCH-017,16,BOOK-3,P8,703,KN-B3-P8-050,崩溃前窗口,MANUSCRIPT_CORPUS_NOT_AVAILABLE_IN_CURRENT_INPUT,UNPUBLISHED
BATCH-017,17,BOOK-3,P8,704,KN-B3-P8-051,维护学习,MANUSCRIPT_CORPUS_NOT_AVAILABLE_IN_CURRENT_INPUT,UNPUBLISHED
BATCH-017,18,BOOK-3,P8,705,KN-B3-P8-052,组织恢复,MANUSCRIPT_CORPUS_NOT_AVAILABLE_IN_CURRENT_INPUT,UNPUBLISHED
BATCH-017,19,BOOK-3,P8,706,KN-B3-P8-053,协调阈值,MANUSCRIPT_CORPUS_NOT_AVAILABLE_IN_CURRENT_INPUT,UNPUBLISHED
BATCH-017,20,BOOK-3,P9,707,KN-B3-P9-040,Coordination Pressure,MANUSCRIPT_CORPUS_NOT_AVAILABLE_IN_CURRENT_INPUT,UNPUBLISHED
BATCH-017,21,BOOK-3,P9,708,KN-B3-P9-041,Shared Constraints,MANUSCRIPT_CORPUS_NOT_AVAILABLE_IN_CURRENT_INPUT,UNPUBLISHED
BATCH-017,22,BOOK-3,P9,709,KN-B3-P9-042,Shared Objectives,MANUSCRIPT_CORPUS_NOT_AVAILABLE_IN_CURRENT_INPUT,UNPUBLISHED
BATCH-017,23,BOOK-3,P9,710,KN-B3-P9-043,Shared Responsibilities,MANUSCRIPT_CORPUS_NOT_AVAILABLE_IN_CURRENT_INPUT,UNPUBLISHED
BATCH-017,24,BOOK-3,P9,711,KN-B3-P9-044,Coordination Legitimacy,MANUSCRIPT_CORPUS_NOT_AVAILABLE_IN_CURRENT_INPUT,UNPUBLISHED
BATCH-018,1,BOOK-3,P9,712,KN-B3-P9-045,Coordination Compliance,MANUSCRIPT_CORPUS_NOT_AVAILABLE_IN_CURRENT_INPUT,UNPUBLISHED
BATCH-018,2,BOOK-3,P9,713,KN-B3-P9-046,Cultural Coordination,MANUSCRIPT_CORPUS_NOT_AVAILABLE_IN_CURRENT_INPUT,UNPUBLISHED
BATCH-018,3,BOOK-3,P9,714,KN-B3-P9-047,协调学习,MANUSCRIPT_CORPUS_NOT_AVAILABLE_IN_CURRENT_INPUT,UNPUBLISHED
BATCH-018,4,BOOK-3,P9,715,KN-B3-P9-048,协调连续,MANUSCRIPT_CORPUS_NOT_AVAILABLE_IN_CURRENT_INPUT,UNPUBLISHED
BATCH-018,5,BOOK-3,P9,716,KN-B3-P9-049,共同维持,MANUSCRIPT_CORPUS_NOT_AVAILABLE_IN_CURRENT_INPUT,UNPUBLISHED
BATCH-018,6,BOOK-3,P9,717,KN-B3-P9-050,连续性形成,MANUSCRIPT_CORPUS_NOT_AVAILABLE_IN_CURRENT_INPUT,UNPUBLISHED
BATCH-018,7,BOOK-3,P9,718,KN-B3-P9-051,扩展准备,MANUSCRIPT_CORPUS_NOT_AVAILABLE_IN_CURRENT_INPUT,UNPUBLISHED
BATCH-018,8,BOOK-3,P9,719,KN-B3-P9-052,扩展阈值,MANUSCRIPT_CORPUS_NOT_AVAILABLE_IN_CURRENT_INPUT,UNPUBLISHED
BATCH-019,1,BOOK-4,P11,235,KN-B2-P7-052,AI 文明雏形如何出现,MANUSCRIPT_CORPUS_NOT_AVAILABLE_IN_CURRENT_INPUT,UNPUBLISHED
BATCH-019,2,BOOK-4,P10,240,KN-B2-P7-057,文明如何进入下一阶段,MANUSCRIPT_CORPUS_NOT_AVAILABLE_IN_CURRENT_INPUT,UNPUBLISHED
BATCH-019,3,BOOK-4,P10,326,KN-B3-P10-001,Runtime 本质为何持续扩展,MANUSCRIPT_CORPUS_NOT_AVAILABLE_IN_CURRENT_INPUT,UNPUBLISHED
BATCH-019,4,BOOK-4,P10,327,KN-B3-P10-002,Reality 为什么持续形成新的承载体,MANUSCRIPT_CORPUS_NOT_AVAILABLE_IN_CURRENT_INPUT,UNPUBLISHED
BATCH-019,5,BOOK-4,P10,328,KN-B3-P10-003,为什么不同 Runtime 使用不同初始化方式,MANUSCRIPT_CORPUS_NOT_AVAILABLE_IN_CURRENT_INPUT,UNPUBLISHED
BATCH-019,6,BOOK-4,P10,329,KN-B3-P10-004,为什么 Runtime 会更换承载体,MANUSCRIPT_CORPUS_NOT_AVAILABLE_IN_CURRENT_INPUT,UNPUBLISHED
BATCH-019,7,BOOK-4,P10,330,KN-B3-P10-005,为什么旧承载体最终失效,MANUSCRIPT_CORPUS_NOT_AVAILABLE_IN_CURRENT_INPUT,UNPUBLISHED
BATCH-019,8,BOOK-4,P10,331,KN-B3-P10-006,什么推动 Runtime 改变,MANUSCRIPT_CORPUS_NOT_AVAILABLE_IN_CURRENT_INPUT,UNPUBLISHED
BATCH-019,9,BOOK-4,P10,332,KN-B3-P10-007,复杂度如何推动扩展,MANUSCRIPT_CORPUS_NOT_AVAILABLE_IN_CURRENT_INPUT,UNPUBLISHED
BATCH-019,10,BOOK-4,P10,333,KN-B3-P10-008,稳定性如何影响扩展方向,MANUSCRIPT_CORPUS_NOT_AVAILABLE_IN_CURRENT_INPUT,UNPUBLISHED
BATCH-019,11,BOOK-4,P10,334,KN-B3-P10-009,资源如何推动扩展,MANUSCRIPT_CORPUS_NOT_AVAILABLE_IN_CURRENT_INPUT,UNPUBLISHED
BATCH-019,12,BOOK-4,P10,335,KN-B3-P10-010,意义如何推动扩展,MANUSCRIPT_CORPUS_NOT_AVAILABLE_IN_CURRENT_INPUT,UNPUBLISHED
BATCH-019,13,BOOK-4,P10,336,KN-B3-P10-011,信息如何推动扩展,MANUSCRIPT_CORPUS_NOT_AVAILABLE_IN_CURRENT_INPUT,UNPUBLISHED
BATCH-019,14,BOOK-4,P10,337,KN-B3-P10-012,Runtime 如何开始偏移,MANUSCRIPT_CORPUS_NOT_AVAILABLE_IN_CURRENT_INPUT,UNPUBLISHED
BATCH-019,15,BOOK-4,P10,338,KN-B3-P10-013,Runtime 何时进入扩展临界点,MANUSCRIPT_CORPUS_NOT_AVAILABLE_IN_CURRENT_INPUT,UNPUBLISHED
BATCH-019,16,BOOK-4,P10,339,KN-B3-P10-014,Runtime 扩展如何被触发,MANUSCRIPT_CORPUS_NOT_AVAILABLE_IN_CURRENT_INPUT,UNPUBLISHED
BATCH-019,17,BOOK-4,P10,340,KN-B3-P10-015,新的 Runtime 如何出现,MANUSCRIPT_CORPUS_NOT_AVAILABLE_IN_CURRENT_INPUT,UNPUBLISHED
BATCH-019,18,BOOK-4,P10,341,KN-B3-P10-016,Runtime 如何获得稳定,MANUSCRIPT_CORPUS_NOT_AVAILABLE_IN_CURRENT_INPUT,UNPUBLISHED
BATCH-019,19,BOOK-4,P10,342,KN-B3-P10-017,Runtime 如何扩张,MANUSCRIPT_CORPUS_NOT_AVAILABLE_IN_CURRENT_INPUT,UNPUBLISHED
BATCH-019,20,BOOK-4,P10,343,KN-B3-P10-018,Runtime 如何达到饱和,MANUSCRIPT_CORPUS_NOT_AVAILABLE_IN_CURRENT_INPUT,UNPUBLISHED
BATCH-019,21,BOOK-4,P10,344,KN-B3-P10-019,Runtime 如何发生碎裂,MANUSCRIPT_CORPUS_NOT_AVAILABLE_IN_CURRENT_INPUT,UNPUBLISHED
BATCH-019,22,BOOK-4,P10,345,KN-B3-P10-020,Runtime 如何崩塌,MANUSCRIPT_CORPUS_NOT_AVAILABLE_IN_CURRENT_INPUT,UNPUBLISHED
BATCH-019,23,BOOK-4,P10,346,KN-B3-P10-022,Runtime 如何重组,MANUSCRIPT_CORPUS_NOT_AVAILABLE_IN_CURRENT_INPUT,UNPUBLISHED
BATCH-019,24,BOOK-4,P10,347,KN-B3-P10-023,继任 Runtime 如何出现,MANUSCRIPT_CORPUS_NOT_AVAILABLE_IN_CURRENT_INPUT,UNPUBLISHED
BATCH-020,1,BOOK-4,P10,348,KN-B3-P10-024,个体如何成为扩展节点,MANUSCRIPT_CORPUS_NOT_AVAILABLE_IN_CURRENT_INPUT,UNPUBLISHED
BATCH-020,2,BOOK-4,P10,349,KN-B3-P10-025,架构者如何成为扩展节点,MANUSCRIPT_CORPUS_NOT_AVAILABLE_IN_CURRENT_INPUT,UNPUBLISHED
BATCH-020,3,BOOK-4,P10,350,KN-B3-P10-026,制度如何成为扩展节点,MANUSCRIPT_CORPUS_NOT_AVAILABLE_IN_CURRENT_INPUT,UNPUBLISHED
BATCH-020,4,BOOK-4,P10,351,KN-B3-P10-027,资本如何成为扩展节点,MANUSCRIPT_CORPUS_NOT_AVAILABLE_IN_CURRENT_INPUT,UNPUBLISHED
BATCH-020,5,BOOK-4,P10,352,KN-B3-P10-028,知识如何成为扩展节点,MANUSCRIPT_CORPUS_NOT_AVAILABLE_IN_CURRENT_INPUT,UNPUBLISHED
BATCH-020,6,BOOK-4,P10,353,KN-B3-P10-029,技术如何成为扩展节点,MANUSCRIPT_CORPUS_NOT_AVAILABLE_IN_CURRENT_INPUT,UNPUBLISHED
BATCH-020,7,BOOK-4,P10,354,KN-B3-P10-030,媒体如何成为扩展节点,MANUSCRIPT_CORPUS_NOT_AVAILABLE_IN_CURRENT_INPUT,UNPUBLISHED
BATCH-020,8,BOOK-4,P10,355,KN-B3-P10-031,娱乐如何成为扩展节点,MANUSCRIPT_CORPUS_NOT_AVAILABLE_IN_CURRENT_INPUT,UNPUBLISHED
BATCH-020,9,BOOK-4,P10,356,KN-B3-P10-032,人工智能如何成为扩展节点,MANUSCRIPT_CORPUS_NOT_AVAILABLE_IN_CURRENT_INPUT,UNPUBLISHED
BATCH-020,10,BOOK-4,P10,357,KN-B3-P10-033,压缩节点如何推动扩展,MANUSCRIPT_CORPUS_NOT_AVAILABLE_IN_CURRENT_INPUT,UNPUBLISHED
BATCH-020,11,BOOK-4,P10,358,KN-B3-P10-034,扩展节点如何迁移,MANUSCRIPT_CORPUS_NOT_AVAILABLE_IN_CURRENT_INPUT,UNPUBLISHED
BATCH-020,12,BOOK-4,P10,359,KN-B3-P10-035,Runtime 如何发生复杂度过载,MANUSCRIPT_CORPUS_NOT_AVAILABLE_IN_CURRENT_INPUT,UNPUBLISHED
BATCH-020,13,BOOK-4,P10,360,KN-B3-P10-036,Runtime 结构为何僵化,MANUSCRIPT_CORPUS_NOT_AVAILABLE_IN_CURRENT_INPUT,UNPUBLISHED
BATCH-020,14,BOOK-4,P10,361,KN-B3-P10-037,集体为何发生失配,MANUSCRIPT_CORPUS_NOT_AVAILABLE_IN_CURRENT_INPUT,UNPUBLISHED
BATCH-020,15,BOOK-4,P10,362,KN-B3-P10-038,Runtime 为何依赖成长,MANUSCRIPT_CORPUS_NOT_AVAILABLE_IN_CURRENT_INPUT,UNPUBLISHED
BATCH-020,16,BOOK-4,P10,363,KN-B3-P10-039,Runtime 为何抗拒扩展,MANUSCRIPT_CORPUS_NOT_AVAILABLE_IN_CURRENT_INPUT,UNPUBLISHED
BATCH-020,17,BOOK-4,P10,364,KN-B3-P10-040,扩展协调为何失败,MANUSCRIPT_CORPUS_NOT_AVAILABLE_IN_CURRENT_INPUT,UNPUBLISHED
BATCH-020,18,BOOK-4,P10,365,KN-B3-P10-041,运行如何达到整体饱和,MANUSCRIPT_CORPUS_NOT_AVAILABLE_IN_CURRENT_INPUT,UNPUBLISHED
BATCH-020,19,BOOK-4,P10,366,KN-B3-P10-042,Runtime 适应能力如何形成,MANUSCRIPT_CORPUS_NOT_AVAILABLE_IN_CURRENT_INPUT,UNPUBLISHED
BATCH-020,20,BOOK-4,P10,367,KN-B3-P10-043,扩展如何产生结构成本,MANUSCRIPT_CORPUS_NOT_AVAILABLE_IN_CURRENT_INPUT,UNPUBLISHED
BATCH-020,21,BOOK-4,P10,368,KN-B3-P10-044,扩展如何形成运行债务,MANUSCRIPT_CORPUS_NOT_AVAILABLE_IN_CURRENT_INPUT,UNPUBLISHED
BATCH-020,22,BOOK-4,P10,369,KN-B3-P10-045,扩展成本如何被递延,MANUSCRIPT_CORPUS_NOT_AVAILABLE_IN_CURRENT_INPUT,UNPUBLISHED
BATCH-020,23,BOOK-4,P10,370,KN-B3-P10-046,扩展如何压缩资源,MANUSCRIPT_CORPUS_NOT_AVAILABLE_IN_CURRENT_INPUT,UNPUBLISHED
BATCH-020,24,BOOK-4,P10,371,KN-B3-P10-047,扩展成本如何代际转移,MANUSCRIPT_CORPUS_NOT_AVAILABLE_IN_CURRENT_INPUT,UNPUBLISHED
BATCH-021,1,BOOK-4,P10,372,KN-B3-P10-048,扩展成本如何膨胀,MANUSCRIPT_CORPUS_NOT_AVAILABLE_IN_CURRENT_INPUT,UNPUBLISHED
BATCH-021,2,BOOK-4,P10,373,KN-B3-P10-049,隐藏补贴如何维持扩展,MANUSCRIPT_CORPUS_NOT_AVAILABLE_IN_CURRENT_INPUT,UNPUBLISHED
BATCH-021,3,BOOK-4,P10,374,KN-B3-P10-050,扩展如何提前提取未来,MANUSCRIPT_CORPUS_NOT_AVAILABLE_IN_CURRENT_INPUT,UNPUBLISHED
BATCH-021,4,BOOK-4,P10,375,KN-B3-P10-051,生物连续性如何维持,MANUSCRIPT_CORPUS_NOT_AVAILABLE_IN_CURRENT_INPUT,UNPUBLISHED
BATCH-021,5,BOOK-4,P10,376,KN-B3-P10-052,Runtime 如何维持连续性,MANUSCRIPT_CORPUS_NOT_AVAILABLE_IN_CURRENT_INPUT,UNPUBLISHED
BATCH-021,6,BOOK-4,P10,377,KN-B3-P10-053,为什么繁衍不等于连续性,MANUSCRIPT_CORPUS_NOT_AVAILABLE_IN_CURRENT_INPUT,UNPUBLISHED
BATCH-021,7,BOOK-4,P10,378,KN-B3-P10-054,未来信心如何形成,MANUSCRIPT_CORPUS_NOT_AVAILABLE_IN_CURRENT_INPUT,UNPUBLISHED
BATCH-021,8,BOOK-4,P10,379,KN-B3-P10-055,Runtime 如何选择未来,MANUSCRIPT_CORPUS_NOT_AVAILABLE_IN_CURRENT_INPUT,UNPUBLISHED
BATCH-021,9,BOOK-4,P10,380,KN-B3-P10-056,低生育率系统如何形成,MANUSCRIPT_CORPUS_NOT_AVAILABLE_IN_CURRENT_INPUT,UNPUBLISHED
BATCH-021,10,BOOK-4,P10,381,KN-B3-P10-057,人口如何被压缩,MANUSCRIPT_CORPUS_NOT_AVAILABLE_IN_CURRENT_INPUT,UNPUBLISHED
BATCH-021,11,BOOK-4,P10,382,KN-B3-P10-058,替代为何失败,MANUSCRIPT_CORPUS_NOT_AVAILABLE_IN_CURRENT_INPUT,UNPUBLISHED
BATCH-021,12,BOOK-4,P10,383,KN-B3-P10-059,Runtime 如何停止生产未来,MANUSCRIPT_CORPUS_NOT_AVAILABLE_IN_CURRENT_INPUT,UNPUBLISHED
BATCH-021,13,BOOK-4,P10,384,KN-B3-P10-060,连续性如何崩塌,MANUSCRIPT_CORPUS_NOT_AVAILABLE_IN_CURRENT_INPUT,UNPUBLISHED
BATCH-021,14,BOOK-4,P10,385,KN-B3-P10-061,Runtime 如何无症状失败,MANUSCRIPT_CORPUS_NOT_AVAILABLE_IN_CURRENT_INPUT,UNPUBLISHED
BATCH-021,15,BOOK-4,P10,386,KN-B3-P10-062,隐性崩塌如何发生,MANUSCRIPT_CORPUS_NOT_AVAILABLE_IN_CURRENT_INPUT,UNPUBLISHED
BATCH-021,16,BOOK-4,P10,387,KN-B3-P10-063,成长如何掩盖崩塌,MANUSCRIPT_CORPUS_NOT_AVAILABLE_IN_CURRENT_INPUT,UNPUBLISHED
BATCH-021,17,BOOK-4,P10,388,KN-B3-P10-064,技术如何成为压缩器,MANUSCRIPT_CORPUS_NOT_AVAILABLE_IN_CURRENT_INPUT,UNPUBLISHED
BATCH-021,18,BOOK-4,P10,389,KN-B3-P10-065,人工协调如何降低扩展成本,MANUSCRIPT_CORPUS_NOT_AVAILABLE_IN_CURRENT_INPUT,UNPUBLISHED
BATCH-021,19,BOOK-4,P10,390,KN-B3-P10-066,信息如何被锁定,MANUSCRIPT_CORPUS_NOT_AVAILABLE_IN_CURRENT_INPUT,UNPUBLISHED
BATCH-021,20,BOOK-4,P10,391,KN-B3-P10-067,人工智能 Runtime 如何形成,MANUSCRIPT_CORPUS_NOT_AVAILABLE_IN_CURRENT_INPUT,UNPUBLISHED
BATCH-021,21,BOOK-4,P10,392,KN-B3-P10-068,人工治理如何形成,MANUSCRIPT_CORPUS_NOT_AVAILABLE_IN_CURRENT_INPUT,UNPUBLISHED
BATCH-021,22,BOOK-4,P10,393,KN-B3-P10-069,人机如何协调,MANUSCRIPT_CORPUS_NOT_AVAILABLE_IN_CURRENT_INPUT,UNPUBLISHED
BATCH-021,23,BOOK-4,P10,394,KN-B3-P10-070,Runtime 接口如何迁移,MANUSCRIPT_CORPUS_NOT_AVAILABLE_IN_CURRENT_INPUT,UNPUBLISHED
BATCH-021,24,BOOK-4,P10,395,KN-B3-P10-071,后人类承载体如何出现,MANUSCRIPT_CORPUS_NOT_AVAILABLE_IN_CURRENT_INPUT,UNPUBLISHED
BATCH-022,1,BOOK-4,P10,396,KN-B3-P10-072,继任 Runtime 如何形成,MANUSCRIPT_CORPUS_NOT_AVAILABLE_IN_CURRENT_INPUT,UNPUBLISHED
BATCH-022,2,BOOK-4,P10,397,KN-B3-P10-074,混合 Runtime 如何形成,MANUSCRIPT_CORPUS_NOT_AVAILABLE_IN_CURRENT_INPUT,UNPUBLISHED
BATCH-022,3,BOOK-4,P10,398,KN-B3-P10-075,Runtime 如何选择迁移路径,MANUSCRIPT_CORPUS_NOT_AVAILABLE_IN_CURRENT_INPUT,UNPUBLISHED
BATCH-022,4,BOOK-4,P10,399,KN-B3-P10-077,世界将如何不断扩展,MANUSCRIPT_CORPUS_NOT_AVAILABLE_IN_CURRENT_INPUT,UNPUBLISHED
BATCH-022,5,BOOK-4,P11,400,KN-B3-P11-001,文明如何出现,MANUSCRIPT_CORPUS_NOT_AVAILABLE_IN_CURRENT_INPUT,UNPUBLISHED
BATCH-022,6,BOOK-4,P11,401,KN-B3-P11-002,共同 Runtime 为什么能够持续扩大,MANUSCRIPT_CORPUS_NOT_AVAILABLE_IN_CURRENT_INPUT,UNPUBLISHED
BATCH-022,7,BOOK-4,P11,402,KN-B3-P11-003,为什么文明需要共同记忆,MANUSCRIPT_CORPUS_NOT_AVAILABLE_IN_CURRENT_INPUT,UNPUBLISHED
BATCH-022,8,BOOK-4,P11,403,KN-B3-P11-004,为什么文明需要共同意义,MANUSCRIPT_CORPUS_NOT_AVAILABLE_IN_CURRENT_INPUT,UNPUBLISHED
BATCH-022,9,BOOK-4,P11,404,KN-B3-P11-005,为什么文明需要共同语言,MANUSCRIPT_CORPUS_NOT_AVAILABLE_IN_CURRENT_INPUT,UNPUBLISHED
BATCH-022,10,BOOK-4,P11,405,KN-B3-P11-007,为什么文明需要统一时间,MANUSCRIPT_CORPUS_NOT_AVAILABLE_IN_CURRENT_INPUT,UNPUBLISHED
BATCH-022,11,BOOK-4,P11,406,KN-B3-P11-008,为什么文明需要共同空间,MANUSCRIPT_CORPUS_NOT_AVAILABLE_IN_CURRENT_INPUT,UNPUBLISHED
BATCH-022,12,BOOK-4,P11,407,KN-B3-P11-009,文明边界如何形成,MANUSCRIPT_CORPUS_NOT_AVAILABLE_IN_CURRENT_INPUT,UNPUBLISHED
BATCH-022,13,BOOK-4,P11,408,KN-B3-P11-010,文明为何不断扩大,MANUSCRIPT_CORPUS_NOT_AVAILABLE_IN_CURRENT_INPUT,UNPUBLISHED
BATCH-022,14,BOOK-4,P11,409,KN-B3-P11-011,制度如何组织文明,MANUSCRIPT_CORPUS_NOT_AVAILABLE_IN_CURRENT_INPUT,UNPUBLISHED
BATCH-022,15,BOOK-4,P11,410,KN-B3-P11-012,治理如何组织文明,MANUSCRIPT_CORPUS_NOT_AVAILABLE_IN_CURRENT_INPUT,UNPUBLISHED
BATCH-022,16,BOOK-4,P11,411,KN-B3-P11-013,法律如何组织文明,MANUSCRIPT_CORPUS_NOT_AVAILABLE_IN_CURRENT_INPUT,UNPUBLISHED
BATCH-022,17,BOOK-4,P11,412,KN-B3-P11-014,经济如何组织文明,MANUSCRIPT_CORPUS_NOT_AVAILABLE_IN_CURRENT_INPUT,UNPUBLISHED
BATCH-022,18,BOOK-4,P11,413,KN-B3-P11-015,市场如何组织文明,MANUSCRIPT_CORPUS_NOT_AVAILABLE_IN_CURRENT_INPUT,UNPUBLISHED
BATCH-022,19,BOOK-4,P11,414,KN-B3-P11-016,教育如何组织文明,MANUSCRIPT_CORPUS_NOT_AVAILABLE_IN_CURRENT_INPUT,UNPUBLISHED
BATCH-022,20,BOOK-4,P11,415,KN-B3-P11-017,宗教如何组织文明,MANUSCRIPT_CORPUS_NOT_AVAILABLE_IN_CURRENT_INPUT,UNPUBLISHED
BATCH-022,21,BOOK-4,P11,416,KN-B3-P11-018,科学如何组织文明,MANUSCRIPT_CORPUS_NOT_AVAILABLE_IN_CURRENT_INPUT,UNPUBLISHED
BATCH-022,22,BOOK-4,P11,417,KN-B3-P11-019,技术如何组织文明,MANUSCRIPT_CORPUS_NOT_AVAILABLE_IN_CURRENT_INPUT,UNPUBLISHED
BATCH-022,23,BOOK-4,P11,418,KN-B3-P11-020,基础设施如何承载文明,MANUSCRIPT_CORPUS_NOT_AVAILABLE_IN_CURRENT_INPUT,UNPUBLISHED
BATCH-022,24,BOOK-4,P11,419,KN-B3-P11-021,组织层级如何形成,MANUSCRIPT_CORPUS_NOT_AVAILABLE_IN_CURRENT_INPUT,UNPUBLISHED
BATCH-023,1,BOOK-4,P11,420,KN-B3-P11-022,文明如何协调,MANUSCRIPT_CORPUS_NOT_AVAILABLE_IN_CURRENT_INPUT,UNPUBLISHED
BATCH-023,2,BOOK-4,P11,421,KN-B3-P11-023,文明如何形成信任,MANUSCRIPT_CORPUS_NOT_AVAILABLE_IN_CURRENT_INPUT,UNPUBLISHED
BATCH-023,3,BOOK-4,P11,422,KN-B3-P11-024,文明如何形成信誉,MANUSCRIPT_CORPUS_NOT_AVAILABLE_IN_CURRENT_INPUT,UNPUBLISHED
BATCH-023,4,BOOK-4,P11,423,KN-B3-P11-025,文明如何形成权威,MANUSCRIPT_CORPUS_NOT_AVAILABLE_IN_CURRENT_INPUT,UNPUBLISHED
BATCH-023,5,BOOK-4,P11,424,KN-B3-P11-027,文明如何分配责任,MANUSCRIPT_CORPUS_NOT_AVAILABLE_IN_CURRENT_INPUT,UNPUBLISHED
BATCH-023,6,BOOK-4,P11,425,KN-B3-P11-028,文明如何组织参与,MANUSCRIPT_CORPUS_NOT_AVAILABLE_IN_CURRENT_INPUT,UNPUBLISHED
BATCH-023,7,BOOK-4,P11,426,KN-B3-P11-029,文明如何组织合作,MANUSCRIPT_CORPUS_NOT_AVAILABLE_IN_CURRENT_INPUT,UNPUBLISHED
BATCH-023,8,BOOK-4,P11,427,KN-B3-P11-030,文明如何组织竞争,MANUSCRIPT_CORPUS_NOT_AVAILABLE_IN_CURRENT_INPUT,UNPUBLISHED
BATCH-023,9,BOOK-4,P11,428,KN-B3-P11-031,文明如何维持运行平衡,MANUSCRIPT_CORPUS_NOT_AVAILABLE_IN_CURRENT_INPUT,UNPUBLISHED
BATCH-023,10,BOOK-4,P11,429,KN-B3-P11-032,文明如何创新,MANUSCRIPT_CORPUS_NOT_AVAILABLE_IN_CURRENT_INPUT,UNPUBLISHED
BATCH-023,11,BOOK-4,P11,430,KN-B3-P11-033,知识如何累积,MANUSCRIPT_CORPUS_NOT_AVAILABLE_IN_CURRENT_INPUT,UNPUBLISHED
BATCH-023,12,BOOK-4,P11,431,KN-B3-P11-034,技术如何扩散,MANUSCRIPT_CORPUS_NOT_AVAILABLE_IN_CURRENT_INPUT,UNPUBLISHED
BATCH-023,13,BOOK-4,P11,432,KN-B3-P11-035,制度如何学习,MANUSCRIPT_CORPUS_NOT_AVAILABLE_IN_CURRENT_INPUT,UNPUBLISHED
BATCH-023,14,BOOK-4,P11,433,KN-B3-P11-036,文化如何适应,MANUSCRIPT_CORPUS_NOT_AVAILABLE_IN_CURRENT_INPUT,UNPUBLISHED
BATCH-023,15,BOOK-4,P11,434,KN-B3-P11-037,文明如何优化运行,MANUSCRIPT_CORPUS_NOT_AVAILABLE_IN_CURRENT_INPUT,UNPUBLISHED
BATCH-023,16,BOOK-4,P11,435,KN-B3-P11-038,文明复杂度如何成长,MANUSCRIPT_CORPUS_NOT_AVAILABLE_IN_CURRENT_INPUT,UNPUBLISHED
BATCH-023,17,BOOK-4,P11,436,KN-B3-P11-039,文明扩展能力如何形成,MANUSCRIPT_CORPUS_NOT_AVAILABLE_IN_CURRENT_INPUT,UNPUBLISHED
BATCH-023,18,BOOK-4,P11,437,KN-B3-P11-040,文明如何经历演化选择,MANUSCRIPT_CORPUS_NOT_AVAILABLE_IN_CURRENT_INPUT,UNPUBLISHED
BATCH-023,19,BOOK-4,P11,438,KN-B3-P11-041,制度如何失效,MANUSCRIPT_CORPUS_NOT_AVAILABLE_IN_CURRENT_INPUT,UNPUBLISHED
BATCH-023,20,BOOK-4,P11,439,KN-B3-P11-042,治理如何失效,MANUSCRIPT_CORPUS_NOT_AVAILABLE_IN_CURRENT_INPUT,UNPUBLISHED
BATCH-023,21,BOOK-4,P11,440,KN-B3-P11-043,信任如何崩塌,MANUSCRIPT_CORPUS_NOT_AVAILABLE_IN_CURRENT_INPUT,UNPUBLISHED
BATCH-023,22,BOOK-4,P11,441,KN-B3-P11-044,意义如何碎裂,MANUSCRIPT_CORPUS_NOT_AVAILABLE_IN_CURRENT_INPUT,UNPUBLISHED
BATCH-023,23,BOOK-4,P11,442,KN-B3-P11-045,身份冲突如何形成,MANUSCRIPT_CORPUS_NOT_AVAILABLE_IN_CURRENT_INPUT,UNPUBLISHED
BATCH-023,24,BOOK-4,P11,443,KN-B3-P11-046,协调如何崩塌,MANUSCRIPT_CORPUS_NOT_AVAILABLE_IN_CURRENT_INPUT,UNPUBLISHED
BATCH-024,1,BOOK-4,P11,444,KN-B3-P11-047,组织为何僵化,MANUSCRIPT_CORPUS_NOT_AVAILABLE_IN_CURRENT_INPUT,UNPUBLISHED
BATCH-024,2,BOOK-4,P11,445,KN-B3-P11-048,文明适应为何失败,MANUSCRIPT_CORPUS_NOT_AVAILABLE_IN_CURRENT_INPUT,UNPUBLISHED
BATCH-024,3,BOOK-4,P11,446,KN-B3-P11-049,文明如何碎裂,MANUSCRIPT_CORPUS_NOT_AVAILABLE_IN_CURRENT_INPUT,UNPUBLISHED
BATCH-024,4,BOOK-4,P11,447,KN-B3-P11-050,AI 组织如何形成,MANUSCRIPT_CORPUS_NOT_AVAILABLE_IN_CURRENT_INPUT,UNPUBLISHED
BATCH-024,5,BOOK-4,P11,448,KN-B3-P11-051,人工制度如何形成,MANUSCRIPT_CORPUS_NOT_AVAILABLE_IN_CURRENT_INPUT,UNPUBLISHED
BATCH-024,6,BOOK-4,P11,449,KN-B3-P11-052,机器治理如何形成,MANUSCRIPT_CORPUS_NOT_AVAILABLE_IN_CURRENT_INPUT,UNPUBLISHED
BATCH-024,7,BOOK-4,P11,450,KN-B3-P11-053,人机如何协作,MANUSCRIPT_CORPUS_NOT_AVAILABLE_IN_CURRENT_INPUT,UNPUBLISHED
BATCH-024,8,BOOK-4,P11,451,KN-B3-P11-054,自主协调如何形成,MANUSCRIPT_CORPUS_NOT_AVAILABLE_IN_CURRENT_INPUT,UNPUBLISHED
BATCH-024,9,BOOK-4,P11,452,KN-B3-P11-055,人工文化如何形成,MANUSCRIPT_CORPUS_NOT_AVAILABLE_IN_CURRENT_INPUT,UNPUBLISHED
BATCH-024,10,BOOK-4,P11,453,KN-B3-P11-056,集体智能如何形成,MANUSCRIPT_CORPUS_NOT_AVAILABLE_IN_CURRENT_INPUT,UNPUBLISHED
BATCH-024,11,BOOK-4,P11,454,KN-B3-P11-057,超越人类的文明如何形成,MANUSCRIPT_CORPUS_NOT_AVAILABLE_IN_CURRENT_INPUT,UNPUBLISHED
BATCH-024,12,BOOK-4,P11,455,KN-B3-P11-058,文明稳定性如何形成,MANUSCRIPT_CORPUS_NOT_AVAILABLE_IN_CURRENT_INPUT,UNPUBLISHED
BATCH-024,13,BOOK-4,P11,456,KN-B3-P11-059,文明韧性如何形成,MANUSCRIPT_CORPUS_NOT_AVAILABLE_IN_CURRENT_INPUT,UNPUBLISHED
BATCH-024,14,BOOK-4,P11,457,KN-B3-P11-060,文明可持续性如何形成,MANUSCRIPT_CORPUS_NOT_AVAILABLE_IN_CURRENT_INPUT,UNPUBLISHED
BATCH-024,15,BOOK-4,P12,458,KN-B3-P12-001,美国文明当前如何运行,MANUSCRIPT_CORPUS_NOT_AVAILABLE_IN_CURRENT_INPUT,UNPUBLISHED
BATCH-024,16,BOOK-4,P12,459,KN-B3-P12-002,中国文明当前如何运行,MANUSCRIPT_CORPUS_NOT_AVAILABLE_IN_CURRENT_INPUT,UNPUBLISHED
BATCH-024,17,BOOK-4,P12,460,KN-B3-P12-003,印度文明当前如何运行,MANUSCRIPT_CORPUS_NOT_AVAILABLE_IN_CURRENT_INPUT,UNPUBLISHED
BATCH-024,18,BOOK-4,P12,461,KN-B3-P12-004,日本文明当前如何运行,MANUSCRIPT_CORPUS_NOT_AVAILABLE_IN_CURRENT_INPUT,UNPUBLISHED
BATCH-024,19,BOOK-4,P12,462,KN-B3-P12-005,韩国文明当前如何运行,MANUSCRIPT_CORPUS_NOT_AVAILABLE_IN_CURRENT_INPUT,UNPUBLISHED
BATCH-024,20,BOOK-4,P12,463,KN-B3-P12-006,东南亚文明当前如何运行,MANUSCRIPT_CORPUS_NOT_AVAILABLE_IN_CURRENT_INPUT,UNPUBLISHED
BATCH-024,21,BOOK-4,P12,464,KN-B3-P12-007,欧洲文明当前如何运行,MANUSCRIPT_CORPUS_NOT_AVAILABLE_IN_CURRENT_INPUT,UNPUBLISHED
BATCH-024,22,BOOK-4,P12,465,KN-B3-P12-008,中东文明当前如何运行,MANUSCRIPT_CORPUS_NOT_AVAILABLE_IN_CURRENT_INPUT,UNPUBLISHED
BATCH-024,23,BOOK-4,P12,466,KN-B3-P12-009,非洲文明当前如何运行,MANUSCRIPT_CORPUS_NOT_AVAILABLE_IN_CURRENT_INPUT,UNPUBLISHED
BATCH-024,24,BOOK-4,P12,467,KN-B3-P12-010,拉丁美洲文明当前如何运行,MANUSCRIPT_CORPUS_NOT_AVAILABLE_IN_CURRENT_INPUT,UNPUBLISHED
BATCH-025,1,BOOK-4,P12,468,KN-B3-P12-011,俄罗斯文明当前如何运行,MANUSCRIPT_CORPUS_NOT_AVAILABLE_IN_CURRENT_INPUT,UNPUBLISHED
BATCH-025,2,BOOK-4,P12,469,KN-B3-P12-012,朝鲜文明当前如何运行,MANUSCRIPT_CORPUS_NOT_AVAILABLE_IN_CURRENT_INPUT,UNPUBLISHED
BATCH-025,3,BOOK-4,P12,470,KN-B3-P12-013,新兴文明生态如何运行,MANUSCRIPT_CORPUS_NOT_AVAILABLE_IN_CURRENT_INPUT,UNPUBLISHED
BATCH-025,4,BOOK-4,P12,471,KN-B3-P12-015,文明时间轴如何建立,MANUSCRIPT_CORPUS_NOT_AVAILABLE_IN_CURRENT_INPUT,UNPUBLISHED
BATCH-025,5,BOOK-4,P12,472,KN-B3-P12-016,文明运行矩阵如何建立,MANUSCRIPT_CORPUS_NOT_AVAILABLE_IN_CURRENT_INPUT,UNPUBLISHED
BATCH-025,6,BOOK-4,P12,473,KN-B3-P12-017,文明位置如何确定,MANUSCRIPT_CORPUS_NOT_AVAILABLE_IN_CURRENT_INPUT,UNPUBLISHED
BATCH-025,7,BOOK-4,P12,474,KN-B3-P12-018,文明密度如何读取,MANUSCRIPT_CORPUS_NOT_AVAILABLE_IN_CURRENT_INPUT,UNPUBLISHED
BATCH-025,8,BOOK-4,P12,475,KN-B3-P12-019,文明容量如何读取,MANUSCRIPT_CORPUS_NOT_AVAILABLE_IN_CURRENT_INPUT,UNPUBLISHED
BATCH-025,9,BOOK-4,P12,476,KN-B3-P12-020,文明负载如何读取,MANUSCRIPT_CORPUS_NOT_AVAILABLE_IN_CURRENT_INPUT,UNPUBLISHED
BATCH-025,10,BOOK-4,P12,477,KN-B3-P12-021,文明对齐如何读取,MANUSCRIPT_CORPUS_NOT_AVAILABLE_IN_CURRENT_INPUT,UNPUBLISHED
BATCH-025,11,BOOK-4,P12,478,KN-B3-P12-022,文明韧性如何读取,MANUSCRIPT_CORPUS_NOT_AVAILABLE_IN_CURRENT_INPUT,UNPUBLISHED
BATCH-025,12,BOOK-4,P12,479,KN-B3-P12-023,文明风险如何读取,MANUSCRIPT_CORPUS_NOT_AVAILABLE_IN_CURRENT_INPUT,UNPUBLISHED
BATCH-025,13,BOOK-4,P12,480,KN-B3-P12-024,历史运行如何被压缩,MANUSCRIPT_CORPUS_NOT_AVAILABLE_IN_CURRENT_INPUT,UNPUBLISHED
BATCH-025,14,BOOK-4,P12,481,KN-B3-P12-025,哪些条件允许文明出现,MANUSCRIPT_CORPUS_NOT_AVAILABLE_IN_CURRENT_INPUT,UNPUBLISHED
BATCH-025,15,BOOK-4,P12,482,KN-B3-P12-027,历史运行如何被解释,MANUSCRIPT_CORPUS_NOT_AVAILABLE_IN_CURRENT_INPUT,UNPUBLISHED
BATCH-025,16,BOOK-4,P12,483,KN-B3-P12-028,过去如何塑造现在,MANUSCRIPT_CORPUS_NOT_AVAILABLE_IN_CURRENT_INPUT,UNPUBLISHED
BATCH-025,17,BOOK-4,P12,484,KN-B3-P12-029,AI 如何进入历史进程,MANUSCRIPT_CORPUS_NOT_AVAILABLE_IN_CURRENT_INPUT,UNPUBLISHED
BATCH-025,18,BOOK-4,P12,485,KN-B3-P12-030,未来运行如何投影,MANUSCRIPT_CORPUS_NOT_AVAILABLE_IN_CURRENT_INPUT,UNPUBLISHED
BATCH-025,19,BOOK-4,P12,486,KN-B3-P12-031,AI 时代属于什么阶段,MANUSCRIPT_CORPUS_NOT_AVAILABLE_IN_CURRENT_INPUT,UNPUBLISHED
BATCH-025,20,BOOK-4,P12,487,KN-B3-P12-032,继任文明如何出现,MANUSCRIPT_CORPUS_NOT_AVAILABLE_IN_CURRENT_INPUT,UNPUBLISHED
BATCH-025,21,BOOK-4,P12,488,KN-B3-P12-033,人工文明如何出现,MANUSCRIPT_CORPUS_NOT_AVAILABLE_IN_CURRENT_INPUT,UNPUBLISHED
BATCH-025,22,BOOK-4,P12,489,KN-B3-P12-036,替代载体如何形成,MANUSCRIPT_CORPUS_NOT_AVAILABLE_IN_CURRENT_INPUT,UNPUBLISHED
BATCH-025,23,BOOK-4,P12,490,KN-B3-P12-037,非人类智能如何形成,MANUSCRIPT_CORPUS_NOT_AVAILABLE_IN_CURRENT_INPUT,UNPUBLISHED
BATCH-025,24,BOOK-4,P12,491,KN-B3-P12-038,集体智能如何形成,MANUSCRIPT_CORPUS_NOT_AVAILABLE_IN_CURRENT_INPUT,UNPUBLISHED
BATCH-026,1,BOOK-4,P12,492,KN-B3-P12-039,行星智能如何形成,MANUSCRIPT_CORPUS_NOT_AVAILABLE_IN_CURRENT_INPUT,UNPUBLISHED
BATCH-026,2,BOOK-4,P12,493,KN-B3-P12-040,人工文明如何持续运行,MANUSCRIPT_CORPUS_NOT_AVAILABLE_IN_CURRENT_INPUT,UNPUBLISHED
BATCH-026,3,BOOK-4,P12,494,KN-B3-P12-041,外星文明可能性如何被审查,MANUSCRIPT_CORPUS_NOT_AVAILABLE_IN_CURRENT_INPUT,UNPUBLISHED
BATCH-026,4,BOOK-4,P12,495,KN-B3-P12-042,文明最终需要什么载体,MANUSCRIPT_CORPUS_NOT_AVAILABLE_IN_CURRENT_INPUT,UNPUBLISHED
BATCH-026,5,BOOK-4,P12,496,KN-B3-P12-043,文明如何被诊断,MANUSCRIPT_CORPUS_NOT_AVAILABLE_IN_CURRENT_INPUT,UNPUBLISHED
BATCH-026,6,BOOK-4,P12,497,KN-B3-P12-044,文明如何被观测,MANUSCRIPT_CORPUS_NOT_AVAILABLE_IN_CURRENT_INPUT,UNPUBLISHED
BATCH-026,7,BOOK-4,P12,498,KN-B3-P12-045,PHI OS 如何阅读文明,MANUSCRIPT_CORPUS_NOT_AVAILABLE_IN_CURRENT_INPUT,UNPUBLISHED
BATCH-026,8,BOOK-4,P11,499,KN-B3-P11-061,文明如何转型,MANUSCRIPT_CORPUS_NOT_AVAILABLE_IN_CURRENT_INPUT,UNPUBLISHED
BATCH-026,9,BOOK-4,P11,500,KN-B3-P11-062,文明如何维持连续性,MANUSCRIPT_CORPUS_NOT_AVAILABLE_IN_CURRENT_INPUT,UNPUBLISHED
BATCH-026,10,BOOK-4,P11,501,KN-B3-P11-063,Runtime 如何组织成 Civilization,MANUSCRIPT_CORPUS_NOT_AVAILABLE_IN_CURRENT_INPUT,UNPUBLISHED
BATCH-026,11,BOOK-4,P11,502,KN-B3-P11-064,文明为何能够持续运行,MANUSCRIPT_CORPUS_NOT_AVAILABLE_IN_CURRENT_INPUT,UNPUBLISHED
BATCH-026,12,BOOK-4,P12,503,KN-B3-P12-046,Reality 为什么形成不同承载形态,MANUSCRIPT_CORPUS_NOT_AVAILABLE_IN_CURRENT_INPUT,UNPUBLISHED
BATCH-026,13,BOOK-4,P10,720,KN-B4-P10-078,尺度边界,MANUSCRIPT_CORPUS_NOT_AVAILABLE_IN_CURRENT_INPUT,UNPUBLISHED
BATCH-026,14,BOOK-4,P10,721,KN-B4-P10-079,载体延伸,MANUSCRIPT_CORPUS_NOT_AVAILABLE_IN_CURRENT_INPUT,UNPUBLISHED
BATCH-026,15,BOOK-4,P10,722,KN-B4-P10-080,运行复制,MANUSCRIPT_CORPUS_NOT_AVAILABLE_IN_CURRENT_INPUT,UNPUBLISHED
BATCH-026,16,BOOK-4,P10,723,KN-B4-P10-081,运行传播,MANUSCRIPT_CORPUS_NOT_AVAILABLE_IN_CURRENT_INPUT,UNPUBLISHED
BATCH-026,17,BOOK-4,P10,724,KN-B4-P10-082,运行放大,MANUSCRIPT_CORPUS_NOT_AVAILABLE_IN_CURRENT_INPUT,UNPUBLISHED
BATCH-026,18,BOOK-4,P10,725,KN-B4-P10-083,跨尺度耦合,MANUSCRIPT_CORPUS_NOT_AVAILABLE_IN_CURRENT_INPUT,UNPUBLISHED
BATCH-026,19,BOOK-4,P10,726,KN-B4-P10-084,尺度转换,MANUSCRIPT_CORPUS_NOT_AVAILABLE_IN_CURRENT_INPUT,UNPUBLISHED
BATCH-026,20,BOOK-4,P10,727,KN-B4-P10-085,跨尺度整合,MANUSCRIPT_CORPUS_NOT_AVAILABLE_IN_CURRENT_INPUT,UNPUBLISHED
BATCH-026,21,BOOK-4,P10,728,KN-B4-P10-086,下一尺度,MANUSCRIPT_CORPUS_NOT_AVAILABLE_IN_CURRENT_INPUT,UNPUBLISHED
BATCH-026,22,BOOK-4,P10,729,KN-B4-P10-087,承载节点,MANUSCRIPT_CORPUS_NOT_AVAILABLE_IN_CURRENT_INPUT,UNPUBLISHED
BATCH-026,23,BOOK-4,P10,730,KN-B4-P10-088,协调节点,MANUSCRIPT_CORPUS_NOT_AVAILABLE_IN_CURRENT_INPUT,UNPUBLISHED
BATCH-026,24,BOOK-4,P10,731,KN-B4-P10-089,分发节点,MANUSCRIPT_CORPUS_NOT_AVAILABLE_IN_CURRENT_INPUT,UNPUBLISHED
BATCH-027,1,BOOK-4,P10,732,KN-B4-P10-090,尺度失配,MANUSCRIPT_CORPUS_NOT_AVAILABLE_IN_CURRENT_INPUT,UNPUBLISHED
BATCH-027,2,BOOK-4,P10,733,KN-B4-P10-091,协调尺度极限,MANUSCRIPT_CORPUS_NOT_AVAILABLE_IN_CURRENT_INPUT,UNPUBLISHED
BATCH-027,3,BOOK-4,P10,734,KN-B4-P10-092,未来容量,MANUSCRIPT_CORPUS_NOT_AVAILABLE_IN_CURRENT_INPUT,UNPUBLISHED
BATCH-027,4,BOOK-4,P10,735,KN-B4-P10-093,替代能力,MANUSCRIPT_CORPUS_NOT_AVAILABLE_IN_CURRENT_INPUT,UNPUBLISHED
BATCH-027,5,BOOK-4,P10,736,KN-B4-P10-094,未来生产,MANUSCRIPT_CORPUS_NOT_AVAILABLE_IN_CURRENT_INPUT,UNPUBLISHED
BATCH-027,6,BOOK-4,P10,737,KN-B4-P10-095,未来生产失效,MANUSCRIPT_CORPUS_NOT_AVAILABLE_IN_CURRENT_INPUT,UNPUBLISHED
BATCH-027,7,BOOK-4,P10,738,KN-B4-P10-096,技术作为压缩器,MANUSCRIPT_CORPUS_NOT_AVAILABLE_IN_CURRENT_INPUT,UNPUBLISHED
BATCH-027,8,BOOK-4,P10,739,KN-B4-P10-097,人工复制,MANUSCRIPT_CORPUS_NOT_AVAILABLE_IN_CURRENT_INPUT,UNPUBLISHED
BATCH-027,9,BOOK-4,P10,740,KN-B4-P10-098,机器分发,MANUSCRIPT_CORPUS_NOT_AVAILABLE_IN_CURRENT_INPUT,UNPUBLISHED
BATCH-027,10,BOOK-4,P10,741,KN-B4-P10-099,人机尺度协作,MANUSCRIPT_CORPUS_NOT_AVAILABLE_IN_CURRENT_INPUT,UNPUBLISHED
BATCH-027,11,BOOK-4,P10,742,KN-B4-P10-100,人工载体形成,MANUSCRIPT_CORPUS_NOT_AVAILABLE_IN_CURRENT_INPUT,UNPUBLISHED
BATCH-027,12,BOOK-4,P10,743,KN-B4-P10-101,后人类载体,MANUSCRIPT_CORPUS_NOT_AVAILABLE_IN_CURRENT_INPUT,UNPUBLISHED
BATCH-027,13,BOOK-4,P10,744,KN-B4-P10-102,尺度继任,MANUSCRIPT_CORPUS_NOT_AVAILABLE_IN_CURRENT_INPUT,UNPUBLISHED
BATCH-027,14,BOOK-4,P10,745,KN-B4-P10-103,文明阈值,MANUSCRIPT_CORPUS_NOT_AVAILABLE_IN_CURRENT_INPUT,UNPUBLISHED
BATCH-027,15,BOOK-4,P11,746,KN-B4-P11-065,跨世代运行,MANUSCRIPT_CORPUS_NOT_AVAILABLE_IN_CURRENT_INPUT,UNPUBLISHED
BATCH-027,16,BOOK-4,P11,747,KN-B4-P11-066,文明身份,MANUSCRIPT_CORPUS_NOT_AVAILABLE_IN_CURRENT_INPUT,UNPUBLISHED
BATCH-027,17,BOOK-4,P11,748,KN-B4-P11-067,文明参与,MANUSCRIPT_CORPUS_NOT_AVAILABLE_IN_CURRENT_INPUT,UNPUBLISHED
BATCH-027,18,BOOK-4,P11,749,KN-B4-P11-068,文明激励,MANUSCRIPT_CORPUS_NOT_AVAILABLE_IN_CURRENT_INPUT,UNPUBLISHED
BATCH-027,19,BOOK-4,P11,750,KN-B4-P11-069,权力分布,MANUSCRIPT_CORPUS_NOT_AVAILABLE_IN_CURRENT_INPUT,UNPUBLISHED
BATCH-027,20,BOOK-4,P11,751,KN-B4-P11-070,文明学习,MANUSCRIPT_CORPUS_NOT_AVAILABLE_IN_CURRENT_INPUT,UNPUBLISHED
BATCH-027,21,BOOK-4,P11,752,KN-B4-P11-071,文明压缩,MANUSCRIPT_CORPUS_NOT_AVAILABLE_IN_CURRENT_INPUT,UNPUBLISHED
BATCH-027,22,BOOK-4,P11,753,KN-B4-P11-072,复杂度增长,MANUSCRIPT_CORPUS_NOT_AVAILABLE_IN_CURRENT_INPUT,UNPUBLISHED
BATCH-027,23,BOOK-4,P11,754,KN-B4-P11-073,文明选择,MANUSCRIPT_CORPUS_NOT_AVAILABLE_IN_CURRENT_INPUT,UNPUBLISHED
BATCH-027,24,BOOK-4,P11,755,KN-B4-P11-074,文明继任,MANUSCRIPT_CORPUS_NOT_AVAILABLE_IN_CURRENT_INPUT,UNPUBLISHED
BATCH-028,1,BOOK-4,P11,756,KN-B4-P11-075,文明遗产,MANUSCRIPT_CORPUS_NOT_AVAILABLE_IN_CURRENT_INPUT,UNPUBLISHED
BATCH-028,2,BOOK-4,P11,757,KN-B4-P11-076,人工组织,MANUSCRIPT_CORPUS_NOT_AVAILABLE_IN_CURRENT_INPUT,UNPUBLISHED
BATCH-028,3,BOOK-4,P12,758,KN-B4-P12-047,文明图谱,MANUSCRIPT_CORPUS_NOT_AVAILABLE_IN_CURRENT_INPUT,UNPUBLISHED
BATCH-028,4,BOOK-4,P12,759,KN-B4-P12-048,文明观察单位,MANUSCRIPT_CORPUS_NOT_AVAILABLE_IN_CURRENT_INPUT,UNPUBLISHED
BATCH-028,5,BOOK-4,P12,760,KN-B4-P12-049,文明尺度层级,MANUSCRIPT_CORPUS_NOT_AVAILABLE_IN_CURRENT_INPUT,UNPUBLISHED
BATCH-028,6,BOOK-4,P12,761,KN-B4-P12-050,文明版本,MANUSCRIPT_CORPUS_NOT_AVAILABLE_IN_CURRENT_INPUT,UNPUBLISHED
BATCH-028,7,BOOK-4,P12,762,KN-B4-P12-051,文明比较边界,MANUSCRIPT_CORPUS_NOT_AVAILABLE_IN_CURRENT_INPUT,UNPUBLISHED
BATCH-028,8,BOOK-4,P12,763,KN-B4-P12-052,文明尺度坐标,MANUSCRIPT_CORPUS_NOT_AVAILABLE_IN_CURRENT_INPUT,UNPUBLISHED
BATCH-028,9,BOOK-4,P12,764,KN-B4-P12-053,文明适应能力,MANUSCRIPT_CORPUS_NOT_AVAILABLE_IN_CURRENT_INPUT,UNPUBLISHED
BATCH-028,10,BOOK-4,P12,765,KN-B4-P12-054,文明扩展能力,MANUSCRIPT_CORPUS_NOT_AVAILABLE_IN_CURRENT_INPUT,UNPUBLISHED
BATCH-028,11,BOOK-4,P12,766,KN-B4-P12-055,文明未来容量,MANUSCRIPT_CORPUS_NOT_AVAILABLE_IN_CURRENT_INPUT,UNPUBLISHED
BATCH-028,12,BOOK-4,P12,767,KN-B4-P12-056,文明轨迹,MANUSCRIPT_CORPUS_NOT_AVAILABLE_IN_CURRENT_INPUT,UNPUBLISHED
BATCH-028,13,BOOK-4,P12,768,KN-B4-P12-057,历史压缩,MANUSCRIPT_CORPUS_NOT_AVAILABLE_IN_CURRENT_INPUT,UNPUBLISHED
BATCH-028,14,BOOK-4,P12,769,KN-B4-P12-058,扩展窗口,MANUSCRIPT_CORPUS_NOT_AVAILABLE_IN_CURRENT_INPUT,UNPUBLISHED
BATCH-028,15,BOOK-4,P12,770,KN-B4-P12-059,结构转型窗口,MANUSCRIPT_CORPUS_NOT_AVAILABLE_IN_CURRENT_INPUT,UNPUBLISHED
BATCH-028,16,BOOK-4,P12,771,KN-B4-P12-060,文明路径依赖,MANUSCRIPT_CORPUS_NOT_AVAILABLE_IN_CURRENT_INPUT,UNPUBLISHED
BATCH-028,17,BOOK-4,P12,772,KN-B4-P12-061,文明历史分叉,MANUSCRIPT_CORPUS_NOT_AVAILABLE_IN_CURRENT_INPUT,UNPUBLISHED
BATCH-028,18,BOOK-4,P12,773,KN-B4-P12-062,文明扩展模式,MANUSCRIPT_CORPUS_NOT_AVAILABLE_IN_CURRENT_INPUT,UNPUBLISHED
BATCH-028,19,BOOK-4,P12,774,KN-B4-P12-063,空间扩展,MANUSCRIPT_CORPUS_NOT_AVAILABLE_IN_CURRENT_INPUT,UNPUBLISHED
BATCH-028,20,BOOK-4,P12,775,KN-B4-P12-064,制度扩展,MANUSCRIPT_CORPUS_NOT_AVAILABLE_IN_CURRENT_INPUT,UNPUBLISHED
BATCH-028,21,BOOK-4,P12,776,KN-B4-P12-065,经济扩展,MANUSCRIPT_CORPUS_NOT_AVAILABLE_IN_CURRENT_INPUT,UNPUBLISHED
BATCH-028,22,BOOK-4,P12,777,KN-B4-P12-066,文化扩展,MANUSCRIPT_CORPUS_NOT_AVAILABLE_IN_CURRENT_INPUT,UNPUBLISHED
BATCH-028,23,BOOK-4,P12,778,KN-B4-P12-067,知识扩展,MANUSCRIPT_CORPUS_NOT_AVAILABLE_IN_CURRENT_INPUT,UNPUBLISHED
BATCH-028,24,BOOK-4,P12,779,KN-B4-P12-068,技术扩展,MANUSCRIPT_CORPUS_NOT_AVAILABLE_IN_CURRENT_INPUT,UNPUBLISHED
BATCH-029,1,BOOK-4,P12,780,KN-B4-P12-069,网络扩展,MANUSCRIPT_CORPUS_NOT_AVAILABLE_IN_CURRENT_INPUT,UNPUBLISHED
BATCH-029,2,BOOK-4,P12,781,KN-B4-P12-070,文明影响半径,MANUSCRIPT_CORPUS_NOT_AVAILABLE_IN_CURRENT_INPUT,UNPUBLISHED
BATCH-029,3,BOOK-4,P12,782,KN-B4-P12-071,扩展负载,MANUSCRIPT_CORPUS_NOT_AVAILABLE_IN_CURRENT_INPUT,UNPUBLISHED
BATCH-029,4,BOOK-4,P12,783,KN-B4-P12-072,结构负载,MANUSCRIPT_CORPUS_NOT_AVAILABLE_IN_CURRENT_INPUT,UNPUBLISHED
BATCH-029,5,BOOK-4,P12,784,KN-B4-P12-073,人口负载,MANUSCRIPT_CORPUS_NOT_AVAILABLE_IN_CURRENT_INPUT,UNPUBLISHED
BATCH-029,6,BOOK-4,P12,785,KN-B4-P12-074,知识负载,MANUSCRIPT_CORPUS_NOT_AVAILABLE_IN_CURRENT_INPUT,UNPUBLISHED
BATCH-029,7,BOOK-4,P12,786,KN-B4-P12-075,基础设施负载,MANUSCRIPT_CORPUS_NOT_AVAILABLE_IN_CURRENT_INPUT,UNPUBLISHED
BATCH-029,8,BOOK-4,P12,787,KN-B4-P12-076,时间负载,MANUSCRIPT_CORPUS_NOT_AVAILABLE_IN_CURRENT_INPUT,UNPUBLISHED
BATCH-029,9,BOOK-4,P12,788,KN-B4-P12-077,未来压缩,MANUSCRIPT_CORPUS_NOT_AVAILABLE_IN_CURRENT_INPUT,UNPUBLISHED
BATCH-029,10,BOOK-4,P12,789,KN-B4-P12-078,文明扩展边界,MANUSCRIPT_CORPUS_NOT_AVAILABLE_IN_CURRENT_INPUT,UNPUBLISHED
BATCH-029,11,BOOK-4,P12,790,KN-B4-P12-079,载体依赖,MANUSCRIPT_CORPUS_NOT_AVAILABLE_IN_CURRENT_INPUT,UNPUBLISHED
BATCH-029,12,BOOK-4,P12,791,KN-B4-P12-080,历史文明案例架构,MANUSCRIPT_CORPUS_NOT_AVAILABLE_IN_CURRENT_INPUT,UNPUBLISHED
BATCH-029,13,BOOK-4,P12,792,KN-B4-P12-081,文明案例识别,MANUSCRIPT_CORPUS_NOT_AVAILABLE_IN_CURRENT_INPUT,UNPUBLISHED
BATCH-029,14,BOOK-4,P12,793,KN-B4-P12-082,文明阶段切分,MANUSCRIPT_CORPUS_NOT_AVAILABLE_IN_CURRENT_INPUT,UNPUBLISHED
BATCH-029,15,BOOK-4,P12,794,KN-B4-P12-083,跨文明比较,MANUSCRIPT_CORPUS_NOT_AVAILABLE_IN_CURRENT_INPUT,UNPUBLISHED
BATCH-029,16,BOOK-4,P12,795,KN-B4-P12-084,文明接触,MANUSCRIPT_CORPUS_NOT_AVAILABLE_IN_CURRENT_INPUT,UNPUBLISHED
BATCH-029,17,BOOK-4,P12,796,KN-B4-P12-085,文明吸收,MANUSCRIPT_CORPUS_NOT_AVAILABLE_IN_CURRENT_INPUT,UNPUBLISHED
BATCH-029,18,BOOK-4,P12,797,KN-B4-P12-086,文明融合,MANUSCRIPT_CORPUS_NOT_AVAILABLE_IN_CURRENT_INPUT,UNPUBLISHED
BATCH-029,19,BOOK-4,P12,798,KN-B4-P12-087,投影窗口,MANUSCRIPT_CORPUS_NOT_AVAILABLE_IN_CURRENT_INPUT,UNPUBLISHED
BATCH-029,20,BOOK-4,P12,799,KN-B4-P12-088,运行层投影,MANUSCRIPT_CORPUS_NOT_AVAILABLE_IN_CURRENT_INPUT,UNPUBLISHED
BATCH-029,21,BOOK-4,P12,800,KN-B4-P12-089,运行轨迹投影,MANUSCRIPT_CORPUS_NOT_AVAILABLE_IN_CURRENT_INPUT,UNPUBLISHED
BATCH-029,22,BOOK-4,P12,801,KN-B4-P12-090,角色拓扑投影,MANUSCRIPT_CORPUS_NOT_AVAILABLE_IN_CURRENT_INPUT,UNPUBLISHED
BATCH-029,23,BOOK-4,P12,802,KN-B4-P12-091,历史时间与投影时间,MANUSCRIPT_CORPUS_NOT_AVAILABLE_IN_CURRENT_INPUT,UNPUBLISHED
BATCH-029,24,BOOK-4,P12,803,KN-B4-P12-092,投影支持,MANUSCRIPT_CORPUS_NOT_AVAILABLE_IN_CURRENT_INPUT,UNPUBLISHED
BATCH-030,1,BOOK-4,P12,804,KN-B4-P12-093,投影失配,MANUSCRIPT_CORPUS_NOT_AVAILABLE_IN_CURRENT_INPUT,UNPUBLISHED
BATCH-030,2,BOOK-4,P12,805,KN-B4-P12-094,文明轨迹,MANUSCRIPT_CORPUS_NOT_AVAILABLE_IN_CURRENT_INPUT,UNPUBLISHED
BATCH-030,3,BOOK-4,P12,806,KN-B4-P12-095,文明方向,MANUSCRIPT_CORPUS_NOT_AVAILABLE_IN_CURRENT_INPUT,UNPUBLISHED
BATCH-030,4,BOOK-4,P12,807,KN-B4-P12-096,文明未知边界,MANUSCRIPT_CORPUS_NOT_AVAILABLE_IN_CURRENT_INPUT,UNPUBLISHED
BATCH-030,5,BOOK-4,P12,808,KN-B4-P12-097,文明图谱完成,MANUSCRIPT_CORPUS_NOT_AVAILABLE_IN_CURRENT_INPUT,UNPUBLISHED
BATCH-030,6,BOOK-4,P12,809,KN-B4-P12-098,观察阈值,MANUSCRIPT_CORPUS_NOT_AVAILABLE_IN_CURRENT_INPUT,UNPUBLISHED
BATCH-031,1,BOOK-5,P13,504,KN-B4-P13-001,Reality 为什么能够留下可观察现象,MANUSCRIPT_CORPUS_NOT_AVAILABLE_IN_CURRENT_INPUT,UNPUBLISHED
BATCH-031,2,BOOK-5,P13,505,KN-B4-P13-002,Structure 为什么能够留下结构讯号,MANUSCRIPT_CORPUS_NOT_AVAILABLE_IN_CURRENT_INPUT,UNPUBLISHED
BATCH-031,3,BOOK-5,P13,506,KN-B4-P13-003,Activation 为什么能够留下激活痕迹,MANUSCRIPT_CORPUS_NOT_AVAILABLE_IN_CURRENT_INPUT,UNPUBLISHED
BATCH-031,4,BOOK-5,P13,507,KN-B4-P13-004,Runtime 为什么能够留下持续运行痕迹,MANUSCRIPT_CORPUS_NOT_AVAILABLE_IN_CURRENT_INPUT,UNPUBLISHED
BATCH-031,5,BOOK-5,P13,508,KN-B4-P13-005,为什么长期运行会形成稳定签名,MANUSCRIPT_CORPUS_NOT_AVAILABLE_IN_CURRENT_INPUT,UNPUBLISHED
BATCH-031,6,BOOK-5,P13,509,KN-B4-P13-006,为什么运行会留下残留,MANUSCRIPT_CORPUS_NOT_AVAILABLE_IN_CURRENT_INPUT,UNPUBLISHED
BATCH-031,7,BOOK-5,P13,510,KN-B4-P13-007,为什么偏移能够被观察,MANUSCRIPT_CORPUS_NOT_AVAILABLE_IN_CURRENT_INPUT,UNPUBLISHED
BATCH-031,8,BOOK-5,P13,511,KN-B4-P13-008,为什么 Projection 会改变可观察 Reality,MANUSCRIPT_CORPUS_NOT_AVAILABLE_IN_CURRENT_INPUT,UNPUBLISHED
BATCH-031,9,BOOK-5,P13,512,KN-B4-P13-009,为什么 Runtime 可以被 Reading,MANUSCRIPT_CORPUS_NOT_AVAILABLE_IN_CURRENT_INPUT,UNPUBLISHED
BATCH-031,10,BOOK-5,P13,513,KN-B4-P13-010,为什么必须区分讯号与解释,MANUSCRIPT_CORPUS_NOT_AVAILABLE_IN_CURRENT_INPUT,UNPUBLISHED
BATCH-031,11,BOOK-5,P13,514,KN-B4-P13-011,噪声如何影响 Reading,MANUSCRIPT_CORPUS_NOT_AVAILABLE_IN_CURRENT_INPUT,UNPUBLISHED
BATCH-031,12,BOOK-5,P13,515,KN-B4-P13-012,为什么 Reading 永远存在解析极限,MANUSCRIPT_CORPUS_NOT_AVAILABLE_IN_CURRENT_INPUT,UNPUBLISHED
BATCH-031,13,BOOK-5,P13,516,KN-B4-P13-013,观察者如何参与 Reading,MANUSCRIPT_CORPUS_NOT_AVAILABLE_IN_CURRENT_INPUT,UNPUBLISHED
BATCH-031,14,BOOK-5,P13,517,KN-B4-P13-014,Reality 为什么能够留下 Evidence,MANUSCRIPT_CORPUS_NOT_AVAILABLE_IN_CURRENT_INPUT,UNPUBLISHED
BATCH-031,15,BOOK-5,P13,518,KN-B4-P13-015,Evidence 为什么存在不同类别,MANUSCRIPT_CORPUS_NOT_AVAILABLE_IN_CURRENT_INPUT,UNPUBLISHED
BATCH-031,16,BOOK-5,P13,519,KN-B4-P13-016,Evidence 为什么具有不同可信度,MANUSCRIPT_CORPUS_NOT_AVAILABLE_IN_CURRENT_INPUT,UNPUBLISHED
BATCH-031,17,BOOK-5,P13,520,KN-B4-P13-017,Evidence 与 Interpretation 的边界,MANUSCRIPT_CORPUS_NOT_AVAILABLE_IN_CURRENT_INPUT,UNPUBLISHED
BATCH-031,18,BOOK-5,P13,521,KN-B4-P13-018,不同 Evidence 如何互相支持,MANUSCRIPT_CORPUS_NOT_AVAILABLE_IN_CURRENT_INPUT,UNPUBLISHED
BATCH-031,19,BOOK-5,P13,522,KN-B4-P13-019,为什么反证同样重要,MANUSCRIPT_CORPUS_NOT_AVAILABLE_IN_CURRENT_INPUT,UNPUBLISHED
BATCH-031,20,BOOK-5,P13,523,KN-B4-P13-020,为什么缺失也是 Evidence,MANUSCRIPT_CORPUS_NOT_AVAILABLE_IN_CURRENT_INPUT,UNPUBLISHED
BATCH-031,21,BOOK-5,P13,524,KN-B4-P13-021,时间如何形成 Evidence,MANUSCRIPT_CORPUS_NOT_AVAILABLE_IN_CURRENT_INPUT,UNPUBLISHED
BATCH-031,22,BOOK-5,P13,525,KN-B4-P13-022,为什么跨领域 Evidence 更强,MANUSCRIPT_CORPUS_NOT_AVAILABLE_IN_CURRENT_INPUT,UNPUBLISHED
BATCH-031,23,BOOK-5,P13,526,KN-B4-P13-023,Evidence 如何形成网络,MANUSCRIPT_CORPUS_NOT_AVAILABLE_IN_CURRENT_INPUT,UNPUBLISHED
BATCH-031,24,BOOK-5,P13,527,KN-B4-P13-024,PHI OS 如何统一所有 Evidence,MANUSCRIPT_CORPUS_NOT_AVAILABLE_IN_CURRENT_INPUT,UNPUBLISHED
BATCH-032,1,BOOK-5,P13,528,KN-B4-P13-025,Projection 为什么存在,MANUSCRIPT_CORPUS_NOT_AVAILABLE_IN_CURRENT_INPUT,UNPUBLISHED
BATCH-032,2,BOOK-5,P13,529,KN-B4-P13-026,Projection 为什么具有共同 Grammar,MANUSCRIPT_CORPUS_NOT_AVAILABLE_IN_CURRENT_INPUT,UNPUBLISHED
BATCH-032,3,BOOK-5,P13,530,KN-B4-P13-027,为什么 Projection 存在不同层级,MANUSCRIPT_CORPUS_NOT_AVAILABLE_IN_CURRENT_INPUT,UNPUBLISHED
BATCH-032,4,BOOK-5,P13,531,KN-B4-P13-028,Projection 为什么存在边界,MANUSCRIPT_CORPUS_NOT_AVAILABLE_IN_CURRENT_INPUT,UNPUBLISHED
BATCH-032,5,BOOK-5,P13,532,KN-B4-P13-029,为什么不同时间仍可保持一致性,MANUSCRIPT_CORPUS_NOT_AVAILABLE_IN_CURRENT_INPUT,UNPUBLISHED
BATCH-032,6,BOOK-5,P13,533,KN-B4-P13-030,为什么不同 Projection 会冲突,MANUSCRIPT_CORPUS_NOT_AVAILABLE_IN_CURRENT_INPUT,UNPUBLISHED
BATCH-032,7,BOOK-5,P13,534,KN-B4-P13-031,为什么任何 Projection 都是不完整的,MANUSCRIPT_CORPUS_NOT_AVAILABLE_IN_CURRENT_INPUT,UNPUBLISHED
BATCH-032,8,BOOK-5,P13,535,KN-B4-P13-032,Projection 如何持续演化,MANUSCRIPT_CORPUS_NOT_AVAILABLE_IN_CURRENT_INPUT,UNPUBLISHED
BATCH-032,9,BOOK-5,P13,536,KN-B4-P13-033,为什么 Projection 不等于 Reality,MANUSCRIPT_CORPUS_NOT_AVAILABLE_IN_CURRENT_INPUT,UNPUBLISHED
BATCH-032,10,BOOK-5,P13,537,KN-B4-P13-034,为什么不同 Projection 可以进入统一 Runtime,MANUSCRIPT_CORPUS_NOT_AVAILABLE_IN_CURRENT_INPUT,UNPUBLISHED
BATCH-032,11,BOOK-5,P13,538,KN-B4-P13-035,为什么 Reading 必须建立统一入口,MANUSCRIPT_CORPUS_NOT_AVAILABLE_IN_CURRENT_INPUT,UNPUBLISHED
BATCH-032,12,BOOK-5,P13,539,KN-B4-P13-036,为什么 Reading 必须遵循统一 Grammar,MANUSCRIPT_CORPUS_NOT_AVAILABLE_IN_CURRENT_INPUT,UNPUBLISHED
BATCH-032,13,BOOK-5,P13,540,KN-B4-P13-037,如何重建 Runtime Chain,MANUSCRIPT_CORPUS_NOT_AVAILABLE_IN_CURRENT_INPUT,UNPUBLISHED
BATCH-032,14,BOOK-5,P13,541,KN-B4-P13-038,为什么必须排序 Evidence,MANUSCRIPT_CORPUS_NOT_AVAILABLE_IN_CURRENT_INPUT,UNPUBLISHED
BATCH-032,15,BOOK-5,P13,542,KN-B4-P13-039,为什么能够建立 Confidence,MANUSCRIPT_CORPUS_NOT_AVAILABLE_IN_CURRENT_INPUT,UNPUBLISHED
BATCH-032,16,BOOK-5,P13,543,KN-B4-P13-040,为什么必须保留其他 Reading,MANUSCRIPT_CORPUS_NOT_AVAILABLE_IN_CURRENT_INPUT,UNPUBLISHED
BATCH-032,17,BOOK-5,P13,544,KN-B4-P13-041,为什么 Unknown 会持续形成,MANUSCRIPT_CORPUS_NOT_AVAILABLE_IN_CURRENT_INPUT,UNPUBLISHED
BATCH-032,18,BOOK-5,P13,545,KN-B4-P13-042,如何整合全部 Reading,MANUSCRIPT_CORPUS_NOT_AVAILABLE_IN_CURRENT_INPUT,UNPUBLISHED
BATCH-032,19,BOOK-5,P13,546,KN-B4-P13-043,如何形成统一 Runtime Profile,MANUSCRIPT_CORPUS_NOT_AVAILABLE_IN_CURRENT_INPUT,UNPUBLISHED
BATCH-032,20,BOOK-5,P13,547,KN-B4-P13-044,Reading 为什么能够持续更新,MANUSCRIPT_CORPUS_NOT_AVAILABLE_IN_CURRENT_INPUT,UNPUBLISHED
BATCH-032,21,BOOK-5,P13,548,KN-B4-P13-045,PHI OS Reading Contract,MANUSCRIPT_CORPUS_NOT_AVAILABLE_IN_CURRENT_INPUT,UNPUBLISHED
BATCH-032,22,BOOK-5,P13,549,KN-B4-P13-046,Interpretation 为什么产生,MANUSCRIPT_CORPUS_NOT_AVAILABLE_IN_CURRENT_INPUT,UNPUBLISHED
BATCH-032,23,BOOK-5,P13,550,KN-B4-P13-047,为什么 Context 会改变 Interpretation,MANUSCRIPT_CORPUS_NOT_AVAILABLE_IN_CURRENT_INPUT,UNPUBLISHED
BATCH-032,24,BOOK-5,P13,551,KN-B4-P13-048,Knowledge 如何进入 Interpretation,MANUSCRIPT_CORPUS_NOT_AVAILABLE_IN_CURRENT_INPUT,UNPUBLISHED
BATCH-033,1,BOOK-5,P13,552,KN-B4-P13-049,Evidence 如何进入 Interpretation,MANUSCRIPT_CORPUS_NOT_AVAILABLE_IN_CURRENT_INPUT,UNPUBLISHED
BATCH-033,2,BOOK-5,P13,553,KN-B4-P13-050,Projection 如何进入 Interpretation,MANUSCRIPT_CORPUS_NOT_AVAILABLE_IN_CURRENT_INPUT,UNPUBLISHED
BATCH-033,3,BOOK-5,P13,554,KN-B4-P13-051,为什么只能形成 Candidate,MANUSCRIPT_CORPUS_NOT_AVAILABLE_IN_CURRENT_INPUT,UNPUBLISHED
BATCH-033,4,BOOK-5,P13,555,KN-B4-P13-052,为什么可能存在多个 Interpretation,MANUSCRIPT_CORPUS_NOT_AVAILABLE_IN_CURRENT_INPUT,UNPUBLISHED
BATCH-033,5,BOOK-5,P13,556,KN-B4-P13-053,Interpretation 为什么必须验证,MANUSCRIPT_CORPUS_NOT_AVAILABLE_IN_CURRENT_INPUT,UNPUBLISHED
BATCH-033,6,BOOK-5,P13,557,KN-B4-P13-054,为什么任何 Interpretation 都存在边界,MANUSCRIPT_CORPUS_NOT_AVAILABLE_IN_CURRENT_INPUT,UNPUBLISHED
BATCH-033,7,BOOK-5,P13,558,KN-B4-P13-055,为什么 Interpretation 永远不能等于 Reality,MANUSCRIPT_CORPUS_NOT_AVAILABLE_IN_CURRENT_INPUT,UNPUBLISHED
BATCH-033,8,BOOK-5,P13,559,KN-B4-P13-056,Reading 的 Authority 如何建立,MANUSCRIPT_CORPUS_NOT_AVAILABLE_IN_CURRENT_INPUT,UNPUBLISHED
BATCH-033,9,BOOK-5,P13,560,KN-B4-P13-057,Evidence 如何受到治理,MANUSCRIPT_CORPUS_NOT_AVAILABLE_IN_CURRENT_INPUT,UNPUBLISHED
BATCH-033,10,BOOK-5,P13,561,KN-B4-P13-058,Interpretation 如何受到治理,MANUSCRIPT_CORPUS_NOT_AVAILABLE_IN_CURRENT_INPUT,UNPUBLISHED
BATCH-033,11,BOOK-5,P13,562,KN-B4-P13-059,AI 为什么不能成为最终 Authority,MANUSCRIPT_CORPUS_NOT_AVAILABLE_IN_CURRENT_INPUT,UNPUBLISHED
BATCH-033,12,BOOK-5,P13,563,KN-B4-P13-060,Professional 为什么必须参与,MANUSCRIPT_CORPUS_NOT_AVAILABLE_IN_CURRENT_INPUT,UNPUBLISHED
BATCH-033,13,BOOK-5,P13,564,KN-B4-P13-061,Reading 为什么需要伦理,MANUSCRIPT_CORPUS_NOT_AVAILABLE_IN_CURRENT_INPUT,UNPUBLISHED
BATCH-033,14,BOOK-5,P13,565,KN-B4-P13-062,Reading 为什么需要责任,MANUSCRIPT_CORPUS_NOT_AVAILABLE_IN_CURRENT_INPUT,UNPUBLISHED
BATCH-033,15,BOOK-5,P13,566,KN-B4-P13-063,Reading 为什么必须停止,MANUSCRIPT_CORPUS_NOT_AVAILABLE_IN_CURRENT_INPUT,UNPUBLISHED
BATCH-033,16,BOOK-5,P13,567,KN-B4-P13-064,PHI OS Reading Standards,MANUSCRIPT_CORPUS_NOT_AVAILABLE_IN_CURRENT_INPUT,UNPUBLISHED
BATCH-033,17,BOOK-5,P13,568,KN-B4-P13-065,PHI OS Reading Governance Contract,MANUSCRIPT_CORPUS_NOT_AVAILABLE_IN_CURRENT_INPUT,UNPUBLISHED
BATCH-033,18,BOOK-5,P13,569,KN-B4-P13-066,为什么 Reading 会重新组织 Reality,MANUSCRIPT_CORPUS_NOT_AVAILABLE_IN_CURRENT_INPUT,UNPUBLISHED
BATCH-033,19,BOOK-5,P13,570,KN-B4-P13-067,为什么 Reading 本身就是 Participation,MANUSCRIPT_CORPUS_NOT_AVAILABLE_IN_CURRENT_INPUT,UNPUBLISHED
BATCH-033,20,BOOK-5,P13,571,KN-B4-P13-068,为什么 Reading 会影响 Runtime,MANUSCRIPT_CORPUS_NOT_AVAILABLE_IN_CURRENT_INPUT,UNPUBLISHED
BATCH-033,21,BOOK-5,P13,572,KN-B4-P13-069,为什么 Reading 必须进入 Navigation,MANUSCRIPT_CORPUS_NOT_AVAILABLE_IN_CURRENT_INPUT,UNPUBLISHED
BATCH-033,22,BOOK-5,P13,573,KN-B4-P13-070,为什么 Reading 必须持续更新,MANUSCRIPT_CORPUS_NOT_AVAILABLE_IN_CURRENT_INPUT,UNPUBLISHED
BATCH-033,23,BOOK-5,P13,574,KN-B4-P13-071,为什么多个 Runtime 可以共同 Reading,MANUSCRIPT_CORPUS_NOT_AVAILABLE_IN_CURRENT_INPUT,UNPUBLISHED
BATCH-033,24,BOOK-5,P13,575,KN-B4-P13-072,AI 能否成为真正的 Reader,MANUSCRIPT_CORPUS_NOT_AVAILABLE_IN_CURRENT_INPUT,UNPUBLISHED
BATCH-034,1,BOOK-5,P13,576,KN-B4-P13-073,谁真正完成 Reading,MANUSCRIPT_CORPUS_NOT_AVAILABLE_IN_CURRENT_INPUT,UNPUBLISHED
BATCH-034,2,BOOK-5,P13,577,KN-B4-P13-074,PHI OS 如何开启新的 Reading Paradigm,MANUSCRIPT_CORPUS_NOT_AVAILABLE_IN_CURRENT_INPUT,UNPUBLISHED
BATCH-034,3,BOOK-5,P13,578,KN-B4-P13-075,为什么 Reading 最终必须进入 Navigation,MANUSCRIPT_CORPUS_NOT_AVAILABLE_IN_CURRENT_INPUT,UNPUBLISHED
BATCH-034,4,BOOK-5,P14,579,KN-B4-P14-001,为什么需要 Navigation,MANUSCRIPT_CORPUS_NOT_AVAILABLE_IN_CURRENT_INPUT,UNPUBLISHED
BATCH-034,5,BOOK-5,P14,580,KN-B4-P14-002,为什么 Reading 必须进入 Navigation,MANUSCRIPT_CORPUS_NOT_AVAILABLE_IN_CURRENT_INPUT,UNPUBLISHED
BATCH-034,6,BOOK-5,P14,581,KN-B4-P14-003,什么时候能够开始 Navigation,MANUSCRIPT_CORPUS_NOT_AVAILABLE_IN_CURRENT_INPUT,UNPUBLISHED
BATCH-034,7,BOOK-5,P14,582,KN-B4-P14-004,为什么必须知道自己在哪里,MANUSCRIPT_CORPUS_NOT_AVAILABLE_IN_CURRENT_INPUT,UNPUBLISHED
BATCH-034,8,BOOK-5,P14,583,KN-B4-P14-005,方向如何形成,MANUSCRIPT_CORPUS_NOT_AVAILABLE_IN_CURRENT_INPUT,UNPUBLISHED
BATCH-034,9,BOOK-5,P14,584,KN-B4-P14-006,Navigation 为什么存在限制,MANUSCRIPT_CORPUS_NOT_AVAILABLE_IN_CURRENT_INPUT,UNPUBLISHED
BATCH-034,10,BOOK-5,P14,585,KN-B4-P14-007,Navigation 为什么存在边界,MANUSCRIPT_CORPUS_NOT_AVAILABLE_IN_CURRENT_INPUT,UNPUBLISHED
BATCH-034,11,BOOK-5,P14,586,KN-B4-P14-008,为什么 Navigation 必须承担责任,MANUSCRIPT_CORPUS_NOT_AVAILABLE_IN_CURRENT_INPUT,UNPUBLISHED
BATCH-034,12,BOOK-5,P14,587,KN-B4-P14-009,运行诊断,MANUSCRIPT_CORPUS_NOT_AVAILABLE_IN_CURRENT_INPUT,UNPUBLISHED
BATCH-034,13,BOOK-5,P14,588,KN-B4-P14-010,压力识别,MANUSCRIPT_CORPUS_NOT_AVAILABLE_IN_CURRENT_INPUT,UNPUBLISHED
BATCH-034,14,BOOK-5,P14,589,KN-B4-P14-011,运行偏移,MANUSCRIPT_CORPUS_NOT_AVAILABLE_IN_CURRENT_INPUT,UNPUBLISHED
BATCH-034,15,BOOK-5,P14,590,KN-B4-P14-012,运行碎裂,MANUSCRIPT_CORPUS_NOT_AVAILABLE_IN_CURRENT_INPUT,UNPUBLISHED
BATCH-034,16,BOOK-5,P14,591,KN-B4-P14-013,运行停滞,MANUSCRIPT_CORPUS_NOT_AVAILABLE_IN_CURRENT_INPUT,UNPUBLISHED
BATCH-034,17,BOOK-5,P14,592,KN-B4-P14-014,崩塌风险,MANUSCRIPT_CORPUS_NOT_AVAILABLE_IN_CURRENT_INPUT,UNPUBLISHED
BATCH-034,18,BOOK-5,P14,593,KN-B4-P14-015,恢复潜力,MANUSCRIPT_CORPUS_NOT_AVAILABLE_IN_CURRENT_INPUT,UNPUBLISHED
BATCH-034,19,BOOK-5,P14,594,KN-B4-P14-016,诊断边界,MANUSCRIPT_CORPUS_NOT_AVAILABLE_IN_CURRENT_INPUT,UNPUBLISHED
BATCH-034,20,BOOK-5,P14,595,KN-B4-P14-017,重新建立位置,MANUSCRIPT_CORPUS_NOT_AVAILABLE_IN_CURRENT_INPUT,UNPUBLISHED
BATCH-034,21,BOOK-5,P14,596,KN-B4-P14-018,恢复激活,MANUSCRIPT_CORPUS_NOT_AVAILABLE_IN_CURRENT_INPUT,UNPUBLISHED
BATCH-034,22,BOOK-5,P14,597,KN-B4-P14-019,重新组织运行,MANUSCRIPT_CORPUS_NOT_AVAILABLE_IN_CURRENT_INPUT,UNPUBLISHED
BATCH-034,23,BOOK-5,P14,598,KN-B4-P14-020,调整结构,MANUSCRIPT_CORPUS_NOT_AVAILABLE_IN_CURRENT_INPUT,UNPUBLISHED
BATCH-034,24,BOOK-5,P14,599,KN-B4-P14-021,关系导航,MANUSCRIPT_CORPUS_NOT_AVAILABLE_IN_CURRENT_INPUT,UNPUBLISHED
BATCH-035,1,BOOK-5,P14,600,KN-B4-P14-022,资源导航,MANUSCRIPT_CORPUS_NOT_AVAILABLE_IN_CURRENT_INPUT,UNPUBLISHED
BATCH-035,2,BOOK-5,P14,601,KN-B4-P14-023,成本优化,MANUSCRIPT_CORPUS_NOT_AVAILABLE_IN_CURRENT_INPUT,UNPUBLISHED
BATCH-035,3,BOOK-5,P14,602,KN-B4-P14-024,运行稳定,MANUSCRIPT_CORPUS_NOT_AVAILABLE_IN_CURRENT_INPUT,UNPUBLISHED
BATCH-035,4,BOOK-5,P14,603,KN-B4-P14-025,替代路径,MANUSCRIPT_CORPUS_NOT_AVAILABLE_IN_CURRENT_INPUT,UNPUBLISHED
BATCH-035,5,BOOK-5,P14,604,KN-B4-P14-026,决定如何形成,MANUSCRIPT_CORPUS_NOT_AVAILABLE_IN_CURRENT_INPUT,UNPUBLISHED
BATCH-035,6,BOOK-5,P14,605,KN-B4-P14-027,为什么必须交换成本,MANUSCRIPT_CORPUS_NOT_AVAILABLE_IN_CURRENT_INPUT,UNPUBLISHED
BATCH-035,7,BOOK-5,P14,606,KN-B4-P14-028,为什么永远无法完全确定,MANUSCRIPT_CORPUS_NOT_AVAILABLE_IN_CURRENT_INPUT,UNPUBLISHED
BATCH-035,8,BOOK-5,P14,607,KN-B4-P14-029,时机为什么重要,MANUSCRIPT_CORPUS_NOT_AVAILABLE_IN_CURRENT_INPUT,UNPUBLISHED
BATCH-035,9,BOOK-5,P14,608,KN-B4-P14-030,承诺为什么重要,MANUSCRIPT_CORPUS_NOT_AVAILABLE_IN_CURRENT_INPUT,UNPUBLISHED
BATCH-035,10,BOOK-5,P14,609,KN-B4-P14-031,适应性决策,MANUSCRIPT_CORPUS_NOT_AVAILABLE_IN_CURRENT_INPUT,UNPUBLISHED
BATCH-035,11,BOOK-5,P14,610,KN-B4-P14-032,决定如何修订,MANUSCRIPT_CORPUS_NOT_AVAILABLE_IN_CURRENT_INPUT,UNPUBLISHED
BATCH-035,12,BOOK-5,P14,611,KN-B4-P14-033,专业读取,MANUSCRIPT_CORPUS_NOT_AVAILABLE_IN_CURRENT_INPUT,UNPUBLISHED
BATCH-035,13,BOOK-5,P14,612,KN-B4-P14-034,专业复核,MANUSCRIPT_CORPUS_NOT_AVAILABLE_IN_CURRENT_INPUT,UNPUBLISHED
BATCH-035,14,BOOK-5,P14,613,KN-B4-P14-035,专业判断,MANUSCRIPT_CORPUS_NOT_AVAILABLE_IN_CURRENT_INPUT,UNPUBLISHED
BATCH-035,15,BOOK-5,P14,614,KN-B4-P14-036,边界保护,MANUSCRIPT_CORPUS_NOT_AVAILABLE_IN_CURRENT_INPUT,UNPUBLISHED
BATCH-035,16,BOOK-5,P14,615,KN-B4-P14-037,交付组织,MANUSCRIPT_CORPUS_NOT_AVAILABLE_IN_CURRENT_INPUT,UNPUBLISHED
BATCH-035,17,BOOK-5,P14,616,KN-B4-P14-038,专业签署,MANUSCRIPT_CORPUS_NOT_AVAILABLE_IN_CURRENT_INPUT,UNPUBLISHED
BATCH-035,18,BOOK-5,P14,617,KN-B4-P14-039,专业责任,MANUSCRIPT_CORPUS_NOT_AVAILABLE_IN_CURRENT_INPUT,UNPUBLISHED
BATCH-035,19,BOOK-5,P14,618,KN-B4-P14-040,连续性的基础,MANUSCRIPT_CORPUS_NOT_AVAILABLE_IN_CURRENT_INPUT,UNPUBLISHED
BATCH-035,20,BOOK-5,P14,619,KN-B4-P14-041,反馈循环,MANUSCRIPT_CORPUS_NOT_AVAILABLE_IN_CURRENT_INPUT,UNPUBLISHED
BATCH-035,21,BOOK-5,P14,620,KN-B4-P14-042,运行学习,MANUSCRIPT_CORPUS_NOT_AVAILABLE_IN_CURRENT_INPUT,UNPUBLISHED
BATCH-035,22,BOOK-5,P14,621,KN-B4-P14-043,导航记忆,MANUSCRIPT_CORPUS_NOT_AVAILABLE_IN_CURRENT_INPUT,UNPUBLISHED
BATCH-035,23,BOOK-5,P14,622,KN-B4-P14-044,适应演化,MANUSCRIPT_CORPUS_NOT_AVAILABLE_IN_CURRENT_INPUT,UNPUBLISHED
BATCH-035,24,BOOK-5,P14,623,KN-B4-P14-046,文明导航,MANUSCRIPT_CORPUS_NOT_AVAILABLE_IN_CURRENT_INPUT,UNPUBLISHED
BATCH-036,1,BOOK-5,P14,624,KN-B4-P14-047,超越个体的导航,MANUSCRIPT_CORPUS_NOT_AVAILABLE_IN_CURRENT_INPUT,UNPUBLISHED
BATCH-036,2,BOOK-5,P14,625,KN-B4-P14-048,现实演化,MANUSCRIPT_CORPUS_NOT_AVAILABLE_IN_CURRENT_INPUT,UNPUBLISHED
BATCH-036,3,BOOK-5,P14,626,KN-B4-P14-049,超越当前运行,MANUSCRIPT_CORPUS_NOT_AVAILABLE_IN_CURRENT_INPUT,UNPUBLISHED
BATCH-036,4,BOOK-5,P14,627,KN-B4-P14-050,未来导航,MANUSCRIPT_CORPUS_NOT_AVAILABLE_IN_CURRENT_INPUT,UNPUBLISHED
BATCH-036,5,BOOK-5,P14,628,KN-B4-P14-051,共同现实演化,MANUSCRIPT_CORPUS_NOT_AVAILABLE_IN_CURRENT_INPUT,UNPUBLISHED
BATCH-036,6,BOOK-5,P14,629,KN-B4-P14-052,Reality 将如何继续,MANUSCRIPT_CORPUS_NOT_AVAILABLE_IN_CURRENT_INPUT,UNPUBLISHED
BATCH-036,7,BOOK-5,P15,630,KN-B4-P15-001,Runtime 为什么结束,MANUSCRIPT_CORPUS_NOT_AVAILABLE_IN_CURRENT_INPUT,UNPUBLISHED
BATCH-036,8,BOOK-5,P15,631,KN-B4-P15-002,载体如何结束,MANUSCRIPT_CORPUS_NOT_AVAILABLE_IN_CURRENT_INPUT,UNPUBLISHED
BATCH-036,9,BOOK-5,P15,632,KN-B4-P15-003,结构解体,MANUSCRIPT_CORPUS_NOT_AVAILABLE_IN_CURRENT_INPUT,UNPUBLISHED
BATCH-036,10,BOOK-5,P15,633,KN-B4-P15-004,运行终止,MANUSCRIPT_CORPUS_NOT_AVAILABLE_IN_CURRENT_INPUT,UNPUBLISHED
BATCH-036,11,BOOK-5,P15,634,KN-B4-P15-005,节点关闭,MANUSCRIPT_CORPUS_NOT_AVAILABLE_IN_CURRENT_INPUT,UNPUBLISHED
BATCH-036,12,BOOK-5,P15,635,KN-B4-P15-006,关系结束,MANUSCRIPT_CORPUS_NOT_AVAILABLE_IN_CURRENT_INPUT,UNPUBLISHED
BATCH-036,13,BOOK-5,P15,636,KN-B4-P15-007,组织结束,MANUSCRIPT_CORPUS_NOT_AVAILABLE_IN_CURRENT_INPUT,UNPUBLISHED
BATCH-036,14,BOOK-5,P15,637,KN-B4-P15-008,文明结束,MANUSCRIPT_CORPUS_NOT_AVAILABLE_IN_CURRENT_INPUT,UNPUBLISHED
BATCH-036,15,BOOK-5,P15,638,KN-B4-P15-009,生物死亡,MANUSCRIPT_CORPUS_NOT_AVAILABLE_IN_CURRENT_INPUT,UNPUBLISHED
BATCH-036,16,BOOK-5,P15,639,KN-B4-P15-010,人工运行终止,MANUSCRIPT_CORPUS_NOT_AVAILABLE_IN_CURRENT_INPUT,UNPUBLISHED
BATCH-036,17,BOOK-5,P15,640,KN-B4-P15-011,结算为何存在,MANUSCRIPT_CORPUS_NOT_AVAILABLE_IN_CURRENT_INPUT,UNPUBLISHED
BATCH-036,18,BOOK-5,P15,641,KN-B4-P15-012,运行结算,MANUSCRIPT_CORPUS_NOT_AVAILABLE_IN_CURRENT_INPUT,UNPUBLISHED
BATCH-036,19,BOOK-5,P15,642,KN-B4-P15-013,信息归位,MANUSCRIPT_CORPUS_NOT_AVAILABLE_IN_CURRENT_INPUT,UNPUBLISHED
BATCH-036,20,BOOK-5,P15,643,KN-B4-P15-014,复杂度压缩,MANUSCRIPT_CORPUS_NOT_AVAILABLE_IN_CURRENT_INPUT,UNPUBLISHED
BATCH-036,21,BOOK-5,P15,644,KN-B4-P15-015,没有审判的结算,MANUSCRIPT_CORPUS_NOT_AVAILABLE_IN_CURRENT_INPUT,UNPUBLISHED
BATCH-036,22,BOOK-5,P15,645,KN-B4-P15-016,运行债务,MANUSCRIPT_CORPUS_NOT_AVAILABLE_IN_CURRENT_INPUT,UNPUBLISHED
BATCH-036,23,BOOK-5,P15,646,KN-B4-P15-017,未完成运行,MANUSCRIPT_CORPUS_NOT_AVAILABLE_IN_CURRENT_INPUT,UNPUBLISHED
BATCH-036,24,BOOK-5,P15,647,KN-B4-P15-018,没有真正消失,MANUSCRIPT_CORPUS_NOT_AVAILABLE_IN_CURRENT_INPUT,UNPUBLISHED
BATCH-037,1,BOOK-5,P15,648,KN-B4-P15-019,运行残留,MANUSCRIPT_CORPUS_NOT_AVAILABLE_IN_CURRENT_INPUT,UNPUBLISHED
BATCH-037,2,BOOK-5,P15,649,KN-B4-P15-020,信息残留,MANUSCRIPT_CORPUS_NOT_AVAILABLE_IN_CURRENT_INPUT,UNPUBLISHED
BATCH-037,3,BOOK-5,P15,650,KN-B4-P15-021,历史残留,MANUSCRIPT_CORPUS_NOT_AVAILABLE_IN_CURRENT_INPUT,UNPUBLISHED
BATCH-037,4,BOOK-5,P15,651,KN-B4-P15-022,叙事残留,MANUSCRIPT_CORPUS_NOT_AVAILABLE_IN_CURRENT_INPUT,UNPUBLISHED
BATCH-037,5,BOOK-5,P15,652,KN-B4-P15-023,结构残留,MANUSCRIPT_CORPUS_NOT_AVAILABLE_IN_CURRENT_INPUT,UNPUBLISHED
BATCH-037,6,BOOK-5,P15,653,KN-B4-P15-024,技术残留,MANUSCRIPT_CORPUS_NOT_AVAILABLE_IN_CURRENT_INPUT,UNPUBLISHED
BATCH-037,7,BOOK-5,P15,654,KN-B4-P15-025,生态残留,MANUSCRIPT_CORPUS_NOT_AVAILABLE_IN_CURRENT_INPUT,UNPUBLISHED
BATCH-037,8,BOOK-5,P15,655,KN-B4-P15-026,文明残留,MANUSCRIPT_CORPUS_NOT_AVAILABLE_IN_CURRENT_INPUT,UNPUBLISHED
BATCH-037,9,BOOK-5,P15,656,KN-B4-P15-027,残留转移,MANUSCRIPT_CORPUS_NOT_AVAILABLE_IN_CURRENT_INPUT,UNPUBLISHED
BATCH-037,10,BOOK-5,P15,657,KN-B4-P15-028,残留映射,MANUSCRIPT_CORPUS_NOT_AVAILABLE_IN_CURRENT_INPUT,UNPUBLISHED
BATCH-037,11,BOOK-5,P15,658,KN-B4-P15-029,个体记忆,MANUSCRIPT_CORPUS_NOT_AVAILABLE_IN_CURRENT_INPUT,UNPUBLISHED
BATCH-037,12,BOOK-5,P15,659,KN-B4-P15-030,集体记忆,MANUSCRIPT_CORPUS_NOT_AVAILABLE_IN_CURRENT_INPUT,UNPUBLISHED
BATCH-037,13,BOOK-5,P15,660,KN-B4-P15-031,运行档案,MANUSCRIPT_CORPUS_NOT_AVAILABLE_IN_CURRENT_INPUT,UNPUBLISHED
BATCH-037,14,BOOK-5,P15,661,KN-B4-P15-032,文明记忆,MANUSCRIPT_CORPUS_NOT_AVAILABLE_IN_CURRENT_INPUT,UNPUBLISHED
BATCH-037,15,BOOK-5,P15,662,KN-B4-P15-034,制度记忆,MANUSCRIPT_CORPUS_NOT_AVAILABLE_IN_CURRENT_INPUT,UNPUBLISHED
BATCH-037,16,BOOK-5,P15,663,KN-B4-P15-035,文化记忆,MANUSCRIPT_CORPUS_NOT_AVAILABLE_IN_CURRENT_INPUT,UNPUBLISHED
BATCH-037,17,BOOK-5,P15,664,KN-B4-P15-036,运行重建,MANUSCRIPT_CORPUS_NOT_AVAILABLE_IN_CURRENT_INPUT,UNPUBLISHED
BATCH-037,18,BOOK-5,P15,665,KN-B4-P15-037,生物连续性,MANUSCRIPT_CORPUS_NOT_AVAILABLE_IN_CURRENT_INPUT,UNPUBLISHED
BATCH-037,19,BOOK-5,P15,666,KN-B4-P15-038,关系连续性,MANUSCRIPT_CORPUS_NOT_AVAILABLE_IN_CURRENT_INPUT,UNPUBLISHED
BATCH-037,20,BOOK-5,P15,667,KN-B4-P15-039,文化连续性,MANUSCRIPT_CORPUS_NOT_AVAILABLE_IN_CURRENT_INPUT,UNPUBLISHED
BATCH-037,21,BOOK-5,P15,668,KN-B4-P15-040,信息连续性,MANUSCRIPT_CORPUS_NOT_AVAILABLE_IN_CURRENT_INPUT,UNPUBLISHED
BATCH-037,22,BOOK-5,P15,669,KN-B4-P15-041,结构连续性,MANUSCRIPT_CORPUS_NOT_AVAILABLE_IN_CURRENT_INPUT,UNPUBLISHED
BATCH-037,23,BOOK-5,P15,670,KN-B4-P15-042,代际传递,MANUSCRIPT_CORPUS_NOT_AVAILABLE_IN_CURRENT_INPUT,UNPUBLISHED
BATCH-037,24,BOOK-5,P15,671,KN-B4-P15-043,代际债务,MANUSCRIPT_CORPUS_NOT_AVAILABLE_IN_CURRENT_INPUT,UNPUBLISHED
BATCH-038,1,BOOK-5,P15,672,KN-B4-P15-044,运行迁移,MANUSCRIPT_CORPUS_NOT_AVAILABLE_IN_CURRENT_INPUT,UNPUBLISHED
BATCH-038,2,BOOK-5,P15,673,KN-B4-P15-045,Reality 如何迁移至新的载体,MANUSCRIPT_CORPUS_NOT_AVAILABLE_IN_CURRENT_INPUT,UNPUBLISHED
BATCH-038,3,BOOK-5,P15,674,KN-B4-P15-046,制度连续性,MANUSCRIPT_CORPUS_NOT_AVAILABLE_IN_CURRENT_INPUT,UNPUBLISHED
BATCH-038,4,BOOK-5,P15,675,KN-B4-P15-047,文明连续性,MANUSCRIPT_CORPUS_NOT_AVAILABLE_IN_CURRENT_INPUT,UNPUBLISHED
BATCH-038,5,BOOK-5,P15,676,KN-B4-P15-048,人工连续性,MANUSCRIPT_CORPUS_NOT_AVAILABLE_IN_CURRENT_INPUT,UNPUBLISHED
BATCH-038,6,BOOK-5,P15,677,KN-B4-P15-049,人工文明记忆,MANUSCRIPT_CORPUS_NOT_AVAILABLE_IN_CURRENT_INPUT,UNPUBLISHED
BATCH-038,7,BOOK-5,P15,678,KN-B4-P15-050,人机档案,MANUSCRIPT_CORPUS_NOT_AVAILABLE_IN_CURRENT_INPUT,UNPUBLISHED
BATCH-038,8,BOOK-5,P15,679,KN-B4-P15-051,人工运行连续性,MANUSCRIPT_CORPUS_NOT_AVAILABLE_IN_CURRENT_INPUT,UNPUBLISHED
BATCH-038,9,BOOK-5,P15,680,KN-B4-P15-052,文明向未来携带自身,MANUSCRIPT_CORPUS_NOT_AVAILABLE_IN_CURRENT_INPUT,UNPUBLISHED
BATCH-038,10,BOOK-5,P15,681,KN-B4-P15-053,超越载体,MANUSCRIPT_CORPUS_NOT_AVAILABLE_IN_CURRENT_INPUT,UNPUBLISHED
BATCH-038,11,BOOK-5,P15,682,KN-B4-P15-054,后生物运行,MANUSCRIPT_CORPUS_NOT_AVAILABLE_IN_CURRENT_INPUT,UNPUBLISHED
BATCH-038,12,BOOK-5,P15,683,KN-B4-P15-055,超越人类 Reality,MANUSCRIPT_CORPUS_NOT_AVAILABLE_IN_CURRENT_INPUT,UNPUBLISHED
BATCH-038,13,BOOK-5,P15,684,KN-B4-P15-056,Reality 是否需要人类,MANUSCRIPT_CORPUS_NOT_AVAILABLE_IN_CURRENT_INPUT,UNPUBLISHED
BATCH-038,14,BOOK-5,P15,685,KN-B4-P15-058,Reality 从未停止,MANUSCRIPT_CORPUS_NOT_AVAILABLE_IN_CURRENT_INPUT,UNPUBLISHED
BATCH-038,15,BOOK-5,P15,686,KN-B4-P15-059,稳定先于意义,MANUSCRIPT_CORPUS_NOT_AVAILABLE_IN_CURRENT_INPUT,UNPUBLISHED
BATCH-038,16,BOOK-5,P15,687,KN-B4-P15-060,结束只是组织形式的结束,MANUSCRIPT_CORPUS_NOT_AVAILABLE_IN_CURRENT_INPUT,UNPUBLISHED
BATCH-038,17,BOOK-5,P15,688,KN-B4-P15-061,连续性超越形式,MANUSCRIPT_CORPUS_NOT_AVAILABLE_IN_CURRENT_INPUT,UNPUBLISHED
BATCH-038,18,BOOK-5,P15,689,KN-B4-P15-062,未来 Runtime,MANUSCRIPT_CORPUS_NOT_AVAILABLE_IN_CURRENT_INPUT,UNPUBLISHED
BATCH-038,19,BOOK-5,P15,690,KN-B4-P15-063,PHI OS 连续性原理,MANUSCRIPT_CORPUS_NOT_AVAILABLE_IN_CURRENT_INPUT,UNPUBLISHED
BATCH-038,20,BOOK-5,P15,691,KN-B4-P15-064,Reality 如何持续演化,MANUSCRIPT_CORPUS_NOT_AVAILABLE_IN_CURRENT_INPUT,UNPUBLISHED
BATCH-038,21,BOOK-5,P15,692,KN-B4-P15-065,Runtime 如何持续演化,MANUSCRIPT_CORPUS_NOT_AVAILABLE_IN_CURRENT_INPUT,UNPUBLISHED
BATCH-038,22,BOOK-5,P15,693,KN-B4-P15-066,文明如何持续演化,MANUSCRIPT_CORPUS_NOT_AVAILABLE_IN_CURRENT_INPUT,UNPUBLISHED
BATCH-038,23,BOOK-5,P15,694,KN-B4-P15-067,Reading 永远不会结束,MANUSCRIPT_CORPUS_NOT_AVAILABLE_IN_CURRENT_INPUT,UNPUBLISHED
BATCH-038,24,BOOK-5,P15,695,KN-B4-P15-068,Navigation 永远不会结束,MANUSCRIPT_CORPUS_NOT_AVAILABLE_IN_CURRENT_INPUT,UNPUBLISHED
BATCH-039,1,BOOK-5,P15,696,KN-B4-P15-069,Reality 永远不会结束,MANUSCRIPT_CORPUS_NOT_AVAILABLE_IN_CURRENT_INPUT,UNPUBLISHED
BATCH-039,2,BOOK-5,P15,697,KN-B4-P15-070,PHI OS 为什么存在,MANUSCRIPT_CORPUS_NOT_AVAILABLE_IN_CURRENT_INPUT,UNPUBLISHED
BATCH-039,3,BOOK-5,P15,698,KN-B4-P15-071,世界将如何继续,MANUSCRIPT_CORPUS_NOT_AVAILABLE_IN_CURRENT_INPUT,UNPUBLISHED
BATCH-039,4,BOOK-5,P13,810,KN-B5-P13-076,证据来源,MANUSCRIPT_CORPUS_NOT_AVAILABLE_IN_CURRENT_INPUT,UNPUBLISHED
BATCH-039,5,BOOK-5,P13,811,KN-B5-P13-077,投影来源,MANUSCRIPT_CORPUS_NOT_AVAILABLE_IN_CURRENT_INPUT,UNPUBLISHED
BATCH-039,6,BOOK-5,P13,812,KN-B5-P13-078,投影尺度,MANUSCRIPT_CORPUS_NOT_AVAILABLE_IN_CURRENT_INPUT,UNPUBLISHED
BATCH-039,7,BOOK-5,P13,813,KN-B5-P13-079,读取对象,MANUSCRIPT_CORPUS_NOT_AVAILABLE_IN_CURRENT_INPUT,UNPUBLISHED
BATCH-039,8,BOOK-5,P13,814,KN-B5-P13-080,读取尺度,MANUSCRIPT_CORPUS_NOT_AVAILABLE_IN_CURRENT_INPUT,UNPUBLISHED
BATCH-039,9,BOOK-5,P13,815,KN-B5-P13-081,投影进入读取,MANUSCRIPT_CORPUS_NOT_AVAILABLE_IN_CURRENT_INPUT,UNPUBLISHED
BATCH-039,10,BOOK-5,P13,816,KN-B5-P13-082,读取一致性,MANUSCRIPT_CORPUS_NOT_AVAILABLE_IN_CURRENT_INPUT,UNPUBLISHED
BATCH-039,11,BOOK-5,P13,817,KN-B5-P13-083,读取版本,MANUSCRIPT_CORPUS_NOT_AVAILABLE_IN_CURRENT_INPUT,UNPUBLISHED
BATCH-039,12,BOOK-5,P13,818,KN-B5-P13-084,解释比较,MANUSCRIPT_CORPUS_NOT_AVAILABLE_IN_CURRENT_INPUT,UNPUBLISHED
BATCH-039,13,BOOK-5,P13,819,KN-B5-P13-085,投影治理,MANUSCRIPT_CORPUS_NOT_AVAILABLE_IN_CURRENT_INPUT,UNPUBLISHED
BATCH-039,14,BOOK-5,P13,820,KN-B5-P13-086,读取作为重建,MANUSCRIPT_CORPUS_NOT_AVAILABLE_IN_CURRENT_INPUT,UNPUBLISHED
BATCH-039,15,BOOK-5,P13,821,KN-B5-P13-087,读取作为参与,MANUSCRIPT_CORPUS_NOT_AVAILABLE_IN_CURRENT_INPUT,UNPUBLISHED
BATCH-039,16,BOOK-5,P13,822,KN-B5-P13-088,读取作为影响,MANUSCRIPT_CORPUS_NOT_AVAILABLE_IN_CURRENT_INPUT,UNPUBLISHED
BATCH-039,17,BOOK-5,P13,823,KN-B5-P13-089,读取与决定,MANUSCRIPT_CORPUS_NOT_AVAILABLE_IN_CURRENT_INPUT,UNPUBLISHED
BATCH-039,18,BOOK-5,P14,824,KN-B5-P14-053,压力诊断,MANUSCRIPT_CORPUS_NOT_AVAILABLE_IN_CURRENT_INPUT,UNPUBLISHED
BATCH-039,19,BOOK-5,P14,825,KN-B5-P14-054,漂移诊断,MANUSCRIPT_CORPUS_NOT_AVAILABLE_IN_CURRENT_INPUT,UNPUBLISHED
BATCH-039,20,BOOK-5,P14,826,KN-B5-P14-055,碎裂诊断,MANUSCRIPT_CORPUS_NOT_AVAILABLE_IN_CURRENT_INPUT,UNPUBLISHED
BATCH-039,21,BOOK-5,P14,827,KN-B5-P14-056,饱和诊断,MANUSCRIPT_CORPUS_NOT_AVAILABLE_IN_CURRENT_INPUT,UNPUBLISHED
BATCH-039,22,BOOK-5,P14,828,KN-B5-P14-057,停滞诊断,MANUSCRIPT_CORPUS_NOT_AVAILABLE_IN_CURRENT_INPUT,UNPUBLISHED
BATCH-039,23,BOOK-5,P14,829,KN-B5-P14-058,结构失配诊断,MANUSCRIPT_CORPUS_NOT_AVAILABLE_IN_CURRENT_INPUT,UNPUBLISHED
BATCH-039,24,BOOK-5,P14,830,KN-B5-P14-059,方向边界,MANUSCRIPT_CORPUS_NOT_AVAILABLE_IN_CURRENT_INPUT,UNPUBLISHED
BATCH-040,1,BOOK-5,P14,831,KN-B5-P14-060,路径形成,MANUSCRIPT_CORPUS_NOT_AVAILABLE_IN_CURRENT_INPUT,UNPUBLISHED
BATCH-040,2,BOOK-5,P14,832,KN-B5-P14-061,最小改变路径,MANUSCRIPT_CORPUS_NOT_AVAILABLE_IN_CURRENT_INPUT,UNPUBLISHED
BATCH-040,3,BOOK-5,P14,833,KN-B5-P14-062,结构调整路径,MANUSCRIPT_CORPUS_NOT_AVAILABLE_IN_CURRENT_INPUT,UNPUBLISHED
BATCH-040,4,BOOK-5,P14,834,KN-B5-P14-063,路径依赖,MANUSCRIPT_CORPUS_NOT_AVAILABLE_IN_CURRENT_INPUT,UNPUBLISHED
BATCH-040,5,BOOK-5,P14,835,KN-B5-P14-064,路径可逆性,MANUSCRIPT_CORPUS_NOT_AVAILABLE_IN_CURRENT_INPUT,UNPUBLISHED
BATCH-040,6,BOOK-5,P14,836,KN-B5-P14-065,风险与机会,MANUSCRIPT_CORPUS_NOT_AVAILABLE_IN_CURRENT_INPUT,UNPUBLISHED
BATCH-040,7,BOOK-5,P14,837,KN-B5-P14-066,决定窗口,MANUSCRIPT_CORPUS_NOT_AVAILABLE_IN_CURRENT_INPUT,UNPUBLISHED
BATCH-040,8,BOOK-5,P14,838,KN-B5-P14-067,适应性决定,MANUSCRIPT_CORPUS_NOT_AVAILABLE_IN_CURRENT_INPUT,UNPUBLISHED
BATCH-040,9,BOOK-5,P14,839,KN-B5-P14-068,决定边界,MANUSCRIPT_CORPUS_NOT_AVAILABLE_IN_CURRENT_INPUT,UNPUBLISHED
BATCH-040,10,BOOK-5,P14,840,KN-B5-P14-069,行动尺度,MANUSCRIPT_CORPUS_NOT_AVAILABLE_IN_CURRENT_INPUT,UNPUBLISHED
BATCH-040,11,BOOK-5,P14,841,KN-B5-P14-070,行动顺序,MANUSCRIPT_CORPUS_NOT_AVAILABLE_IN_CURRENT_INPUT,UNPUBLISHED
BATCH-040,12,BOOK-5,P14,842,KN-B5-P14-071,行动资源,MANUSCRIPT_CORPUS_NOT_AVAILABLE_IN_CURRENT_INPUT,UNPUBLISHED
BATCH-040,13,BOOK-5,P14,843,KN-B5-P14-072,行动权限,MANUSCRIPT_CORPUS_NOT_AVAILABLE_IN_CURRENT_INPUT,UNPUBLISHED
BATCH-040,14,BOOK-5,P14,844,KN-B5-P14-073,结构行动,MANUSCRIPT_CORPUS_NOT_AVAILABLE_IN_CURRENT_INPUT,UNPUBLISHED
BATCH-040,15,BOOK-5,P14,845,KN-B5-P14-074,多运行行动,MANUSCRIPT_CORPUS_NOT_AVAILABLE_IN_CURRENT_INPUT,UNPUBLISHED
BATCH-040,16,BOOK-5,P14,846,KN-B5-P14-075,行动停止条件,MANUSCRIPT_CORPUS_NOT_AVAILABLE_IN_CURRENT_INPUT,UNPUBLISHED
BATCH-040,17,BOOK-5,P14,847,KN-B5-P14-076,专业诊断,MANUSCRIPT_CORPUS_NOT_AVAILABLE_IN_CURRENT_INPUT,UNPUBLISHED
BATCH-040,18,BOOK-5,P14,848,KN-B5-P14-077,跨专业协作,MANUSCRIPT_CORPUS_NOT_AVAILABLE_IN_CURRENT_INPUT,UNPUBLISHED
BATCH-040,19,BOOK-5,P14,849,KN-B5-P14-078,预期结果,MANUSCRIPT_CORPUS_NOT_AVAILABLE_IN_CURRENT_INPUT,UNPUBLISHED
BATCH-040,20,BOOK-5,P14,850,KN-B5-P14-079,非预期结果,MANUSCRIPT_CORPUS_NOT_AVAILABLE_IN_CURRENT_INPUT,UNPUBLISHED
BATCH-040,21,BOOK-5,P14,851,KN-B5-P14-080,结果延迟,MANUSCRIPT_CORPUS_NOT_AVAILABLE_IN_CURRENT_INPUT,UNPUBLISHED
BATCH-040,22,BOOK-5,P14,852,KN-B5-P14-081,结果冲突,MANUSCRIPT_CORPUS_NOT_AVAILABLE_IN_CURRENT_INPUT,UNPUBLISHED
BATCH-040,23,BOOK-5,P14,853,KN-B5-P14-082,下一运行条件,MANUSCRIPT_CORPUS_NOT_AVAILABLE_IN_CURRENT_INPUT,UNPUBLISHED
BATCH-040,24,BOOK-5,P15,854,KN-B5-P15-072,闭合条件,MANUSCRIPT_CORPUS_NOT_AVAILABLE_IN_CURRENT_INPUT,UNPUBLISHED
BATCH-041,1,BOOK-5,P15,855,KN-B5-P15-073,收束出现,MANUSCRIPT_CORPUS_NOT_AVAILABLE_IN_CURRENT_INPUT,UNPUBLISHED
BATCH-041,2,BOOK-5,P15,856,KN-B5-P15-074,未完成状态,MANUSCRIPT_CORPUS_NOT_AVAILABLE_IN_CURRENT_INPUT,UNPUBLISHED
BATCH-041,3,BOOK-5,P15,857,KN-B5-P15-075,责任归位,MANUSCRIPT_CORPUS_NOT_AVAILABLE_IN_CURRENT_INPUT,UNPUBLISHED
BATCH-041,4,BOOK-5,P15,858,KN-B5-P15-076,未解决运行,MANUSCRIPT_CORPUS_NOT_AVAILABLE_IN_CURRENT_INPUT,UNPUBLISHED
BATCH-041,5,BOOK-5,P15,859,KN-B5-P15-077,遗留责任,MANUSCRIPT_CORPUS_NOT_AVAILABLE_IN_CURRENT_INPUT,UNPUBLISHED
BATCH-041,6,BOOK-5,P15,860,KN-B5-P15-078,收束边界,MANUSCRIPT_CORPUS_NOT_AVAILABLE_IN_CURRENT_INPUT,UNPUBLISHED
BATCH-041,7,BOOK-5,P15,861,KN-B5-P15-079,现实残留,MANUSCRIPT_CORPUS_NOT_AVAILABLE_IN_CURRENT_INPUT,UNPUBLISHED
BATCH-041,8,BOOK-5,P15,862,KN-B5-P15-080,关系残留,MANUSCRIPT_CORPUS_NOT_AVAILABLE_IN_CURRENT_INPUT,UNPUBLISHED
BATCH-041,9,BOOK-5,P15,863,KN-B5-P15-081,制度残留,MANUSCRIPT_CORPUS_NOT_AVAILABLE_IN_CURRENT_INPUT,UNPUBLISHED
BATCH-041,10,BOOK-5,P15,864,KN-B5-P15-082,金融残留,MANUSCRIPT_CORPUS_NOT_AVAILABLE_IN_CURRENT_INPUT,UNPUBLISHED
BATCH-041,11,BOOK-5,P15,865,KN-B5-P15-083,残留负载,MANUSCRIPT_CORPUS_NOT_AVAILABLE_IN_CURRENT_INPUT,UNPUBLISHED
BATCH-041,12,BOOK-5,P15,866,KN-B5-P15-084,运行记忆,MANUSCRIPT_CORPUS_NOT_AVAILABLE_IN_CURRENT_INPUT,UNPUBLISHED
BATCH-041,13,BOOK-5,P15,867,KN-B5-P15-085,关系记忆,MANUSCRIPT_CORPUS_NOT_AVAILABLE_IN_CURRENT_INPUT,UNPUBLISHED
BATCH-041,14,BOOK-5,P15,868,KN-B5-P15-086,人工记忆,MANUSCRIPT_CORPUS_NOT_AVAILABLE_IN_CURRENT_INPUT,UNPUBLISHED
BATCH-041,15,BOOK-5,P15,869,KN-B5-P15-087,记忆压缩,MANUSCRIPT_CORPUS_NOT_AVAILABLE_IN_CURRENT_INPUT,UNPUBLISHED
BATCH-041,16,BOOK-5,P15,870,KN-B5-P15-088,记忆失真,MANUSCRIPT_CORPUS_NOT_AVAILABLE_IN_CURRENT_INPUT,UNPUBLISHED
BATCH-041,17,BOOK-5,P15,871,KN-B5-P15-089,记忆边界,MANUSCRIPT_CORPUS_NOT_AVAILABLE_IN_CURRENT_INPUT,UNPUBLISHED
BATCH-041,18,BOOK-5,P15,872,KN-B5-P15-090,承接出现,MANUSCRIPT_CORPUS_NOT_AVAILABLE_IN_CURRENT_INPUT,UNPUBLISHED
BATCH-041,19,BOOK-5,P15,873,KN-B5-P15-091,信息承接,MANUSCRIPT_CORPUS_NOT_AVAILABLE_IN_CURRENT_INPUT,UNPUBLISHED
BATCH-041,20,BOOK-5,P15,874,KN-B5-P15-092,结构承接,MANUSCRIPT_CORPUS_NOT_AVAILABLE_IN_CURRENT_INPUT,UNPUBLISHED
BATCH-041,21,BOOK-5,P15,875,KN-B5-P15-093,关系承接,MANUSCRIPT_CORPUS_NOT_AVAILABLE_IN_CURRENT_INPUT,UNPUBLISHED
BATCH-041,22,BOOK-5,P15,876,KN-B5-P15-094,生物承接,MANUSCRIPT_CORPUS_NOT_AVAILABLE_IN_CURRENT_INPUT,UNPUBLISHED
BATCH-041,23,BOOK-5,P15,877,KN-B5-P15-095,文化承接,MANUSCRIPT_CORPUS_NOT_AVAILABLE_IN_CURRENT_INPUT,UNPUBLISHED
BATCH-041,24,BOOK-5,P15,878,KN-B5-P15-096,技术承接,MANUSCRIPT_CORPUS_NOT_AVAILABLE_IN_CURRENT_INPUT,UNPUBLISHED
BATCH-042,1,BOOK-5,P15,879,KN-B5-P15-097,制度承接,MANUSCRIPT_CORPUS_NOT_AVAILABLE_IN_CURRENT_INPUT,UNPUBLISHED
BATCH-042,2,BOOK-5,P15,880,KN-B5-P15-098,代际资产,MANUSCRIPT_CORPUS_NOT_AVAILABLE_IN_CURRENT_INPUT,UNPUBLISHED
BATCH-042,3,BOOK-5,P15,881,KN-B5-P15-099,选择性承接,MANUSCRIPT_CORPUS_NOT_AVAILABLE_IN_CURRENT_INPUT,UNPUBLISHED
BATCH-042,4,BOOK-5,P15,882,KN-B5-P15-100,迁移变形,MANUSCRIPT_CORPUS_NOT_AVAILABLE_IN_CURRENT_INPUT,UNPUBLISHED
BATCH-042,5,BOOK-5,P15,883,KN-B5-P15-101,继任运行,MANUSCRIPT_CORPUS_NOT_AVAILABLE_IN_CURRENT_INPUT,UNPUBLISHED
BATCH-042,6,BOOK-5,P15,884,KN-B5-P15-102,继任身份,MANUSCRIPT_CORPUS_NOT_AVAILABLE_IN_CURRENT_INPUT,UNPUBLISHED
BATCH-042,7,BOOK-5,P15,885,KN-B5-P15-103,多重继任,MANUSCRIPT_CORPUS_NOT_AVAILABLE_IN_CURRENT_INPUT,UNPUBLISHED
BATCH-042,8,BOOK-5,P15,886,KN-B5-P15-104,断裂继任,MANUSCRIPT_CORPUS_NOT_AVAILABLE_IN_CURRENT_INPUT,UNPUBLISHED
BATCH-042,9,BOOK-5,P15,887,KN-B5-P15-105,人机承接,MANUSCRIPT_CORPUS_NOT_AVAILABLE_IN_CURRENT_INPUT,UNPUBLISHED
BATCH-042,10,BOOK-5,P15,888,KN-B5-P15-106,继任边界,MANUSCRIPT_CORPUS_NOT_AVAILABLE_IN_CURRENT_INPUT,UNPUBLISHED
BATCH-042,11,BOOK-5,P15,889,KN-B5-P15-107,文明承接,MANUSCRIPT_CORPUS_NOT_AVAILABLE_IN_CURRENT_INPUT,UNPUBLISHED
BATCH-042,12,BOOK-5,P15,890,KN-B5-P15-108,制度承接,MANUSCRIPT_CORPUS_NOT_AVAILABLE_IN_CURRENT_INPUT,UNPUBLISHED
BATCH-042,13,BOOK-5,P15,891,KN-B5-P15-109,知识承接,MANUSCRIPT_CORPUS_NOT_AVAILABLE_IN_CURRENT_INPUT,UNPUBLISHED
BATCH-042,14,BOOK-5,P15,892,KN-B5-P15-110,文化承接,MANUSCRIPT_CORPUS_NOT_AVAILABLE_IN_CURRENT_INPUT,UNPUBLISHED
BATCH-042,15,BOOK-5,P15,893,KN-B5-P15-111,基础设施承接,MANUSCRIPT_CORPUS_NOT_AVAILABLE_IN_CURRENT_INPUT,UNPUBLISHED
BATCH-042,16,BOOK-5,P15,894,KN-B5-P15-112,文明遗产,MANUSCRIPT_CORPUS_NOT_AVAILABLE_IN_CURRENT_INPUT,UNPUBLISHED
BATCH-042,17,BOOK-5,P15,895,KN-B5-P15-113,文明继任,MANUSCRIPT_CORPUS_NOT_AVAILABLE_IN_CURRENT_INPUT,UNPUBLISHED
BATCH-042,18,BOOK-5,P15,896,KN-B5-P15-114,文明混合继任,MANUSCRIPT_CORPUS_NOT_AVAILABLE_IN_CURRENT_INPUT,UNPUBLISHED
BATCH-042,19,BOOK-5,P15,897,KN-B5-P15-115,人机文明档案,MANUSCRIPT_CORPUS_NOT_AVAILABLE_IN_CURRENT_INPUT,UNPUBLISHED
BATCH-042,20,BOOK-5,P15,898,KN-B5-P15-116,文明承接边界,MANUSCRIPT_CORPUS_NOT_AVAILABLE_IN_CURRENT_INPUT,UNPUBLISHED
BATCH-042,21,BOOK-5,P15,899,KN-B5-P15-117,下一运行条件,MANUSCRIPT_CORPUS_NOT_AVAILABLE_IN_CURRENT_INPUT,UNPUBLISHED
BATCH-042,22,BOOK-5,P15,900,KN-B5-P15-118,初始条件继承,MANUSCRIPT_CORPUS_NOT_AVAILABLE_IN_CURRENT_INPUT,UNPUBLISHED
BATCH-042,23,BOOK-5,P15,901,KN-B5-P15-119,继承与新生,MANUSCRIPT_CORPUS_NOT_AVAILABLE_IN_CURRENT_INPUT,UNPUBLISHED
BATCH-042,24,BOOK-5,P15,902,KN-B5-P15-120,新结构形成,MANUSCRIPT_CORPUS_NOT_AVAILABLE_IN_CURRENT_INPUT,UNPUBLISHED
BATCH-043,1,BOOK-5,P15,903,KN-B5-P15-121,新场域形成,MANUSCRIPT_CORPUS_NOT_AVAILABLE_IN_CURRENT_INPUT,UNPUBLISHED
BATCH-043,2,BOOK-5,P15,904,KN-B5-P15-122,重新激活,MANUSCRIPT_CORPUS_NOT_AVAILABLE_IN_CURRENT_INPUT,UNPUBLISHED
BATCH-043,3,BOOK-5,P15,905,KN-B5-P15-123,继任与涌现,MANUSCRIPT_CORPUS_NOT_AVAILABLE_IN_CURRENT_INPUT,UNPUBLISHED
BATCH-043,4,BOOK-5,P15,906,KN-B5-P15-124,过去进入未来,MANUSCRIPT_CORPUS_NOT_AVAILABLE_IN_CURRENT_INPUT,UNPUBLISHED
BATCH-043,5,BOOK-5,P15,907,KN-B5-P15-125,未来作为可能空间,MANUSCRIPT_CORPUS_NOT_AVAILABLE_IN_CURRENT_INPUT,UNPUBLISHED
BATCH-043,6,BOOK-5,P15,908,KN-B5-P15-126,读取仍然继续,MANUSCRIPT_CORPUS_NOT_AVAILABLE_IN_CURRENT_INPUT,UNPUBLISHED
BATCH-043,7,BOOK-5,P15,909,KN-B5-P15-127,导航仍然继续,MANUSCRIPT_CORPUS_NOT_AVAILABLE_IN_CURRENT_INPUT,UNPUBLISHED
BATCH-043,8,BOOK-5,P15,910,KN-B5-P15-128,责任跨越现在,MANUSCRIPT_CORPUS_NOT_AVAILABLE_IN_CURRENT_INPUT,UNPUBLISHED
BATCH-043,9,BOOK-5,P15,911,KN-B5-P15-129,下一现实,MANUSCRIPT_CORPUS_NOT_AVAILABLE_IN_CURRENT_INPUT,UNPUBLISHED
BATCH-043,10,BOOK-5,P15,912,KN-B5-P15-130,形成重新开始,MANUSCRIPT_CORPUS_NOT_AVAILABLE_IN_CURRENT_INPUT,UNPUBLISHED
BATCH-043,11,BOOK-5,P15,913,KN-B5-P15-131,最终问题,MANUSCRIPT_CORPUS_NOT_AVAILABLE_IN_CURRENT_INPUT,UNPUBLISHED
