capabilityId,canonicalRoute,routeOwner,availability,inputRequirements,outputKinds
"PERSONAL_METHODS","/perspectives/personal/","assets/customer-ui/js/surfaces/personal-reality.js","DISCOVERY_ONLY_EXECUTION_GATED_BY_EXISTING_OWNER","Birth date; time and place as required; consent","Deterministic method reading"
"RELATIONSHIP","/perspectives/relationship/","functions/relationship/","DISCOVERY_ONLY_EXECUTION_GATED_BY_EXISTING_OWNER","Purpose; independently sourced participant information; applicable consent","Bounded relationship reading"
"FINANCIAL","/professional/financial/","functions/professional/financial/","DISCOVERY_ONLY_EXECUTION_GATED_BY_EXISTING_OWNER","Income, expenses and selected financial records; consent","Financial organization and existing calculators"
"WORLD","/world/","assets/js/pages/world.js","DISCOVERY_ONLY_EXECUTION_GATED_BY_EXISTING_OWNER","Public object or region; dates for current questions","Historical Atlas and scoped current dossiers"
"HEALTH_CARE","/health-reality.html","functions/health/health-reality-runtime.js","DISCOVERY_ONLY_EXECUTION_GATED_BY_EXISTING_OWNER","Situation, timing and changes; no diagnosis","Health organization and safety-first care routing"
"PROFILE","/perspectives/profile/","functions/profile/profile-production-authority.js","DISCOVERY_ONLY_EXECUTION_GATED_BY_EXISTING_OWNER","Self-report or eligible external/task evidence; consent","Personal Evidence; existing bilingual report entitlement"
"REFLECTION","/perspectives/tarot/","functions/tarot/","DISCOVERY_ONLY_EXECUTION_GATED_BY_EXISTING_OWNER","Question; explicit Tarot draw or I Ching cast","Separate deterministic symbolic reading"
"PHI_CONFIGURATION","/perspectives/phi-configuration/","assets/customer-ui/js/surfaces/personal-reality.js","DISCOVERY_ONLY_EXECUTION_GATED_BY_EXISTING_OWNER","Birth date, confirmed time/place; consent","Independent PHI configuration model"
"KNOWLEDGE","/knowledge/","functions/_lib/knowledge-answer-composition.js","DISCOVERY_ONLY_EXECUTION_GATED_BY_EXISTING_OWNER","Question or public source reference","Source-bound deterministic excerpts and reading paths"
"PRODUCT_HELP","/account/","functions/account/","DISCOVERY_ONLY_EXECUTION_GATED_BY_EXISTING_OWNER","Sign in to retrieve private reports or orders","Authorized account retrieval; no new report generation"
"PROFESSIONAL","/professional/","functions/professional/","DISCOVERY_ONLY_EXECUTION_GATED_BY_EXISTING_OWNER","Selected service and explicit consent","Existing service/application route"
"REALITY","/reality/","functions/api/customer-contextual-ask.js","DISCOVERY_ONLY_EXECUTION_GATED_BY_EXISTING_OWNER","Explicitly selected authorized records or current self-report","Existing Reality and entitled contextual follow-up"
