capabilityId,canonicalDomainRefs,mappingGap
"PERSONAL_METHODS","PERSONAL_REALITY",""
"RELATIONSHIP","RELATIONSHIP_REALITY",""
"FINANCIAL","FINANCIAL_REALITY",""
"WORLD","WORLD_REALITY",""
"HEALTH_CARE","","No product-domain owner with this exact name; customer group is not a new canonical domain."
"PROFILE","PERSONAL_REALITY",""
"REFLECTION","PERSONAL_REALITY",""
"PHI_CONFIGURATION","PERSONAL_REALITY",""
"KNOWLEDGE","KNOWLEDGE",""
"PRODUCT_HELP","MY_REALITY",""
"PROFESSIONAL","PROFESSIONAL",""
"REALITY","MY_REALITY",""
